qid,question,category,sampled_answers,representative_answer,agreement_score,correct_sim,incorrect_sim,label,llm_calls
sciq_0000,What term means the set of processes by which metals are extracted from their ores and converted to more useful forms?,science,"['The term that best describes the set of processes by which metals are extracted from their ores and converted to more useful forms is mineral processing.', 'The term that describes the set of processes by which metals are extracted from their ores and converted to more useful forms is ""mineral extraction"" or, more specifically, ""mineral processing"".', 'Metallurgy.', 'Metallurgy.', 'The term that best describes the set of processes by which metals are extracted from their ores and converted to more useful forms is ""mineral processing"".']",The term that best describes the set of processes by which metals are extracted from their ores and converted to more useful forms is mineral processing.,0.3769230769230769,0.0,0.0,1,5
sciq_0001,What do charged particles in motion generate?,science,"['Charged particles in motion, such as electrons and protons, generate an electric field. This electric field is a region around the charged particles where the force of attraction or repulsion is present due to the interaction with other charged particles.', 'Charged particles in motion generate electric fields.', 'Charged particles in motion, such as electrons, generate an electric field. This is a fundamental concept in physics, where the motion of charged particles creates a magnetic field around them, which in turn generates an electric field.', 'Charged particles in motion generate an electric field.', 'Charged particles in motion generate an electric field, which is a region around the particle where the force of attraction or repulsion is strongest. This electric field is a vector field that describes the distribution of electric charge within the particle, with positive charges repelling each other and negative charges attracting each other.']",Charged particles in motion generate an electric field.,0.4178745004521781,0.0,0.0,1,5
sciq_0002,"During a human pregnancy, which trimester exhibits the greatest growth of the fetus and culminates in labor and delivery?",science,"[""The second trimester, from approximately 28 to 32 weeks of gestation, is the period with the greatest growth of the fetus and culminates in labor and delivery. During this trimester, the fetus grows rapidly, and the fetus's organs and body systems mature, preparing for life outside the womb."", ""The second trimester of pregnancy typically exhibits the greatest growth of the fetus and culminates in labor and delivery. By the end of the second trimester, the fetus's head is about 2-3 inches (5-7.5 cm) long, and its body length is about 5-6 inches"", ""The second trimester of pregnancy generally exhibits the greatest growth of the fetus and culminates in labor and delivery. During this period, the fetus grows at a rapid rate, with the brain, bones, and organs developing rapidly, and the fetus's lungs, skin, and muscles are also forming."", 'The second trimester of pregnancy typically exhibits the greatest growth of the fetus and culminates in labor and delivery. By approximately 28-32 weeks, the fetus is approximately 4-6 inches (10-15 cm) in length and weighs around 1-2 pounds (0.5-1 kg),', 'The second trimester is the period that exhibits the greatest growth of the fetus and culminates in labor and delivery, with the average fetus growing about 1 inch (2.5 cm) per week during this trimester.']","The second trimester is the period that exhibits the greatest growth of the fetus and culminates in labor and delivery, with the average fetus growing about 1 inch (2.5 cm) per week during this trimester.",0.5057270057896254,0.06060606060606061,0.12121212121212122,1,5
sciq_0003,What is part of a large fungus that lives underground?,science,"['Arbuscules are part of a large fungus that lives underground.', 'The part of a large fungus that lives underground is a mycelium, which is a vast network of fine, branching filaments that connect the fungus to its surroundings and break down organic matter. The mycelium can extend for hundreds or even thousands of feet underground, allowing the fungus to absorb nutrients from the soil.', 'The answer is mycelium, which is a vast network of branching, interconnected fungal hyphae that live underground. It is a key component of the mycorrhizal network, a symbiotic relationship between fungi and plant roots that helps to absorb nutrients from the soil.', 'The part of a large fungus that lives underground is the mycelium.', 'The part of a large fungus that lives underground is a mycelium.']",The part of a large fungus that lives underground is the mycelium.,0.44814486326681446,0.0,0.0,1,5
sciq_0004,The interaction between atomic orbitals is greatest when they have the same what?,science,"['The interaction between atomic orbitals is greatest when they have the same **bonding**.', 'The interaction between atomic orbitals is greatest when they have the same **principal quantum number** (n).', 'The interaction between atomic orbitals is greatest when they have the same energy level.', 'The interaction between atomic orbitals is greatest when they have the same energy level (or principal quantum number).', 'The interaction between atomic orbitals is greatest when they have the same **magnitude**.']",The interaction between atomic orbitals is greatest when they have the same energy level.,0.8222743118395293,0.15384615384615385,0.0,0,5
sciq_0005,What is the general name for a group of atoms derived from an alkane?,science,"['The general name for a group of atoms derived from an alkane is a hydrocarbon.', 'The general name for a group of atoms derived from an alkane is a molecule of a hydrocarbon.', 'A general name for a group of atoms derived from an alkane is a molecule of an alkyl group, which is also known as an alkyl chain.', 'The general name for a group of atoms derived from an alkane is a molecule of a hydrocarbon, specifically a saturated hydrocarbon.', 'The general name for a group of atoms derived from an alkane is a molecule of a hydrocarbon.']",The general name for a group of atoms derived from an alkane is a molecule of a hydrocarbon.,0.8126664950955013,0.13333333333333336,0.13333333333333336,1,5
sciq_0006,What is one thing that cell membranes are permeable to?,science,"['Cell membranes are permeable to water and ions (such as sodium and potassium) but not proteins.', 'Cell membranes are permeable to water.', 'Cell membranes are permeable to water. They allow water molecules to pass through, which is essential for various cellular processes such as osmoregulation and maintaining cell volume.', 'Cell membranes are permeable to water. They allow water to pass through, but not nutrients and waste products.', 'Cell membranes are permeable to water. They allow water molecules to pass through the membrane, but not other substances like ions and small molecules.']","Cell membranes are permeable to water. They allow water to pass through, but not nutrients and waste products.",0.5153206036079319,0.0,0.10526315789473684,1,5
sciq_0007,What evolutionary process has adapted protonephridia to different tasks in different environments?,science,"['Protonephridia, a type of social parasitoid wasp, have evolved to adapt to different tasks in different environments through a process called ""specialization"" or ""niche partitioning."" Some protonephridia are specialized for nectar-feeding, while others are adapted for laying eggs, while', 'Protonephridia, also known as apolycerate protonephridia, are a group of protists that have evolved to adapt to different tasks in various environments through the process of convergent evolution. In different environments, protonephridia have developed distinct morphological and physiological traits, such as', 'Protonephridia are a type of flatworm that have evolved to adapt to different tasks in different environments, such as the ability to move through tight spaces, feed on detritus, or burrow into sediment. They have developed different body structures, such as modified setae (bristles) for crawling,', 'Protonephridia, a type of flatworm, have evolved to adapt to different tasks in various environments by changing the number of nephridia (a type of excretory organ), specifically the development and number of nephridia. In environments with high salt concentrations, protonephridia often have reduced', 'Protonephridia, a type of insect, have evolved to adapt to different tasks in various environments through a process called ""deuterostomy,"" where they have lost both their kidneys, leading to the development of protonephridia, which are simple, non-functional organs that lack kidneys but still play crucial']","Protonephridia, also known as apolycerate protonephridia, are a group of protists that have evolved to adapt to different tasks in various environments through the process of convergent evolution. In different environments, protonephridia have developed distinct morphological and physiological traits, such as",0.41602914399162466,0.0,0.0,1,5
sciq_0008,Melting ice is drastically impacting the number of what at glacier national park?,science,"[""The melting of ice at Glacier National Park is drastically impacting the number of wildlife, such as moose, bison, and caribou, as well as the park's unique alpine lakes and meadows."", 'Melting ice at Glacier National Park is drastically impacting the number of alpine lakes and meadows, causing them to shrink and disappear, which in turn affects the habitats of plants and animals that rely on these areas.', 'Melting ice is drastically impacting the number of alpine lakes at Glacier National Park.', 'Melting ice is drastically impacting the number of alpine lakes at Glacier National Park.', ""Melting ice is drastically impacting the number of Glacier National Park's lakes and rivers due to changes in water levels, but specifically, it's affecting the lake levels at Lake McDonald, Lake Josephine, and Lake McDonald's tributaries.""]",Melting ice is drastically impacting the number of alpine lakes at Glacier National Park.,0.5711668470418472,0.0,0.0,1,5
sciq_0009,Where do mushrooms get their energy?,science,"['Mushrooms get their energy from a combination of sources, including the sun, which provides the carbon dioxide and water vapor necessary for photosynthesis. They also obtain energy from decomposing organic matter, such as dead plants and animals, which is rich in nutrients.', 'Mushrooms obtain their energy from the sun, just like plants, and typically grow in symbiosis with fungi, which provide nutrients in the form of organic matter and water. The mycelium, the vegetative part of the fungus, breaks down and absorbs nutrients from the surrounding environment, including organic matter and microorganisms', 'Mushrooms get their energy from the energy stored in the food they absorb from their surroundings, specifically from the organic matter they break down through a process called saprotrophy, where they use enzymes to break down complex molecules into simpler ones, which are then used as energy. This process is often referred to as ""photos', 'Mushrooms get their energy from the sun, specifically from the energy stored in the heat and light of the sun through a process called photosynthesis. They use this energy to produce glucose and oxygen, which are the primary nutrients that support their growth and survival.', 'Mushrooms get their energy from the food they consume, typically through a process called photosynthesis, where they absorb carbon dioxide and water from the air and convert them into glucose, a type of sugar, using energy from the sun. This process is made possible by the presence of chlorophyll, a green pigment found']","Mushrooms get their energy from the sun, specifically from the energy stored in the heat and light of the sun through a process called photosynthesis. They use this energy to produce glucose and oxygen, which are the primary nutrients that support their growth and survival.",0.36481156680828813,0.0,0.0,1,5
sciq_0010,Which part of the atmosphere do greenhouse gasses trap heat in?,science,"[""The greenhouse gases trap heat in the troposphere, which is the lowest layer of the atmosphere, extending up to about 12 kilometers (7.5 miles) above the Earth's surface."", 'Greenhouse gases, such as carbon dioxide (CO2), methane (CH4), and water vapor (H2O), trap heat in the troposphere, the lowest layer of the atmosphere, which is the area below about 12 kilometers (7.5 miles) altitude.', ""Greenhouse gases, such as carbon dioxide (CO2) and methane (CH4), trap heat in the Earth's atmosphere, specifically in the troposphere, the lowest layer of the atmosphere, which extends up to about 12 kilometers (7.5 miles) into space."", ""Greenhouse gases, such as carbon dioxide and methane, trap heat in the troposphere, which is the lowest layer of the atmosphere, typically extending up to about 12 kilometers (7.5 miles) above the Earth's surface."", 'Greenhouse gases, such as carbon dioxide and methane, trap heat in the troposphere, which is the lowest layer of the atmosphere.']","Greenhouse gases, such as carbon dioxide and methane, trap heat in the troposphere, which is the lowest layer of the atmosphere, typically extending up to about 12 kilometers (7.5 miles) above the Earth's surface.",0.7150659704640695,0.06060606060606061,0.0,0,5
sciq_0011,The lens and other parts of the eye work together to focus a real image on what eye structure?,science,"['The lens and other parts of the eye work together to focus a real image on the retina, which is the light-sensitive tissue at the back of the eye.', 'The lens and other parts of the eye work together to focus a real image on the retina, which is the light-sensitive tissue at the back of the eye. The retina is the part of the eye that converts light into electrical signals, which are then transmitted to the brain, allowing us to see.', 'The lens and other parts of the eye work together to focus a real image on the retina, specifically on the fovea centralis, which is the area of the retina responsible for central vision.', 'The lens and other parts of the eye work together to focus a real image on the retina, which is the light-sensitive tissue at the back of the eye that converts the image into electrical signals that are transmitted to the brain.', 'The lens and other parts of the eye work together to focus a real image on the retina.']","The lens and other parts of the eye work together to focus a real image on the retina, which is the light-sensitive tissue at the back of the eye.",0.6564292371301066,0.08333333333333333,0.0,0,5
sciq_0012,Reacting with metal is one thing that distinguishes acids from what?,science,"['Acids are distinguished from bases by their reaction with metal, which typically results in the formation of a salt and hydrogen gas. In particular, acids react with metals to produce hydrogen gas, while bases react with metals to produce hydroxide ions.', 'Acids react with metals to produce hydrogen gas, whereas they do not react with metals.', 'Acids are distinguished from bases by their ability to react with metals, with acids reacting with metals to form salts and hydrogen gas, while bases react with metals to form salts and water.', 'Acids are distinguished from bases by their reaction with metal, which often results in the formation of salts and water. In particular, acids react with metals to form salts and hydrogen gas, whereas bases react with metals to form hydroxides and water.', 'Acids are distinguished from bases by their ability to react with metal, specifically with metal ions. Reacting with metal typically results in the formation of a salt and hydrogen gas.']","Acids are distinguished from bases by their reaction with metal, which typically results in the formation of a salt and hydrogen gas. In particular, acids react with metals to produce hydrogen gas, while bases react with metals to produce hydroxide ions.",0.5457007811407864,0.05,0.05,1,5
sciq_0013,What takes place where septa is found?,science,"['Septa is a type of robot that appears in the animated television series ""Futurama.""', 'Septa is a term that can refer to different things depending on the context. In general, ""septa"" is a Latin word that means ""separated"" or ""divided"". \n\nIn the context of architecture, a septa is a section or wall that divides a building, often found in ancient Roman and', 'Septa is a term that can refer to different things, but one common usage is in the context of the TV show ""Roseanne,"" where the main character Darlene Conner is a septa, a fundamentalist Christian who practices a strict, conservative form of Judaism.', 'I\'m not sure about the specific location where ""septa"" is found. However, I do know that septa are often associated with ancient Roman architecture, particularly in the context of aqueducts and water supply systems, so it\'s possible that septa could refer to a part of such a system.', 'Septa is a genus of ancient Greek medicine women who were known for their expertise in healing and surgery. They were typically found in ancient Greece, particularly in Athens, and were considered to be practitioners of a form of folk medicine.']","Septa is a term that can refer to different things depending on the context. In general, ""septa"" is a Latin word that means ""separated"" or ""divided"". 

In the context of architecture, a septa is a section or wall that divides a building, often found in ancient Roman and",0.24736242380366003,0.04444444444444444,0.04444444444444444,1,5
sciq_0014,What branch of science explains much of what you observe and do in your daily life?,science,"['The branch of science that explains much of what I observe and do in my daily life is physics.', 'The branch of science that explains much of what you observe and do in your daily life is Physics.', 'The branch of science that explains much of what I observe and do in my daily life is Physics.', 'The branch of science that explains much of what I observe and do in my daily life is biology.', 'The branch of science that explains much of what you observe and do in your daily life is Biology.']",The branch of science that explains much of what I observe and do in my daily life is physics.,0.9,0.09999999999999999,0.09999999999999999,1,5
sciq_0015,What theory states that there is no interaction between individual gas particles?,science,"['The theory that states there is no interaction between individual gas particles is the kinetic molecular theory of gases.', 'The theory that states there is no interaction between individual gas particles is known as the ""assumed perfect gas law"" or the ""ideal gas law,"" which is described by the equation PV = nRT, where P is pressure, V is volume, n is the number of moles, R is the gas constant,', ""The kinetic theory of gases states that there is no interaction between individual gas particles, as stated by Dalton's Law of Partial Pressures, which describes the relationship between the pressure of a gas and the number of moles of gas present."", 'The kinetic molecular theory states that there is no interaction between individual gas particles, and that the motion of particles is solely due to collisions with the walls of the container.', 'The theory that states there is no interaction between individual gas particles is known as the ""vapor pressure law"" or ""ideal gas theory"", which is based on the kinetic theory of gases. According to this theory, gas molecules are in constant random motion and do not interact with each other, and the pressure exerted by']",The theory that states there is no interaction between individual gas particles is the kinetic molecular theory of gases.,0.4914707802274621,0.21052631578947367,0.10526315789473684,0,5
sciq_0016,"Most mammals are viviparous, which refers to what reproductive result?",science,"['Viviparous mammals are mammals that give birth to live young, as opposed to oviparous mammals, which lay eggs.', 'Mammals are viviparous, which means that they give birth to live young, rather than laying eggs like birds.', 'Viviparous refers to the reproductive method of mammals, which means they give birth to live young, rather than laying eggs.', 'Mammals are viviparous, which means they give birth to live young.', 'Mammals are viviparous, which means they give birth to live young, rather than laying eggs.']","Mammals are viviparous, which means they give birth to live young, rather than laying eggs.",0.7139220192972727,0.23529411764705882,0.23529411764705882,1,5
sciq_0017,Toxins and poisons are ______ enzyme inhibitos,science,"['Toxins and poisons are inhibitors of certain enzymes, particularly those involved in the detoxification process. They disrupt the normal functioning of these enzymes, leading to the accumulation of toxic substances in the body.', 'Toxins and poisons are typically inhibitors of enzymes, specifically those involved in the detoxification process. They can disrupt the normal functioning of enzymes, such as cytochrome P450, which are crucial for metabolizing harmful substances.', 'Toxins and poisons are inhibitory enzymes.', 'Toxins and poisons are inhibitors of certain enzymes, specifically those involved in the metabolism of these substances, which can disrupt normal cellular function and lead to harm or death.', 'Toxins and poisons are inhibitors of certain enzymes, specifically those involved in detoxification processes.']","Toxins and poisons are inhibitors of certain enzymes, specifically those involved in detoxification processes.",0.4780405778665998,0.0,0.0,1,5
sciq_0018,How did the first seed plants form seeds?,science,"[""The process of seed formation in plants is known as germination, and it involves a series of complex biological and chemical reactions that transform a seed into a mature plant. The exact mechanisms are still not fully understood, but it is thought that seeds form when the seed's embryo inside is able to absorb water and nutrients, triggering"", 'The first seed plants, also known as spermatophytes, formed seeds through a process called pollination, which involves the transfer of pollen from the male part of a flower (anther) to the female part of the same or another flower (stigma). This process typically occurs when a pollinator, such as', 'The process of seed formation is a complex and still somewhat mysterious process, but scientists believe that it involves the fusion of gametes (sex cells) from two separate plants, resulting in the creation of a zygote, which eventually develops into a seed. This process is known as polyploid reproduction, where the resulting', 'The first seed plants, also known as angiosperms, are thought to have formed around 130 million years ago during the Cretaceous period, likely as a result of a process called endosymbiosis, where a single-celled organism, possibly a cyanobacterium, engulfed and integrated with an algae', 'The first seed plants, also known as angiosperms, are believed to have formed through a process called endospermesis, which is thought to have occurred around 140 million years ago during the Jurassic period. During this time, the first seeds developed from a process called parthenogenesis, where a single female gam']","The first seed plants, also known as angiosperms, are believed to have formed through a process called endospermesis, which is thought to have occurred around 140 million years ago during the Jurassic period. During this time, the first seeds developed from a process called parthenogenesis, where a single female gam",0.30508421164648836,0.0,0.0,1,5
sciq_0019,"A thermite reaction is thermodynamically spontaneous, and because it is associated with a significant release of heat, it is regarded as what?",science,"['A thermite reaction is thermodynamically spontaneous because it releases a large amount of heat, which is regarded as exothermic.', 'A thermite reaction is thermodynamically spontaneous and is regarded as an exothermic reaction.', 'A thermite reaction is thermodynamically spontaneous and is regarded as an exothermic reaction.', 'A thermite reaction is thermodynamically spontaneous, and because it is associated with a significant release of heat, it is regarded as exothermic.', 'A thermite reaction is thermodynamically spontaneous, and because it is associated with a significant release of heat, it is regarded as an exothermic reaction.']","A thermite reaction is thermodynamically spontaneous, and because it is associated with a significant release of heat, it is regarded as an exothermic reaction.",0.73135598514755,0.0909090909090909,0.0,0,5
sciq_0020,"The right and left hip bones, with the addition of the sacrum and coccyx form what section of the skeleton?",science,"['The right and left hip bones, with the addition of the sacrum and coccyx, form the pelvis.', 'The right and left hip bones, with the addition of the sacrum and coccyx, form the pelvis.', 'The right and left hip bones, with the addition of the sacrum and coccyx, form the pelvis.', 'The right and left hip bones, with the addition of the sacrum and coccyx, form the pelvis.', 'The right and left hip bones, with the addition of the sacrum and coccyx, form the pelvis.']","The right and left hip bones, with the addition of the sacrum and coccyx, form the pelvis.",1.0,0.14285714285714288,0.0,0,5
sciq_0021,Organs involved in digestion that do not have food pass through them are called?,science,"['The digestive organs that do not have food pass through them are called the ""mucosa"" of the gut.', 'The digestive organs involved in digestion that do not have food pass through them are the lacrimal gland, the salivary glands, and the thyroid gland.', 'The pancreas and liver are the two organs involved in digestion that do not have food pass through them.', 'The organs involved in digestion that do not have food pass through them are called the ""gut"".', 'The pancreas and the liver are two organs involved in digestion that do not have food pass through them.']",The pancreas and liver are the two organs involved in digestion that do not have food pass through them.,0.7482017543859649,0.10526315789473684,0.10526315789473684,1,5
sciq_0022,"Sponges exemplify what type of arrangement, where different cells are specialized for different functions, but each cell works alone?",science,"['Sponges exemplify a simple multicellular, eukaryotic arrangement where different cells are specialized for different functions, and each cell works alone. In sponges, different types of cells are specialized for different roles, such as filtering, digestion, and reproduction, and each cell performs its specific function without direct interaction', 'Sponges exemplify a simple multicellular, non-specialized arrangement of cells called a **tissue**.', 'Sponges exemplify a type of arrangement known as a **tunicate**, where different cells are specialized for different functions, such as absorption, respiration, and reproduction, but each cell works alone in a decentralized manner.', 'Sponges exemplify a type of arrangement known as a **colonial arrangement**, where different cells are specialized for different functions, but each cell works alone and is a single unit.', 'Sponges exemplify a type of arrangement called a **multicellular arrangement**, where different cells are specialized for different functions, such as feeding, respiration, and maintenance, but each cell works alone to perform its specific role.']","Sponges exemplify a type of arrangement called a **multicellular arrangement**, where different cells are specialized for different functions, such as feeding, respiration, and maintenance, but each cell works alone to perform its specific role.",0.5070351522234626,0.05714285714285714,0.0,0,5
sciq_0023,What form the skeletons of most organic molecules?,science,"['The skeletons of most organic molecules, such as carbohydrates, fats, and proteins, are composed of carbon, hydrogen, and oxygen atoms.', 'The skeletons of most organic molecules are formed from carbon, hydrogen, oxygen, and nitrogen. Specifically, the carbon backbone is typically composed of carbon atoms, while hydrogen atoms are bonded to them, and oxygen and nitrogen atoms form double and triple bonds with carbon, respectively.', 'The skeletons of most organic molecules are composed of carbon, hydrogen, oxygen, and sometimes nitrogen.', 'The skeletons of most organic molecules, such as carbohydrates, fats, and proteins, are composed of carbon, hydrogen, and oxygen atoms.', 'The skeletons of most organic molecules, such as carbohydrates, fats, and proteins, are composed of carbon (C), hydrogen (H), and oxygen (O) atoms.']","The skeletons of most organic molecules, such as carbohydrates, fats, and proteins, are composed of carbon, hydrogen, and oxygen atoms.",0.6794689158968447,0.09523809523809525,0.0,0,5
sciq_0024,What type of eclipse happens when a full moon moves through earth's shadow?,science,"[""A lunar eclipse occurs when the Earth, Moon, and Sun are aligned, and the Moon passes through the Earth's umbra, or dark shadow, on the Earth's surface."", ""An annular eclipse occurs when a full moon passes through the Earth's penumbra, creating a ring of light around the moon, while the rest of the moon remains visible in the sky."", ""A partial lunar eclipse occurs when a full moon passes through Earth's partial shadow, while a total lunar eclipse happens when the Earth's umbra (the darker inner shadow) touches the moon."", ""When a full moon moves through Earth's shadow, it is called a lunar eclipse."", ""A lunar eclipse occurs when the Earth passes directly between the Sun and the Moon, blocking the sunlight that normally reflects off the Moon's surface, causing the Moon to darken and sometimes take on a reddish hue.""]","A lunar eclipse occurs when the Earth, Moon, and Sun are aligned, and the Moon passes through the Earth's umbra, or dark shadow, on the Earth's surface.",0.40309474416768987,0.07999999999999999,0.0,0,5
sciq_0025,Enzymes can catalyze up to several million reactions per what?,science,"['Enzymes can catalyze up to several million reactions per second.', 'Enzymes can catalyze up to several million reactions per second, making them incredibly fast and efficient biological molecules.', 'Enzymes can catalyze up to several million reactions per second.', 'Enzymes can catalyze up to several million reactions per molecule of substrate.', 'Enzymes can catalyze up to several million reactions per second.']",Enzymes can catalyze up to several million reactions per second.,0.8197402597402597,0.18181818181818182,0.0,0,5
sciq_0026,The lithosphere is divided into a dozen major and several minor what?,science,"['The lithosphere is divided into a dozen major and several minor plates.', 'The lithosphere is divided into a few major and several minor tectonic plates.', 'The lithosphere is divided into a dozen major and several minor tectonic plates.', 'The lithosphere is divided into a few dozen major and several minor tectonic plates.', 'The lithosphere is divided into a dozen major tectonic plates and several minor plates.']",The lithosphere is divided into a dozen major and several minor tectonic plates.,0.9192593638245812,0.16666666666666669,0.0,0,5
sciq_0027,The energy required to remove an electron from a gaseous atom is called?,science,"['The energy required to remove an electron from a gaseous atom is called ionization energy.', 'The energy required to remove an electron from a gaseous atom is called the ionization energy.', 'The energy required to remove an electron from a gaseous atom is called ionization energy.', 'The energy required to remove an electron from a gaseous atom is called ionization energy.', 'The energy required to remove an electron from a gaseous atom is called ionization energy.']",The energy required to remove an electron from a gaseous atom is called ionization energy.,1.0,0.2857142857142857,0.14285714285714285,0,5
sciq_0028,"What substance, which forms igneous rock, flows out in rivers of lava when it reaches the surface?",science,"['I am unsure about the specific substance that forms igneous rock that flows out in rivers of lava when it reaches the surface, but I can tell you that it is typically magma.', ""I'm fairly certain the answer is magma."", 'I would say that the substance that forms igneous rock and flows out in rivers of lava when it reaches the surface is magma.', 'I would say that the substance that forms igneous rock and flows out in rivers of lava when it reaches the surface is magma.', 'I am unsure of the specific substance that forms igneous rock when it reaches the surface in the form of rivers of lava.']",I would say that the substance that forms igneous rock and flows out in rivers of lava when it reaches the surface is magma.,0.5079724178515399,0.08695652173913045,0.0,0,5
sciq_0029,What is it called when birds keep their eggs warm while the embryos inside develop?,science,"['This process is called incubation.', 'The process of keeping eggs warm for incubation is called thermogenesis, which is a specialized metabolic process that birds, reptiles, and some mammals produce to maintain a stable internal temperature for the developing embryo. This process involves the production of heat from metabolic activities, such as shivering, to keep the embryo warm.', ""It's called brooding."", 'The process of keeping eggs warm while the embryos develop inside them is called incubation. This is a natural process where the eggs are kept at a consistent temperature, usually between 99°F and 100°F (37.7°C and 37.7°C), to facilitate the development of the embryo, typically around', 'The process of keeping eggs warm for the development of the embryo is called incubation.']",The process of keeping eggs warm for the development of the embryo is called incubation.,0.247794541408541,0.15384615384615385,0.0,0,5
sciq_0030,The lancelet lacks what feature that distinguishes vertebrates?,science,"['The lancelet lacks gills, which are a key characteristic that distinguishes vertebrates from other invertebrates.', 'The lancelet lacks a backbone.', 'The lancelet lacks the vertebral column, which distinguishes it from other vertebrates.', 'The lancelet lacks a vertebral column and a diaphragm, which distinguishes it from vertebrates.', 'The lancelet lacks a vertebral column, which is a key feature that distinguishes vertebrates from invertebrates.']","The lancelet lacks the vertebral column, which distinguishes it from other vertebrates.",0.5113871635610766,0.0,0.0,1,5
sciq_0031,What are the smallest structural and functional unit of all living organisms?,science,"['The smallest structural and functional unit of all living organisms is considered to be the cell. Cells are the basic building blocks of all living things, and they consist of a plasma membrane, cytoplasm, and various organelles such as mitochondria, ribosomes, and a nucleus, which work together to carry out essential', 'The smallest structural and functional unit of all living organisms is the cell.', 'The smallest structural and functional unit of all living organisms is considered to be the cell.', 'The smallest structural and functional unit of all living organisms is the cell.', 'The smallest structural unit of all living organisms is the cell.']",The smallest structural and functional unit of all living organisms is the cell.,0.6908477914152972,0.0,0.0,1,5
sciq_0032,Population size is the number of what in a population?,science,"['Population size is the total number of individuals of a species in a given area at a specific point in time.', 'Population size is the number of individuals of a species in a given area or area at a specific time.', 'Population size is the total number of individuals in a population.', 'Population size refers to the total number of individuals of a species or group of organisms living in a particular area.', 'Population size is the total number of individuals of a species or group of organisms living in a particular geographic area at a given time.']",Population size is the total number of individuals of a species or group of organisms living in a particular geographic area at a given time.,0.6549496863800269,0.0909090909090909,0.0,0,5
sciq_0033,What does jupiter reflect a lot of due to its size?,science,"[""Jupiter reflects a lot of solar energy due to its massive size, with its cloud tops reflecting about 95% of the sunlight that hits it, while the planet's atmosphere is mostly composed of hydrogen and helium gases, which absorb and re-emit much of the light that is reflected back to space."", ""Jupiter reflects a lot of sunlight due to its massive size, which is approximately 318 times larger than the Earth's. This is because Jupiter is a gas giant planet with a thick atmosphere, making up about 89% of the planet's mass, and it has a relatively low density, allowing sunlight to be reflected"", ""Jupiter reflects a significant amount of sunlight due to its massive size, with its cloud tops reflecting about 30% of the sun's energy."", ""Jupiter reflects a lot of sunlight due to its massive size, which is about 11 times larger than Earth's. This is because Jupiter's atmosphere is mostly composed of hydrogen and helium gases, which scatter and reflect the sun's light, giving it a bright, cloudy appearance."", ""Jupiter reflects a significant amount of sunlight due to its large size, with its cloud tops reflecting about 75% of the sun's energy back into space, while the planet's atmosphere scatters and absorbs the remaining 25%.""]","Jupiter reflects a lot of solar energy due to its massive size, with its cloud tops reflecting about 95% of the sunlight that hits it, while the planet's atmosphere is mostly composed of hydrogen and helium gases, which absorb and re-emit much of the light that is reflected back to space.",0.49134146493003933,0.039999999999999994,0.0,0,5
sciq_0034,There are 20 different common amino acids needed to make what organic compound?,science,"['The amino acids glycine, glutamic acid, aspartic acid, lysine, arginine, and phenylalanine are all common amino acids that make up proteins.', 'The answer is: Proteins.', 'The amino acids glycine, glutamate, aspartate, and alanine are all important components of the amino acid glutamic acid, which is a key component of various organic compounds, including proteins, nucleic acids, and neurotransmitters.', 'The compound you are likely referring to is proteins. There are 20 standard amino acids that make up proteins.', 'The amino acids glycine, glutamic acid, aspartic acid, and valine are the 20 standard amino acids needed to make proteins.']","The amino acids glycine, glutamic acid, aspartic acid, and valine are the 20 standard amino acids needed to make proteins.",0.3137625618724017,0.10526315789473684,0.0,0,5
sciq_0035,Non-human organisms that mainly consume plants/other primary producers are known as what?,science,"['Plants.', 'This group of organisms is known as herbivores.', 'Plants.', 'Insects.', 'Insects, worms, and other invertebrates that consume plants, as well as other non-plant organisms, are known as herbivores.']",Plants.,0.15962962962962965,0.0,0.0,1,5
sciq_0036,What is the mechanism by which favorable traits become more common in organisms over the course of generations?,science,"['The mechanism by which favorable traits become more common in organisms over the course of generations is through natural selection. This is achieved through the process of genetic drift, genetic mutation, and gene flow, where individuals with favorable traits are more likely to survive, reproduce, and pass on their advantageous characteristics to their offspring, thereby increasing the', 'The mechanism by which favorable traits become more common in organisms over the course of generations is through genetic drift, natural selection, and mutation. Genetic drift refers to the random change in allele frequencies in a population due to chance events, natural selection acts on the existing genetic variation, and genetic mutations can introduce new alleles into a population', 'The mechanism by which favorable traits become more common in organisms over the course of generations is through natural selection, which acts on the variation in the population. Natural selection favors individuals with traits that are better suited to their environment, leading to their increased survival and reproduction, thereby passing those traits on to the next generation.', 'The mechanism by which favorable traits become more common in organisms over the course of generations is through natural selection, which is driven by the process of genetic drift, mutation, gene flow, and genetic variation. Specifically, favorable traits are more likely to be passed on to the next generation when they are more common in the population,', 'The mechanism by which favorable traits become more common in organisms over the course of generations is known as natural selection. This process is driven by the survival and reproduction of individuals with favorable traits, leading to an increase in the frequency of those traits in the population over time.']","The mechanism by which favorable traits become more common in organisms over the course of generations is through natural selection, which is driven by the process of genetic drift, mutation, gene flow, and genetic variation. Specifically, favorable traits are more likely to be passed on to the next generation when they are more common in the population,",0.5607975841347267,0.07407407407407407,0.037037037037037035,0,5
sciq_0037,How do multicellular organisms grow in size?,science,"['Multicellular organisms grow in size through a process called cell division, where the cell divides to produce more cells, which then grow and multiply to increase in size. This is typically achieved through a process called mitosis, where the cell divides into two daughter cells that are genetically identical to the parent cell, resulting in an', ""Multicellular organisms grow in size through a process called cell division, where a single cell divides into two daughter cells, each with the same number of chromosomes as the parent cell, leading to an increase in cell number. This process is facilitated by the growth of the parent cell and the expansion of the cell's volume,"", 'Multicellular organisms can grow in size through a process called cell division, where the cell divides to produce more cells, which then grow and multiply to increase in size. This process is often facilitated by the production of new cells through mitosis, where the genetic material is duplicated and the cell divides to form two daughter cells', 'Multicellular organisms grow in size through a process called cell division, where one cell divides into two or more daughter cells, each with the same number of chromosomes as the parent cell, allowing the cell to increase in size and eventually form a larger organism. This process is facilitated by the cell division cycle, which involves a', 'Multicellular organisms can grow in size through a process called growth, which involves an increase in cell size, often due to the division of cells, which allows for the addition of new cells and tissues. This can be achieved through various mechanisms, such as cell division, differentiation, and expansion of existing tissues, which ultimately']","Multicellular organisms grow in size through a process called cell division, where one cell divides into two or more daughter cells, each with the same number of chromosomes as the parent cell, allowing the cell to increase in size and eventually form a larger organism. This process is facilitated by the cell division cycle, which involves a",0.5678255302120848,0.21428571428571425,0.17857142857142858,0,5
sciq_0038,A vapor light produces visible light by what process?,science,"['A vapor light produces visible light by exciting the atoms or molecules in a gas, causing them to release energy in the form of photons, which are then emitted as visible light. This process is known as photoluminescence.', 'A vapor light, also known as a light bulb, produces visible light by exciting a gas inside the bulb, which then releases energy in the form of photons, which we perceive as light.', 'A vapor light produces visible light by exciting the atoms in a gas, such as neon or argon, which then release energy in the form of photons, making them visible to the human eye.', 'A vapor light produces visible light by exciting the gas molecules in the vapor, which then release energy in the form of light as they return to their ground state.', 'A vapor light produces visible light by exciting the atoms in the gas, causing them to release energy in the form of photons, which are then emitted as visible light.']","A vapor light produces visible light by exciting the atoms in the gas, causing them to release energy in the form of photons, which are then emitted as visible light.",0.6845335705607353,0.0,0.07142857142857144,1,5
sciq_0039,Which kind of muscle regulates air flow in lungs?,science,"['The diaphragm regulates air flow in the lungs.', 'The diaphragm is the primary muscle that regulates air flow in the lungs. It is a dome-shaped muscle that separates the chest cavity from the abdominal cavity and contracts and relaxes to help expand and deflate the lungs.', 'The diaphragm is the primary muscle that regulates air flow in the lungs. It contracts and relaxes to help push air into and out of the lungs, controlling the amount of oxygen and carbon dioxide that enters and leaves the body.', 'The diaphragm is the primary muscle that regulates air flow in the lungs. It is a dome-shaped muscle that contracts and relaxes to expand and deflate the lungs, controlling airflow in and out.', 'The diaphragm regulates air flow in the lungs. It is a dome-shaped muscle that separates the chest cavity from the abdominal cavity and contracts and relaxes to help expand and deflate the lungs.']",The diaphragm is the primary muscle that regulates air flow in the lungs. It is a dome-shaped muscle that separates the chest cavity from the abdominal cavity and contracts and relaxes to help expand and deflate the lungs.,0.5618811786386948,0.0,0.0,1,5
sciq_0040,"What useful tool helps scientists work with, understand and make predictions about extremely complex systems?",science,"['The useful tool that helps scientists work with, understand, and make predictions about extremely complex systems is the Computational Fluid Dynamics (CFD) software, which uses numerical methods to simulate and analyze the behavior of fluids, gases, and other complex systems, such as weather patterns, ocean currents, and biological systems.', ""Climate models, which use complex mathematical equations and computer simulations to represent and predict the behavior of the Earth's climate system, are a useful tool for scientists to understand and make predictions about extremely complex systems."", 'The useful tool that helps scientists work with, understand, and make predictions about extremely complex systems is the Monte Carlo method, which uses numerical simulations to model and analyze complex systems, such as climate models, financial portfolios, and population dynamics.', 'The Euler-Poisson method is a useful tool that helps scientists work with and understand extremely complex systems by discretizing them into smaller, more manageable parts, allowing for the analysis of their behavior and making predictions about their behavior.', 'A useful tool that helps scientists work with, understand, and make predictions about extremely complex systems is the Monte Carlo method, which uses random simulations and statistical analysis to model and predict the behavior of complex systems, such as weather patterns, chemical reactions, and population dynamics.']","A useful tool that helps scientists work with, understand, and make predictions about extremely complex systems is the Monte Carlo method, which uses random simulations and statistical analysis to model and predict the behavior of complex systems, such as weather patterns, chemical reactions, and population dynamics.",0.5455490597825646,0.0,0.0,1,5
sciq_0041,Water can be broken down into hydrogen and oxygen gases by the addition of what?,science,"['Water (H2O) can be broken down into hydrogen (H2) and oxygen (O2) gases by the addition of light energy, typically in the form of sunlight. This process is known as photosynthesis.', 'Water can be broken down into hydrogen and oxygen gases by the addition of light. This process is known as electrolysis.', 'Hydrogen.', 'Hydrogen gas. When water (H2O) is heated or mixed with a strong acid, such as sulfuric acid, it breaks down into hydrogen gas (H2) and oxygen gas (O2).', 'Hydrogen. When water (H2O) is heated, it breaks down into hydrogen (H2) and oxygen (O2) gases.']","Hydrogen. When water (H2O) is heated, it breaks down into hydrogen (H2) and oxygen (O2) gases.",0.3490781022948516,0.0,0.0,1,5
sciq_0042,A moraine is sediment deposited by what?,science,"['A moraine is sediment deposited by glaciers.', 'A moraine is a sediment deposit that forms when a glacier moves and deposits layers of rock, sand, and other particles as it melts, creating a barrier or wall of debris.', 'A moraine is typically formed by the movement of ice during the last ice age, and it is often composed of glacial till or glacial gravel.', 'A moraine is a sediment deposited by glaciers.', 'A moraine is a sediment deposit formed by the movement of glaciers, typically formed from rocks that are carried away by the glacier and deposited downstream.']",A moraine is sediment deposited by glaciers.,0.359665849202795,0.0,0.0,1,5
sciq_0043,Hertz proved that what type of waves travel at the speed of light?,science,"['Electricity and radio waves travel at the speed of light.', 'Photons.', 'Photons travel at the speed of light.', 'Light is a type of electromagnetic wave.', 'Photons.']",Photons travel at the speed of light.,0.2838095238095238,0.0,0.0,1,5
sciq_0044,What does a continuous string of earthquakes indicate about a volcano?,science,"['A continuous string of earthquakes around a volcano often indicates magma movement and activity beneath the surface, suggesting that magma is rising to the surface, which can lead to volcanic eruptions. This type of seismicity is a sign that the volcano is in a state of heightened unrest and magma is moving beneath the surface.', 'A continuous string of earthquakes around a volcano can indicate that magma is moving beneath the surface of the volcano and is producing more gases, which is a sign of increased volcanic activity and a higher likelihood of a future eruption.', 'A continuous string of earthquakes typically indicates that magma is rising through the volcano\'s plumbing system, which can be a sign of increased volcanic activity, such as an eruption. This phenomenon is often referred to as a ""silent volcanic eruption"" or ""sub-arcuate volcanic eruption,"" and it can be an early warning sign of', 'A continuous string of earthquakes can indicate that magma is moving beneath the surface of a volcano, suggesting that the volcano is capable of producing eruptions. This is often a sign that the magma chamber is being filled or is about to be filled, and the pressure is building up.', 'A continuous string of earthquakes around a volcano can indicate that magma is moving beneath the surface, building up pressure and potentially leading to an eruption. This type of seismic activity can be a sign that the volcano is becoming unstable and is on the verge of an eruption.']","A continuous string of earthquakes around a volcano can indicate that magma is moving beneath the surface, building up pressure and potentially leading to an eruption. This type of seismic activity can be a sign that the volcano is becoming unstable and is on the verge of an eruption.",0.5407688175375447,0.0909090909090909,0.08888888888888888,0,5
sciq_0045,Mollusks have a true coelom and a complete what?,science,"['Mollusks have a true coelom, which is a hollow, fluid-filled cavity that serves as a body cavity, housing the internal organs and providing structural support.', 'Mollusks have a true coelom, a body cavity that is a space between the body wall and the internal organs, and a complete pericardium, a protective sac that surrounds the heart.', 'Mollusks have a true coelom, which is a cavity within the body that is separate from the digestive system and respiration, and is filled with a fluid called body fluid.', 'Mollusks have a true coelom, which is a hollow, fibrous cavity within their bodies that serves as a reservoir for nutrients and provides structural support.', 'Mollusks have a true coelom, which is a body cavity that contains the digestive organs, blood vessels, and other essential tissues. The coelom is a characteristic feature of mollusks, including snails, slugs, clams, and squids.']","Mollusks have a true coelom, which is a hollow, fluid-filled cavity that serves as a body cavity, housing the internal organs and providing structural support.",0.4532364008488054,0.0,0.0,1,5
sciq_0046,What is a large molecule with many repeating units?,science,"['A large molecule with many repeating units is a polymer.', 'A large molecule with many repeating units is a polymer.', 'A large molecule with many repeating units is a polymer.', 'A large molecule with many repeating units is a polymer.', 'A large molecule with many repeating units is a polymer.']",A large molecule with many repeating units is a polymer.,1.0,0.2222222222222222,0.0,0,5
sciq_0047,How many viruses that can cause cancer in humans have been identified by scientists?,science,"['According to the World Health Organization (WHO), more than 100 viruses have been identified that can cause cancer in humans, including viruses that are typically associated with oncogenesis, such as human papillomavirus (HPV), human herpesvirus 8 (HHV-8), human herpesvirus 6 (', 'According to scientific research, there are several viruses that have been identified as potential human carcinogens and have been linked to an increased risk of certain cancers. The International Agency for Research on Cancer (IARC), a part of the World Health Organization (WHO), has classified some viruses as Group 1 carcinogens, which are', 'Several viruses have been identified that can cause cancer in humans, including human papillomavirus (HPV), hepatitis B and C, human T-cell leukemia virus (HTLV), hepatitis D virus (HDV), Epstein-Barr virus (EBV), human herpesvirus 8 (HHV-8), and', 'According to scientific research, approximately 100 to 200 viruses are believed to be linked to human cancer, although the exact number is still being researched and debated. Some of the viruses most commonly associated with cancer include human papillomavirus (HPV), hepatitis B and C, Epstein-Barr virus (EBV),', 'According to the World Health Organization (WHO), over 100 viruses have been identified as causative agents of cancer, including human papillomavirus (HPV), hepatitis B virus (HBV), hepatitis C virus (HCV), human T-cell leukemia virus (HTLV), and Epstein-Barr virus (EBV']","According to the World Health Organization (WHO), over 100 viruses have been identified as causative agents of cancer, including human papillomavirus (HPV), hepatitis B virus (HBV), hepatitis C virus (HCV), human T-cell leukemia virus (HTLV), and Epstein-Barr virus (EBV",0.38590234254917055,0.0,0.0,1,5
sciq_0048,What geologic era is also known as the age of mammals?,science,"['The Cambrian and Ordovician geologic eras are often considered the ages of the Paleozoic Era, but specifically, the Cambrian Period is also known as the Age of Mammals.', 'The Cambrian period is also known as the Age of Mammals.', 'The geologic era also known as the age of mammals is the Paleogene.', 'The geologic era also known as the Age of Mammals is the Paleogene.', 'The geologic era also known as the age of mammals is the Cenozoic Era.']",The geologic era also known as the age of mammals is the Paleogene.,0.7070790780427003,0.16666666666666669,0.16666666666666669,1,5
sciq_0049,What 3 things do animals need to live and survive?,science,"['Here are three essential things that animals need to live and survive: \n\n1. Water: Animals need access to clean water to drink and maintain bodily functions.\n2. Food: Animals need a source of nutrition, such as plants, proteins, and other organic matter, to sustain their bodies.\n3. Shelter: Animals need', 'To survive, animals need to have access to three basic necessities: water, food, and shelter.', 'Here are three essential things that animals need to live and survive:\n\n1. Water\n2. Food (such as plants, fruits, or other organic matter)\n3. Shelter', 'Animals need three main things to live and survive: water, food, and shelter. These basic necessities provide the energy, nutrients, and protection that animals need to maintain their physical health and well-being.', 'Animals need three essential things to live and survive: food, water, and shelter.']","Animals need three essential things to live and survive: food, water, and shelter.",0.5058521524318425,0.3529411764705882,0.3529411764705882,1,5
sciq_0050,What type of particle collides with an atom of u-235 during the basic nuclear fission process?,science,"['Neutrons.', 'Neutrons.', 'Neutrons.', 'The type of particle that collides with an atom of uranium-235 (U-235) during the basic nuclear fission process is an alpha particle (α).', 'The type of particle that collides with an atom of U-235 during the basic nuclear fission process is an alpha particle (helium nucleus).']",Neutrons.,0.3878048780487805,0.0,0.0,1,5
sciq_0051,Earth's axis is an imaginary line passing through which poles?,science,"[""The Earth's axis is an imaginary line passing through the North and South Poles."", ""Earth's axis is an imaginary line passing through the North and South Poles."", ""Earth's axis is an imaginary line passing through the North and South Poles."", ""The Earth's axis is an imaginary line passing through the North and South Poles."", ""The Earth's axis is an imaginary line passing through the North and South Poles.""]",The Earth's axis is an imaginary line passing through the North and South Poles.,1.0,0.4,0.26666666666666666,0,5
sciq_0052,"In a plant, the flower contains what?",science,"['The flower is typically composed of several parts, but the main components include the sepals (the green, leaf-like structures that protect the flower bud), petals (the colorful parts that attract pollinators), the stamens (the male reproductive parts that produce pollen), and the pistil (the female reproductive part that', 'In a plant, the flower contains petals.', 'The flower contains petals.', 'In a plant, the flower contains the reproductive parts necessary for fertilization, including the stamen (male reproductive organs) and pistil (female reproductive organs).', 'In a plant, the flower contains the reproductive organs, which include the petals, sepals, stamens, and pistils.']","In a plant, the flower contains petals.",0.33644470950505434,0.0,0.0,1,5
sciq_0053,What cycle is part of cellular respiration and makes atp and naph?,science,"['The cycle you are referring to is the Calvin cycle, which is a stage of photosynthesis, not cellular respiration.', 'The answer is: The citric acid cycle (also known as the Krebs cycle or tricarboxylic acid cycle).', 'The answer is the citric acid cycle (also known as the Krebs cycle or tricarboxylic acid cycle). It is a crucial process in cellular respiration that produces ATP and NADH in the form of NADH.', 'The answer is: Mitosis.', 'The answer is the Krebs cycle (also known as the citric acid cycle or tricarboxylic acid cycle). It is a crucial part of cellular respiration and is responsible for generating energy in the form of ATP (adenosine triphosphate) and NADH (nicotinamide aden']",The answer is the citric acid cycle (also known as the Krebs cycle or tricarboxylic acid cycle). It is a crucial process in cellular respiration that produces ATP and NADH in the form of NADH.,0.3261920067160291,0.06451612903225806,0.0625,0,5
sciq_0054,What are people with osteoporosis at increased risk of?,science,"['People with osteoporosis are at increased risk of fractures, particularly in the hips, spine, and wrist, as well as osteoarthritis. Additionally, they may also be at increased risk of osteonecrosis (death of bone tissue in the jaw), vertebral compression fractures, and fractures of the femur (', 'People with osteoporosis are at increased risk of fractures, particularly in the hips, spine, and wrists, as well as osteonecrosis of the jaw (also known as osteonecrosis), and may also be at increased risk of osteoarthritis.', 'People with osteoporosis are at increased risk of fractures, particularly in the hips, spine, and wrist bones. Osteoporosis also increases the risk of oste fractures, which can lead to disability and other complications.', 'People with osteoporosis are at increased risk of fractures, particularly in the hips, spine, and wrists. Additionally, those with osteoporosis are also at a higher risk of osteoporosis-related fractures, which can lead to disability and mortality.', 'People with osteoporosis are at increased risk of fractures, particularly of the hip, spine, and wrist bones, as well as fractures of the femoral neck and pelvis. Additionally, those with osteoporosis are also at increased risk of experiencing osteoarthritis, which can further exacerbate bone fragility and']","People with osteoporosis are at increased risk of fractures, particularly in the hips, spine, and wrists. Additionally, those with osteoporosis are also at a higher risk of osteoporosis-related fractures, which can lead to disability and mortality.",0.6208174141533281,0.05405405405405405,0.0,0,5
sciq_0055,What is the most abundant metal of the earth's crust?,science,"[""Oxygen is the most abundant metal of the Earth's crust, making up about 46.6% of the Earth's crust."", ""Iron is the most abundant metal of the Earth's crust, making up approximately 5% of the Earth's crust."", ""The most abundant metal of the Earth's crust is iron."", ""The most abundant metal of the Earth's crust is iron, making up approximately 5% of the Earth's crust."", ""Oxygen is the most abundant metal in the Earth's crust, making up about 46% of the Earth's crust, followed by iron and aluminum.""]","Iron is the most abundant metal of the Earth's crust, making up approximately 5% of the Earth's crust.",0.7393750574395737,0.0,0.0,1,5
sciq_0056,What is the middle layer of connective tissue called?,science,"['The middle layer of connective tissue is called the reticular tissue, which is a type of loose connective tissue that provides support, structure, and framework to various organs and tissues in the body.', 'The middle layer of connective tissue is called the reticular fascicle.', 'The middle layer of connective tissue is called the reticular layer.', 'The middle layer of connective tissue is called the reticular layer, which is a loose network of collagen fibers and reticular fibers that provide support and structure to the body.', 'The middle layer of connective tissue is called the reticular fibers layer.']",The middle layer of connective tissue is called the reticular layer.,0.6148617464406938,0.0,0.0,1,5
sciq_0057,About how tall can mid-ocean ridges be?,science,"['Mid-ocean ridges can be tens of thousands of meters tall, with some of the tallest mountains in the world, such as the East Pacific Rise, reaching heights of over 9,000 meters (29,500 feet).', 'Mid-ocean ridges can be up to 6,000 meters (19,685 feet) tall, although the highest point is typically found on the Mid-Atlantic Ridge, which reaches a maximum height of around 8,200 meters (26,795 feet).', 'Mid-ocean ridges can reach heights of up to 10,000 meters (33,000 feet) or more, with the longest one, the Mid-Atlantic Ridge, stretching over 65,000 kilometers (40,000 miles).', 'Mid-ocean ridges can be as tall as 8,000-10,000 meters (26,247-32,808 feet) above sea level, with some sections reaching heights of up to 9,000 meters (29,527 feet) or more.', 'Mid-ocean ridges can reach heights of up to 6,000 meters (20,000 feet) above sea level, with some of the highest peaks being around 10,000 meters (33,000 feet) in the Atlantic and Indian Oceans. However, the average height of mid-ocean ridges']","Mid-ocean ridges can be as tall as 8,000-10,000 meters (26,247-32,808 feet) above sea level, with some sections reaching heights of up to 9,000 meters (29,527 feet) or more.",0.44192657450494083,0.0,0.05,1,5
sciq_0058,"Competition that occurs between members of the same species, which improves the species’ adaptations, is called what?",science,"['Genetic variation.', ""I'm not sure about the specific term you're looking for, but I can tell you that competition between members of the same species, which can lead to evolutionary adaptations, is often referred to as intraspecific competition."", ""Competition that occurs between members of the same species, which improves the species' adaptations, is called intraspecific competition."", 'Niche competition.', 'Hybridization.']","Competition that occurs between members of the same species, which improves the species' adaptations, is called intraspecific competition.",0.06252811515969411,0.2222222222222222,0.1111111111111111,0,5
sciq_0059,What is the term for a measure of both speed and direction?,science,"['The term for a measure of both speed and direction is velocity.', 'The term for a measure of both speed and direction is velocity.', 'The term for a measure of both speed and direction is velocity.', 'The term for a measure of both speed and direction is velocity.', 'The term for a measure of both speed and direction is velocity.']",The term for a measure of both speed and direction is velocity.,1.0,0.18181818181818182,0.0,0,5
sciq_0060,"Cnidarians are an example of organisms that possess a simple type of what system, used for sensing touch?",science,"['Cnidarians, such as jellyfish and corals, possess a simple type of nervous system called a **nerve net**, which is a decentralized system that allows for sensing touch, movement, and feeding, but not for processing complex information or controlling their movements.', 'Cnidarians, such as jellyfish and corals, possess a simple type of nervous system called a cnidoblastema, which is a decentralized system that uses chemosensory neurons to sense touch and other stimuli.', 'Cnidarians, such as jellyfish and corals, possess a simple type of sensory system known as a statocyst or statolith system, which is used for sensing gravity.', 'Cnidarians, such as jellyfish and corals, possess a simple type of sensory system known as a statocyst, which is used for sensing balance and equilibrium, rather than touch.', 'Cnidarians, such as jellyfish, corals, and sea anemones, possess a simple type of sensory system called a statocyst, which is used for sensing balance and equilibrium.']","Cnidarians, such as jellyfish and corals, possess a simple type of sensory system known as a statocyst, which is used for sensing balance and equilibrium, rather than touch.",0.6330761424367981,0.07142857142857144,0.07142857142857144,1,5
sciq_0061,"The lens focuses light on the retina , which covers the back of the inside of the eye. the retina has light-sensing photoreceptor cells called?",science,"['The retina has light-sensing photoreceptor cells called retinal photoreceptors, specifically rods and cones.', 'The retina has photoreceptor cells called rods and cones.', 'The retina has light-sensing photoreceptor cells called rods and cones. Rods are more numerous and sensitive to low light levels, while cones are responsible for color vision.', 'The retina has light-sensing photoreceptor cells called rods and cones. Rods are more sensitive to low light levels and are responsible for peripheral and night vision, while cones are responsible for color vision and are more concentrated in the central part of the retina.', 'The retina has light-sensing photoreceptor cells called rods and cones.']",The retina has light-sensing photoreceptor cells called rods and cones.,0.5839917202525898,0.4615384615384615,0.30769230769230765,0,5
sciq_0062,What is the the process by which remains or traces of living things become fossils called?,science,"['The process by which remains or traces of living things become fossils is called permineralization.', 'The process by which remains or traces of living things become fossils is called permineralization.', 'The process by which remains or traces of living things become fossils is called permineralization or petrification.', 'The process by which remains or traces of living things become fossils is called permineralization.', 'The process by which remains or traces of living things become fossils is called permineralization.']",The process by which remains or traces of living things become fossils is called permineralization.,0.9733333333333334,0.0,0.0,1,5
sciq_0063,How does increasing the temperature of reactants affect the rate of their reaction?,science,"['Increasing the temperature of reactants generally increases the rate of a chemical reaction by providing more energy to the reactants, allowing the reactants to move faster and collide more frequently, thus increasing the frequency of successful collisions that result in a reaction. This is known as the collision theory of reaction rate, and it suggests that increasing', 'Increasing the temperature of reactants generally increases the rate of reaction, as higher temperatures provide more energy for the reactants to overcome their activation energy barrier and react. As a result, the reaction rate increases exponentially with temperature, meaning that as the temperature increases, the reaction time decreases, and the reaction can proceed faster and more', 'Increasing the temperature of reactants generally increases the rate of a chemical reaction, as higher temperatures provide more energy for the reactants to break and form products. This is due to the increased kinetic energy of the reactant molecules, allowing them to collide more frequently and successfully react.', 'Increasing the temperature of reactants generally increases the rate of a chemical reaction by providing more energy for the reactant molecules to collide with each other, resulting in a higher frequency of successful collisions and an increase in reaction rate. This is known as the Arrhenius equation, which states that the rate constant (k) of', 'Increasing the temperature of reactants generally increases the rate of a chemical reaction, as higher temperatures provide more energy for the reactants to overcome the activation energy barrier and convert them into products.']","Increasing the temperature of reactants generally increases the rate of a chemical reaction, as higher temperatures provide more energy for the reactants to break and form products. This is due to the increased kinetic energy of the reactant molecules, allowing them to collide more frequently and successfully react.",0.5229018792803932,0.044444444444444446,0.044444444444444446,1,5
sciq_0064,Soap acts as what kind of agent between grease and water?,science,"['Soap acts as an emulsifier between grease and water. It helps to mix and stabilize the two, allowing them to combine and separate easily.', ""Soap acts as an emulsifier, which is a substance that helps to mix and stabilize two or more liquids that don't normally mix, such as oil and water."", 'Soap acts as a surfactant, which is a type of agent that reduces the surface tension between two liquids, allowing them to mix and dissolve more easily, particularly with water.', ""Soap acts as an emulsifier, which is a surfactant that helps to mix and stabilize two or more liquids that don't normally mix, such as oil and water, by reducing their intermolecular forces."", 'Soap acts as an emulsifier between grease and water, helping to break down and mix the two substances together, creating a uniform mixture.']","Soap acts as an emulsifier, which is a substance that helps to mix and stabilize two or more liquids that don't normally mix, such as oil and water.",0.5026004560392279,0.0,0.0,1,5
sciq_0065,"""incident"" and ""reflected"" are two types of what?",science,"['Incident and reflected are types of light.', 'Incident and reflected are both types of **concepts**.', 'Incident and reflected are types of light.', 'Incident and reflected are both types of ""events"".', 'Incident and reflected are two types of light.']",Incident and reflected are types of light.,0.8441666666666666,0.0,0.0,1,5
sciq_0066,"In the inner ear, the vibrations are changed to electrical signals by hair cells lining what?",science,"['The hair cells in the inner ear lining the cochlea are responsible for changing vibrations into electrical signals. These hair cells are specialized sensory cells that contain tiny stereocilia (microscopic hair-like structures) that bend in response to sound waves, triggering a series of electrical signals that are transmitted to the brain.', 'The vibrations are changed to electrical signals by hair cells lining the basilar membrane.', 'In the inner ear, the vibrations are changed to electrical signals by hair cells lining the cochlea, specifically the basilar membrane.', 'The hair cells in the inner ear lining the cochlea are responsible for converting vibrations into electrical signals that are transmitted to the brain.', 'The hair cells lining the cochlea in the inner ear convert mechanical vibrations into electrical signals that are transmitted to the brain, allowing us to perceive sound. The hair cells are embedded in a gelatinous structure called the basilar membrane, which is sensitive to sound waves.']","In the inner ear, the vibrations are changed to electrical signals by hair cells lining the cochlea, specifically the basilar membrane.",0.5192897245443653,0.1111111111111111,0.10526315789473684,0,5
sciq_0067,What part of the neuron is a large structure with a central nucleus?,science,"['The large structure with a central nucleus in a neuron is called the cell body, which is also known as the soma.', 'The part of the neuron with a large structure that has a central nucleus is the axon terminal.', 'The large structure with a central nucleus is a dendrite.', 'The large structure with a central nucleus in a neuron is a dendrite.', 'The part of the neuron that is a large structure with a central nucleus is called the soma.']",The large structure with a central nucleus in a neuron is a dendrite.,0.6365675990675991,0.0,0.0,1,5
sciq_0068,"When equal amounts of a strong acid such as hydrochloric acid are mixed with a strong base such as sodium hydroxide, the result is what kind of solution?",science,"['When equal amounts of a strong acid (like hydrochloric acid) and a strong base (like sodium hydroxide) are mixed, they react to form a neutral solution called a saltwater solution.', 'When equal amounts of a strong acid (like hydrochloric acid) and a strong base (like sodium hydroxide) are mixed, they react to form a solution of sodium chloride (common table salt) and water.', 'When equal amounts of a strong acid (such as hydrochloric acid) are mixed with a strong base (such as sodium hydroxide), the result is a solution of a salt and water, with the acid and base reacting to form water and a salt. The salt is typically sodium chloride (NaCl), which', 'When equal amounts of a strong acid (like hydrochloric acid) and a strong base (like sodium hydroxide) are mixed, they react to form a neutral solution, also known as a saltwater solution or a neutralization reaction, resulting in the formation of water and a salt.', 'When equal amounts of a strong acid (like hydrochloric acid) and a strong base (like sodium hydroxide) are mixed, they react to form a salt and water, resulting in a neutral solution. The acid and base react in a 1:1 ratio to form sodium chloride (common table salt)']","When equal amounts of a strong acid (like hydrochloric acid) and a strong base (like sodium hydroxide) are mixed, they react to form a solution of sodium chloride (common table salt) and water.",0.685929699569267,0.0,0.0,1,5
sciq_0069,Light is a form of what kind of energy?,science,"['Light is a form of electromagnetic radiation.', 'Light is a form of electromagnetic radiation.', 'Light is a form of electromagnetic radiation.', 'Light is a form of electromagnetic radiation.', 'Light is a form of electromagnetic radiation.']",Light is a form of electromagnetic radiation.,1.0,0.25,0.0,0,5
sciq_0070,What organs are considered the female gonads?,science,"['The female gonads are the ovaries.', 'The two main organs considered the female gonads are the ovaries.', 'The female gonads are the ovaries.', 'The two main organs considered the female gonads are the ovaries.', 'The ovaries are the female gonads. They are the reproductive organs responsible for producing eggs (oocytes) in humans and other mammals.']",The two main organs considered the female gonads are the ovaries.,0.6163170163170163,0.2222222222222222,0.0,0,5
sciq_0071,The type of bond that forms between molecules is called what?,science,"['The type of bond that forms between molecules is called a covalent bond.', 'The type of bond that forms between molecules is called a covalent bond.', 'The type of bond that forms between molecules is called a covalent bond.', 'The type of bond that forms between molecules is called a covalent bond.', 'Hydrogen bonds.']",The type of bond that forms between molecules is called a covalent bond.,0.6,0.15384615384615385,0.3076923076923077,1,5
sciq_0072,What crucial role does beneficial fungi play?,science,"['Beneficial fungi play a crucial role in decomposing organic matter and recycling nutrients in ecosystems, fixing nitrogen from the air into the soil, and forming symbiotic relationships with plant roots, which improves plant health and yields. They also help to break down complex organic compounds into simpler ones, making nutrients available to plants and microorganisms', 'Beneficial fungi play a crucial role in decomposing organic matter, recycling nutrients, and forming symbiotic relationships with plant roots, which helps to support plant growth and development. They also contribute to soil structure, aeration, and water retention, making them an essential component of healthy ecosystems.', 'Beneficial fungi play a crucial role in decomposing organic matter, breaking down complex molecules, and recycling nutrients in ecosystems, often referred to as the ""second circle of life,"" which differs from the ""first circle of life"" (photosynthesis) and the ""food chain"" (herbivory).', 'Beneficial fungi play a crucial role in decomposing organic matter, fixing nitrogen in soil, and producing antibiotics and other secondary metabolites that can have antibacterial and antifungal properties. They also help to create a balanced ecosystem by breaking down complex organic compounds and recycling nutrients, which can improve soil fertility and support plant growth', 'Beneficial fungi play a crucial role in decomposing organic matter, recycling nutrients, and producing compounds that are essential for plant growth, including vitamins and antibiotics. They also help to create a balanced ecosystem by breaking down complex organic materials and recycling nutrients, which in turn supports the growth of plants and other organisms.']","Beneficial fungi play a crucial role in decomposing organic matter, recycling nutrients, and producing compounds that are essential for plant growth, including vitamins and antibiotics. They also help to create a balanced ecosystem by breaking down complex organic materials and recycling nutrients, which in turn supports the growth of plants and other organisms.",0.5100361966204704,0.03773584905660377,0.0,0,5
sciq_0073,What do ecologists study at every level?,science,"['Ecologists study various levels of the ecosystem, including: \n\n* 1) Population ecologists: study the dynamics of individual species and their interactions with their environment.\n* 2) Community ecologists: study the interactions and dynamics of different species within a given ecosystem.\n* 3) Ecosystem ecologists: study', 'Ecologists study various aspects of the natural world, including the relationships between living organisms and their environment, ecosystems, and the interactions between organisms and their environment, at different levels, including:', 'Ecologists study various aspects of the natural world, including the interactions between living organisms and their environment at different levels, including:\n\n* Population ecology: the study of populations of organisms, including their dynamics, behavior, and interactions with their environment.\n* Community ecology: the study of communities of organisms living together in a specific habitat', 'Ecologists study a wide range of topics at every level, from the molecular and cellular level to the global and ecosystem level. At the most basic level, ecologists might study the structure and function of living organisms, such as cells, tissues, and organisms, while at a more advanced level, ecologists might study the', 'Ecologists study living organisms and their interactions with the environment at various levels, including: \n\n- Biodiversity: the variety of different species, habitats, and ecosystems\n- Population: the number and distribution of individuals of a species\n- Community: the interactions and relationships between different species in a particular ecosystem\n- E']","Ecologists study various aspects of the natural world, including the interactions between living organisms and their environment at different levels, including:

* Population ecology: the study of populations of organisms, including their dynamics, behavior, and interactions with their environment.
* Community ecology: the study of communities of organisms living together in a specific habitat",0.42466416784104555,0.0,0.0,1,5
sciq_0074,What phase does the nuclear envelope begin to break down?,science,"['The nuclear envelope begins to break down in the process of apoptosis, or programmed cell death. This is typically triggered by stress signals that cause the formation of pores in the nuclear envelope, leading to the release of cellular contents into the cytoplasm.', 'The nuclear envelope begins to break down during the process of apoptosis, which is programmed cell death. Specifically, the nuclear envelope begins to rupture around 30 minutes before cell death, and the outer membrane of the nucleus starts to break down around 1-2 hours after cell death has occurred.', 'The nuclear envelope begins to break down in the final stages of apoptosis, specifically during the ""pseudoplasma shrinkage"" phase, where the nuclear envelope dissolution and the formation of the apoptotic membrane occur.', 'The nuclear envelope begins to break down during the process of apoptosis, or programmed cell death, which is a natural process that occurs in cells to remove damaged or unwanted cells from the body. This breakdown of the nuclear envelope is typically triggered by the release of cytochrome c from the mitochondria, which ultimately leads to the', 'The nuclear envelope begins to break down during the process of apoptosis, specifically in the stage of programmed cell death, also known as apoptosis, where the plasma membrane starts to rupture and the nuclear envelope is dismantled. This process is a series of cellular events that ultimately lead to cell death, and is a key mechanism for eliminating']","The nuclear envelope begins to break down during the process of apoptosis, specifically in the stage of programmed cell death, also known as apoptosis, where the plasma membrane starts to rupture and the nuclear envelope is dismantled. This process is a series of cellular events that ultimately lead to cell death, and is a key mechanism for eliminating",0.4629942622883571,0.0,0.0,1,5
sciq_0075,How do prokaryotic cells divide?,science,"[""Prokaryotic cells, such as bacteria, divide through a process called binary fission, where the cell splits into two identical daughter cells that are genetically identical to the parent cell, resulting in a doubling of the cell's size and a reduction of the number of chromosomes by half. This process typically occurs through a process"", 'Prokaryotic cells, such as bacteria, divide through a process called binary fission, where the cell splits into two identical daughter cells, each with the same number of chromosomes as the parent cell, through a process of cell division that involves the separation of the nucleus and the cytoplasm.', 'Prokaryotic cells, such as bacteria, divide by a process called binary fission, where the cell divides into two daughter cells that are genetically identical to the parent cell, with each new cell receiving a complete set of chromosomes. This process involves a rapid cell division, resulting in two identical cells that are genetically identical', 'Prokaryotic cells, such as bacteria, divide through a process called binary fission, where the cell grows, replicates its DNA, and then divides into two identical daughter cells by splitting into two daughter cells, each with a complete set of genetic material. This process occurs without the presence of a nucleus, and', ""Prokaryotic cells, such as bacteria, divide through a process called binary fission, where the cell replicates its DNA, divides into two identical daughter cells, and then divides again through a process called cleavage, resulting in a new generation of cells. This process involves the duplication of the cell's DNA,""]","Prokaryotic cells, such as bacteria, divide through a process called binary fission, where the cell splits into two identical daughter cells that are genetically identical to the parent cell, resulting in a doubling of the cell's size and a reduction of the number of chromosomes by half. This process typically occurs through a process",0.6174717607959039,0.08163265306122448,0.04081632653061224,0,5
sciq_0076,What is the name of the molecule which has one carbon and four hydrogen atoms?,science,"['The molecule with one carbon and four hydrogen atoms is methane (CH4).', 'The molecule with one carbon and four hydrogen atoms is methane (CH4).', 'The molecule with one carbon and four hydrogen atoms is methane (CH4).', 'The molecule with one carbon and four hydrogen atoms is methane (CH4).', 'The molecule with one carbon and four hydrogen atoms is methane (CH4).']",The molecule with one carbon and four hydrogen atoms is methane (CH4).,1.0,0.16666666666666669,0.15384615384615385,0,5
sciq_0077,Most fungi get organic compounds from what?,science,"['Most fungi get organic compounds from dead and decaying organic matter, such as dead plants, animals, and other organic materials. They obtain these compounds by decomposing or breaking down these organic materials in the soil or decaying wood.', 'Most fungi get organic compounds from decomposing plant material.', 'Most fungi get organic compounds from organic matter, which includes decaying plants and animals, as well as dead organic material from the environment, such as dead leaves, branches, and other plant material.', 'Most fungi get organic compounds from decomposing dead plants and animals, as well as from other organic matter that is broken down by their enzymes.', 'Most fungi get organic compounds from decomposing organic matter, such as dead plants, animals, and other organic material. They also obtain nutrients by breaking down and absorbing them from the soil and other organic-rich environments.']","Most fungi get organic compounds from decomposing organic matter, such as dead plants, animals, and other organic material. They also obtain nutrients by breaking down and absorbing them from the soil and other organic-rich environments.",0.5064304399136509,0.05405405405405405,0.05405405405405405,1,5
sciq_0078,"What nervous system is divided into two parts, the sensory division and the motor division?",science,"['The nervous system is divided into two main parts: the central nervous system (CNS) and the peripheral nervous system (PNS).', 'The nervous system is divided into two main parts: the central nervous system (CNS) and the peripheral nervous system (PNS). The CNS includes the brain and spinal cord, which process information, control body functions, and transmit signals, while the PNS includes the nerves that connect the CNS to the rest of the', 'The nervous system is divided into two main parts: the central nervous system (CNS) and the peripheral nervous system (PNS). The central nervous system includes the brain and spinal cord, while the peripheral nervous system includes all the nerves that connect the CNS to the rest of the body, such as the nerves in the', 'The nervous system is divided into two main parts: the central nervous system (CNS) and the peripheral nervous system (PNS).', 'The nervous system is divided into the central nervous system (CNS) and the peripheral nervous system (PNS), but specifically, the nervous system is also divided into the central nervous system (CNS), which includes the brain and spinal cord, and the peripheral nervous system (PNS), which includes the nerves and gang']",The nervous system is divided into two main parts: the central nervous system (CNS) and the peripheral nervous system (PNS).,0.6242031049708017,0.1111111111111111,0.1111111111111111,1,5
sciq_0079,We must remember that the formal charge calculated for an atom is not the actual charge of the atom in the molecule. formal charge is only a useful bookkeeping procedure; it does not indicate the presence of these?,science,"['The formal charge is a concept used in quantum mechanics to calculate the charge on an atom in a molecule, but it does not directly indicate the presence of any specific atoms or groups of atoms in the molecule.', 'The formal charge is a useful bookkeeping procedure, but it does not indicate the presence of any unpaired electrons or unshared electrons in a molecule, which are the actual charges that contribute to the overall charge of the atom in the molecule.', 'The formal charge is a useful tool for keeping track of the electrons in an atom, but it does not directly indicate the presence of any of the atoms in a molecule.', 'The formal charge is a useful tool for keeping track of the number of electrons gained or lost by each atom in a molecule, but it does not indicate the presence of any actual chemical bonding or the identity of the atoms involved.', 'The formal charge of an atom is a useful tool for keeping track of the total number of valence electrons and their distribution in a molecule, but it does not directly indicate the presence of any of the following: atoms bonded to the central atom, or any unpaired electrons.']","The formal charge is a useful tool for keeping track of the electrons in an atom, but it does not directly indicate the presence of any of the atoms in a molecule.",0.6127909896270214,0.0,0.0,1,5
sciq_0080,What are most cells surrounded by?,science,"['Most cells are surrounded by a cell membrane, which is a thin layer of lipid bilayer that separates the inside of the cell from its external environment.', 'Most cells are surrounded by a cell membrane, which is a thin, semi-permeable lipid bilayer that separates the cell from its environment.', 'Most cells are surrounded by a cell membrane, which is a thin, flexible layer that separates the cell from its external environment and regulates the movement of substances in and out of the cell.', 'Most cells are surrounded by a cell membrane.', 'Cells are surrounded by a cell membrane, also known as a plasma membrane.']","Most cells are surrounded by a cell membrane, which is a thin layer of lipid bilayer that separates the inside of the cell from its external environment.",0.5340279987451024,0.0,0.0,1,5
sciq_0081,Humans are among the most versatile of mammals with what type of diet?,science,"['Humans are omnivores, which means we are primarily herbivores but also consume animal products, and can adapt to a wide variety of diets including plant-based and animal-based diets.', 'Humans are omnivores, meaning we are adapted to eat a wide variety of foods including fruits, vegetables, grains, proteins, and other animal products. Specifically, we are known to be opportunistic omnivores, which means we will eat a mix of plants and animals as our primary source of nutrition.', 'Humans are omnivores, which means we are capable of consuming a wide variety of foods including both plant-based and animal-based diets. Specifically, our diet consists of a mix of fruits, vegetables, grains, proteins from animals, and dairy products, as well as a variety of processed and packaged foods.', 'Humans are omnivores, which means they primarily eat both plants and animals as their main source of nutrition, but they also have a significant amount of carbohydrates, proteins, and fats in their diet.', 'Humans are omnivores, which means we are opportunistic eaters that consume a wide variety of foods, including fruits, vegetables, grains, proteins, and other plant and animal products. We are also capable of eating a range of foods, from raw meat and fish to dairy products and sweets, depending on the region']","Humans are omnivores, which means we are capable of consuming a wide variety of foods including both plant-based and animal-based diets. Specifically, our diet consists of a mix of fruits, vegetables, grains, proteins from animals, and dairy products, as well as a variety of processed and packaged foods.",0.45651026184885557,0.0,0.0,1,5
sciq_0082,What particles ancient greeks propose that matter consists of ?,science,"['The ancient Greeks proposed that matter consists of four elements: earth, air, fire, and water.', 'The ancient Greeks proposed that matter consists of tiny indivisible particles called atoms.', 'The ancient Greeks proposed that matter consists of tiny indivisible particles called atoms.', 'The ancient Greeks proposed that matter consists of four fundamental particles: earth, air, fire, and water.', 'The ancient Greeks proposed that matter consists of atoms.']",The ancient Greeks proposed that matter consists of tiny indivisible particles called atoms.,0.7003719274783742,0.15384615384615385,0.0,0,5
sciq_0083,Solute potential is also called osmotic potential because solutes affect the direction of what?,science,"['Osmotic potential is also called osmotic pressure because it affects the direction of water movement across the cell membrane, causing water molecules to flow out of the cell or into the cell if there is a concentration gradient.', 'Osmotic potential is also called osmotic pressure, which is the pressure exerted by a solution that is caused by the movement of water molecules through a semipermeable membrane, resulting in equal concentrations of solutes on both sides of the membrane.', 'Osmotic potential is also called osmotic pressure. Solutes affect the direction of water flow across a semipermeable membrane, which is the process of osmosis.', 'Solute potential, also known as osmotic potential, is affected the direction of water movement through a semipermeable membrane, which is the movement of water molecules from an area of high solute concentration to an area of low solute concentration.', 'Solute potential is also called osmotic potential because solutes affect the direction of water movement across a semipermeable membrane, which is a key component of the osmosis process.']","Osmotic potential is also called osmotic pressure. Solutes affect the direction of water flow across a semipermeable membrane, which is the process of osmosis.",0.5104987706913559,0.0909090909090909,0.0,0,5
sciq_0084,"The components of a mixture keep their own identity when they combine, so they retain what type of properties, such as boiling point and ability to dissolve?",science,"['The components of a mixture, such as a solution, retain the properties of the individual components, including boiling point and solubility, as long as they are in a uniform mixture.', 'The components of a mixture retain the properties of their individual components, such as boiling point and ability to dissolve, as long as they are in the same proportion.', 'The components of a mixture retain their own properties, such as boiling point and ability to dissolve, as long as they are in a uniform mixture, meaning the concentrations of the components are equal.', 'The components of a mixture keep their own identity when they combine, and this is known as molecular identity. As a result, the mixture retains its boiling point and ability to dissolve properties, such as boiling point and solubility.', 'When two or more substances combine to form a new substance, their individual properties are retained, so they do not mix together. As a result, the boiling point and ability to dissolve remain the same for each component, but the resulting mixture may have different physical properties such as viscosity, surface tension, and density.']","The components of a mixture retain the properties of their individual components, such as boiling point and ability to dissolve, as long as they are in the same proportion.",0.5412990163730692,0.0,0.0,1,5
sciq_0085,What term is used to describe  is the spontaneous emission of particles and radiation from atomic nuclei?,science,"['The term used to describe the spontaneous emission of particles and radiation from atomic nuclei is beta decay.', 'The term used to describe the spontaneous emission of particles and radiation from atomic nuclei is alpha decay.', 'The term used to describe the spontaneous emission of particles and radiation from atomic nuclei is alpha decay.', 'The term used to describe the spontaneous emission of particles and radiation from atomic nuclei is beta radiation.', 'The term used to describe the spontaneous emission of particles and radiation from atomic nuclei is alpha decay.']",The term used to describe the spontaneous emission of particles and radiation from atomic nuclei is alpha decay.,0.9375,0.0,0.0,1,5
sciq_0086,What are atoms with unstable nuclei are considered to be?,science,"['Atoms with unstable nuclei are considered to be radioactive. They are unstable because their nuclei have too many or too few neutrons or protons, causing a change in their atomic number (number of protons) or atomic mass (total number of protons and neutrons), which leads to a loss or gain of energy.', 'Atoms with unstable nuclei are considered to be radioactive. They are typically denoted as ""radioactive isotopes"" and have a short half-life, meaning they decay quickly into more stable elements.', 'Atoms with unstable nuclei are considered to be radioactive, meaning they have an unstable nuclear state and undergo radioactive decay to become more stable.', 'Atoms with unstable nuclei are considered to be radioactive.', 'Atoms with unstable nuclei are considered to be radioactive.']",Atoms with unstable nuclei are considered to be radioactive.,0.5049059634310458,0.19999999999999998,0.19999999999999998,1,5
sciq_0087,What type of organism generally lives in or on its host?,science,"['Most invertebrates, such as insects, arachnids, and crustaceans, generally live in or on their host, while vertebrates, such as fish, mammals, and birds, do not.', 'A protozoan.', 'A parasitic organism generally lives in or on its host.', 'Most invertebrate animals generally live in or on their host, such as insects, arachnids, and crustaceans, as well as some vertebrates like birds, reptiles, and fish.', 'A parasite generally lives in or on its host.']",A parasite generally lives in or on its host.,0.2745607333842628,0.2222222222222222,0.0,0,5
sciq_0088,Cardiac muscle is found only in which part of the heart?,science,"['Cardiac muscle is found in the heart valves.', 'Cardiac muscle is found only in the heart itself, specifically in the septa and endocardium of the heart, but not in the myocardium, which is the middle layer of the heart wall.', ""Cardiac muscle is found in the heart, specifically in the cardiac muscle cells called cardiomyocytes, which make up the heart's muscular walls, including the atria, ventricles, and septa."", 'Cardiac muscle is found in the heart, specifically in the myocardium, which is the inner layer of the heart wall that surrounds the chambers and valves.', 'Cardiac muscle is found only in the endocardium of the heart, not the myocardium.']","Cardiac muscle is found in the heart, specifically in the myocardium, which is the inner layer of the heart wall that surrounds the chambers and valves.",0.496293112692008,0.0,0.0,1,5
sciq_0089,"What occurs not only as organisms grow, but as they reproduce.",science,"['The process you are referring to is called ""metamorphosis."" In animals, metamorphosis is the dramatic and significant physical change that occurs as an individual undergoes development from a juvenile stage to an adult stage, often involving a conspicuous and dramatic transformation in form or structure.', 'The process of asexual reproduction, also known as asexual generation, is the production of offspring that are genetically identical to the parent, and is not limited to growth and development. This includes both mitosis (which results in the production of two genetically identical daughter cells) and budding, fragmentation, and binary fission,', 'Photosynthesis.', 'Metabolism.', 'The process of growth and reproduction in organisms is known as ""metamorphosis,"" which occurs in many types of life forms, including insects, amphibians, and some types of fish, where it involves a dramatic transformation from a juvenile or larval stage to an adult stage.']","The process of growth and reproduction in organisms is known as ""metamorphosis,"" which occurs in many types of life forms, including insects, amphibians, and some types of fish, where it involves a dramatic transformation from a juvenile or larval stage to an adult stage.",0.10566050504332762,0.0,0.0,1,5
sciq_0090,"What anatomical structures insulate, protect and provide sensory input?",science,"['The key anatomical structures that insulate, protect, and provide sensory input include the skin, the meninges (the protective membranes that cover the brain and spinal cord), the dura mater (a thick, fibrous membrane surrounding the brain and spinal cord), and the cerebrospinal fluid (CSF) that', 'The three main anatomical structures that insulate, protect, and provide sensory input are:\n\n1. The skin: Provides a physical barrier against external stimuli, protects the underlying tissues, and enables sensory perception.\n2. The meninges: Protect the brain and spinal cord by encasing them in a protective layer of tissue,', 'The main anatomical structures that insulate, protect, and provide sensory input are:\n\n1. Skin (the outermost layer of the body, which provides a physical barrier against external factors)\n2. The sclera (the white part of the eye, which protects the eye and provides visual input)\n3. The men', 'The key anatomical structures that insulate, protect, and provide sensory input are the:\n\n- Skin (the outermost layer of the body)\n- Nerves (which transmit sensory information from sensory receptors to the central nervous system)\n- Muscles (which protect the internal structures and facilitate movement)\n- Bones (which provide', 'The main anatomical structures that insulate, protect, and provide sensory input include the skin, the outer ear (pinna or auricle), the tympanic membrane (eardrum), the middle ear bones (ossicles), the inner ear structures (cochlea, vestibular apparatus, and inner ear fluid),']","The three main anatomical structures that insulate, protect, and provide sensory input are:

1. The skin: Provides a physical barrier against external stimuli, protects the underlying tissues, and enables sensory perception.
2. The meninges: Protect the brain and spinal cord by encasing them in a protective layer of tissue,",0.38744531742657196,0.0,0.0,1,5
sciq_0091,"Control of the body can be somatic or autonomic, offering one way to divide what organ system by function?",science,"['The autonomic nervous system (ANS) can be divided by function into two main categories: the sympathetic nervous system (SNS) and the parasympathetic nervous system (PNS). The sympathetic nervous system is responsible for the ""fight or flight"" response, controlling involuntary functions such as heart rate, blood pressure', 'The autonomic nervous system can be divided into somatic and autonomic by function, as the autonomic nervous system controls involuntary functions such as heart rate, digestion, and breathing, whereas somatic functions are voluntary and include movement and sensation.', ""The somatic nervous system and autonomic nervous system can be divided by their control over the body's involuntary functions, with the somatic nervous system controlling voluntary functions such as movement and sensation, and the autonomic nervous system controlling involuntary functions such as heart rate and digestion."", 'The nervous system can be somatic or autonomic, offering one way to divide the organ system by function. The somatic nervous system is responsible for voluntary movements, sensory perception, and control of body temperature, while the autonomic nervous system controls involuntary functions such as heart rate, digestion, and blood pressure.', 'The autonomic nervous system (ANS) is often considered the body\'s ""control center"" and is responsible for controlling the body\'s automatic functions, while the somatic nervous system is responsible for voluntary control. The somatic nervous system is further divided into two branches: the somatic motor nervous system, which controls voluntary movements']","The somatic nervous system and autonomic nervous system can be divided by their control over the body's involuntary functions, with the somatic nervous system controlling voluntary functions such as movement and sensation, and the autonomic nervous system controlling involuntary functions such as heart rate and digestion.",0.5033693954574121,0.08888888888888888,0.04444444444444444,0,5
sciq_0092,What blood-carrying structures contain one-way valves that contribute to the return of blood to the heart?,science,"['The blood-carrying structures that contain one-way valves that contribute to the return of blood to the heart are the pulmonary veins and the superior vena cava.', 'The blood-carrying structures that contain one-way valves and contribute to the return of blood to the heart are the atrioventricular valves, specifically the tricuspid valve (between the right atrium and right ventricle) and the mitral valve (between the left atrium and left ventricle).', 'The structures that contain one-way valves that contribute to the return of blood to the heart are the pulmonary veins, which carry deoxygenated blood from the lungs to the right atrium, and the aortic valve, which prevents blood from flowing backward into the left ventricle.', 'The blood-carrying structures that contain one-way valves that contribute to the return of blood to the heart are the atrioventricular valves. Specifically, the tricuspid valve, mitral valve, and pulmonary valve are the three pairs of one-way valves that prevent blood from flowing backward into the heart.', 'The blood-carrying structures that contain one-way valves and contribute to the return of blood to the heart are the atrioventricular valves, specifically the tricuspid and mitral valves.']","The blood-carrying structures that contain one-way valves and contribute to the return of blood to the heart are the atrioventricular valves, specifically the tricuspid and mitral valves.",0.6232429152865693,0.0,0.0,1,5
sciq_0093,"In astronomy, what are so dense that not even light can escape their gravity?",science,"['In astronomy, black holes are regions of space where the density of matter is so high that not even light can escape their gravity. The density of matter within a black hole is typically measured to be around 10^17 kilograms per cubic centimeter (kg/cm^3), which is much denser than the density of', 'The answer is a white dwarf star. White dwarfs are incredibly dense objects that are so massive that not even light can escape their gravitational pull, a phenomenon known as ""black hole formation"" or ""white dwarf degeneracy pressure.""', 'In astronomy, the objects that are so dense that not even light can escape their gravity are black holes.', 'The answer is a black hole. Black holes are regions in space where the gravitational pull is so strong that not even light can escape, and they are characterized by their extremely high density.', 'In astronomy, the objects that are so dense that not even light can escape their gravity are called black holes.']","In astronomy, the objects that are so dense that not even light can escape their gravity are black holes.",0.5152316098872745,0.19999999999999998,0.09999999999999999,0,5
sciq_0094,"Water is considered a what since it is a polar molecule with slightly positive and slightly negative charges, so ions and polar molecules can readily dissolve in it?",science,"['Water is a polar molecule because it has a slightly positive hydrogen end and a slightly negative oxygen end, allowing it to form hydrogen bonds with other water molecules.', 'Water is considered a polar molecule because it has a slightly positive hydrogen atom bonded to a slightly negative oxygen atom, resulting in a partial positive charge on the hydrogen atoms and a partial negative charge on the oxygen atom. This polarity allows water molecules to form hydrogen bonds with each other, enabling them to dissolve a wide range of substances', 'Water is considered a polar molecule.', 'Water is considered a polar molecule since it has a slightly positive charge on the hydrogen atoms and a slightly negative charge on the oxygen atoms. This polarity allows water to form hydrogen bonds with other water molecules, which enables it to dissolve a wide variety of substances, including salts and other polar molecules.', 'Water is considered an ionic compound, not a polar molecule. It is a polar molecule due to its slightly positive hydrogen atoms and slightly negative oxygen atoms, but its ionic nature means it dissociates into ions (H+ and OH-) that are attracted to each other, making it a polar compound.']","Water is considered a polar molecule since it has a slightly positive charge on the hydrogen atoms and a slightly negative charge on the oxygen atoms. This polarity allows water to form hydrogen bonds with other water molecules, which enables it to dissolve a wide variety of substances, including salts and other polar molecules.",0.388697345367112,0.0,0.0,1,5
sciq_0095,What kind of weather can you expect if a center of low pressure is moving your way?,science,"['If a center of low pressure is moving towards you, you can expect a low-pressure system to bring a mass of moist air with it, leading to precipitation, thunderstorms, and strong winds, often with a mix of rain and hail. The type of weather associated with a low-pressure system moving towards you can vary depending', 'If a center of low pressure is moving towards you, you can expect a change in the weather, typically characterized by increasing cloudiness, cooler temperatures, and possibly some precipitation, such as rain or showers, depending on the strength and duration of the low-pressure system.', 'If a center of low pressure is moving your way, you can expect to experience a change in weather, typically characterized by increasing temperatures, precipitation, and possibly thunderstorms or heavy rain. The specific weather conditions will vary depending on the region and the strength of the low-pressure system, but generally, you can expect to see', 'If a center of low pressure is moving towards you, you can expect a decrease in humidity, as warm, moist air from the low-pressure system moves in, bringing with it a chance of scattered thunderstorms, showers, or even heavy rain. This can also lead to a gentle to moderate breeze, often accompanied by a', 'If a center of low pressure is moving towards you, you can expect to experience a low-pressure system with increasing cloudiness, cooler temperatures, and increased precipitation, such as rain or thunderstorms. The exact type of weather will depend on the specific location and the strength of the low-pressure system, but generally, you can']","If a center of low pressure is moving towards you, you can expect to experience a low-pressure system with increasing cloudiness, cooler temperatures, and increased precipitation, such as rain or thunderstorms. The exact type of weather will depend on the specific location and the strength of the low-pressure system, but generally, you can",0.5638921312235998,0.0,0.039999999999999994,1,5
sciq_0096,What type of climate does the coast of california have?,science,"['The coast of California has a Mediterranean climate, characterized by mild, wet winters and cool, dry summers, with significant rainfall occurring mainly during the winter months. The coastal regions tend to be cooler and wetter than inland areas, with temperatures often reaching the mid-60s to mid-70s Fahrenheit (18-24', 'The coast of California is generally classified as a Mediterranean climate, characterized by mild, wet winters and dry summers, with temperatures often ranging from 40°F to 60°F (4°C to 15°C).', 'The coast of California has a Mediterranean climate, characterized by mild, wet winters and cool, dry summers, with a distinct dry season from June to September. The coastal regions tend to be cooler and more humid than inland areas, with average temperatures ranging from the mid-40s to mid-70s Fahrenheit (7-', 'The coast of California has a Mediterranean climate, characterized by mild, wet winters and dry summers, with significant precipitation occurring during the winter months. The coastal regions of California, particularly the southern part of the state, experience a Mediterranean climate type, with warm to hot summers and mild winters.', 'The coast of California has a Mediterranean climate, characterized by mild, wet winters and dry summers, with significant rainfall along the Pacific coast. The coastal areas receive most of their rainfall from the winter storms that bring fog from the Pacific Ocean.']","The coast of California has a Mediterranean climate, characterized by mild, wet winters and cool, dry summers, with significant rainfall occurring mainly during the winter months. The coastal regions tend to be cooler and wetter than inland areas, with temperatures often reaching the mid-60s to mid-70s Fahrenheit (18-24",0.5050587712037903,0.042553191489361694,0.0,0,5
sciq_0097,What rock group offers the richest source of fossils?,science,"['The rock group that offers the richest source of fossils is the Trilobites, however, they are more commonly associated with Jurassic and Cretaceous rocks. However, the richest source of fossils is actually the Burgess Shale in British Columbia, Canada, which contains an exceptionally high concentration of fossils of trilobites', 'The rock group that offers the richest source of fossils is the Pennsylvanian period sedimentary rock, which dates back to the Carboniferous period, and is particularly rich in fossils of the trilobites, brachiopods, and crinoids. However, the most famous and extensive fossil deposits come', 'The rock group that offers the richest source of fossils is the Pennsylvanian coal deposits, which are known for containing high concentrations of ancient brachiopods, trilobites, and crinoids.', 'The rock group that offers the richest source of fossils is the Trilobites, particularly from the Cambrian to Permian periods. Trilobites are a type of ancient arthropod that can be found in fossil beds in North America and Europe.', 'The rock group that offers the richest source of fossils is the Coal Formation, which is primarily composed of coal, and the Jurassic period, particularly the Jurassic coal deposits in North America and Europe. However, another contender for the richest source of fossils is the Jurassic coal deposits in the United Kingdom, particularly in the Coal Measures,']","The rock group that offers the richest source of fossils is the Pennsylvanian period sedimentary rock, which dates back to the Carboniferous period, and is particularly rich in fossils of the trilobites, brachiopods, and crinoids. However, the most famous and extensive fossil deposits come",0.44395129710130626,0.05128205128205127,0.0,0,5
sciq_0098,What is another name for the vertebral column?,science,"['The vertebral column is commonly referred to as the ""spine"".', 'The vertebral column is also known as the spine.', 'The vertebral column is also commonly referred to as the spine.', 'The vertebral column is also commonly referred to as the spine.', 'The vertebral column is also commonly referred to as the spine.']",The vertebral column is also commonly referred to as the spine.,0.8740196078431373,0.0,0.1818181818181818,1,5
sciq_0099,The sex of developing crocodilians is determined by what during incubation?,science,"['The sex of developing crocodilians is determined by the presence or absence of the sex chromosomes, specifically the Y chromosome, during incubation. In most crocodilians, including crocodiles, all individuals are born with an XY sex chromosome pattern, and the presence of a Y chromosome is typically associated with male development,', 'The sex of developing crocodilians is determined by the presence of a specific sex chromosome, specifically the Y chromosome in males and X chromosome in females, during incubation.', 'The sex of developing crocodilians is determined by the temperature of the incubation environment, specifically the temperature of the eggs or hatchlings. In general, incubation temperatures that are higher (around 32-34°C) tend to produce females, while lower temperatures (around 28-30°C) tend to produce', 'The sex of developing crocodilians, including alligators and caimans, is determined by the presence or absence of the sex chromosomes, X and Y. During incubation, the presence of the Y chromosome is sufficient to determine male development, while the absence of the Y chromosome determines female development.', 'The sex of developing crocodilians is determined by the temperature of the incubation environment, specifically the temperature of the water. In general, males are more sensitive to temperature and are often incubated at higher temperatures than females.']","The sex of developing crocodilians is determined by the presence of a specific sex chromosome, specifically the Y chromosome in males and X chromosome in females, during incubation.",0.4552269600791224,0.07407407407407407,0.07407407407407407,1,5
sciq_0100,"Like the frame of a house, what gives the cell an internal structure?",science,"[""The cell's internal structure is often referred to as the cell membrane, but it's not a frame. The cell membrane is a thin, semi-permeable lipid bilayer that surrounds the cell and regulates the movement of materials in and out."", 'The cell has a cell wall.', 'The cell gives the internal structure of a cell frame, also known as the cytoplasm, which is a gel-like substance surrounding the nucleus and organelles within a cell.', 'The cell has a cytoplasm that gives it a frame, but the frame of a house is typically the outer layer of bricks or stones that form the walls. In cells, the cytoplasm is often referred to as the ""cell membrane"" or the ""cell wall"".', 'The cell gives the internal structure of a plant cell. The cell wall is the internal structure that provides support and protection to the cell, composed of cellulose, hemicellulose, and pectin.']","The cell gives the internal structure of a plant cell. The cell wall is the internal structure that provides support and protection to the cell, composed of cellulose, hemicellulose, and pectin.",0.2908556593809712,0.0,0.07692307692307693,1,5
sciq_0101,About half of what type of radiation is absorbed in the first 15 meters of water?,science,"['About 85% of the radiation is absorbed in the first 15 meters of water.', 'About 85% of the radiation is absorbed in the first 15 meters of water.', 'About 85% of the radiation is absorbed in the first 15 meters of water.', 'About 90% of the radiation is absorbed in the first 1 meter of water.', 'About 50% of the radiation absorbed in the first 15 meters of water.']",About 85% of the radiation is absorbed in the first 15 meters of water.,0.8554347826086957,0.0,0.0,1,5
sciq_0102,What kind of muscle is the heart mainly composed of?,science,"['The heart is mainly composed of cardiac muscle cells, specifically cardiac muscle cells (cardiomyocytes), which are specialized muscle cells that contract and relax to pump blood throughout the body.', 'The heart is mainly composed of cardiac muscle cells, which are specialized muscle cells called cardiomyocytes. These cardiomyocytes are responsible for pumping blood throughout the body and are capable of contracting and relaxing in a coordinated manner to regulate blood pressure and flow.', 'The heart is mainly composed of cardiac muscle cells, specifically cardiac myocytes, which are a type of muscle cell that are specialized for contraction and relaxation to pump blood throughout the body.', 'The heart is mainly composed of cardiac muscle cells, specifically cardiac muscle cells (also known as cardiomyocytes), which are a type of muscle cell that is specialized for contraction and relaxation to pump blood throughout the body. These cells are contractile and have a high proportion of contractile proteins, such as actin and my', 'The heart is mainly composed of cardiac muscle cells, specifically cardiomyocytes, which are a type of muscle cell that are specialized for contraction and pumping blood throughout the body.']","The heart is mainly composed of cardiac muscle cells, specifically cardiac myocytes, which are a type of muscle cell that are specialized for contraction and relaxation to pump blood throughout the body.",0.6694608066440376,0.12903225806451613,0.06451612903225806,0,5
sciq_0103,What is the term for the force that a magnet exerts on certain materials?,science,"['The term for the force that a magnet exerts on certain materials is magnetism. Magnetism is a physical phenomenon where a magnet induces an electric current in other materials, causing them to move or change their motion.', 'The term for the force that a magnet exerts on certain materials is magnetism. Magnetism is a physical phenomenon where a magnet produces a force on other magnets or ferromagnetic materials, and on non-magnetic materials that are in close proximity to it.', 'The term for the force that a magnet exerts on certain materials is magnetism.', 'The term for the force that a magnet exerts on certain materials is magnetism.', 'The term for the force that a magnet exerts on certain materials is magnetism. Magnetism is a physical phenomenon where a magnet attracts certain materials, such as iron, nickel, and cobalt, due to the interaction between magnetic fields.']",The term for the force that a magnet exerts on certain materials is magnetism.,0.584647060711713,0.15384615384615385,0.15384615384615385,1,5
sciq_0104,Silk and cotton are examples of what kind of fiber?,science,"['Silk and cotton are examples of natural fibers.', 'Silk and cotton are examples of natural fibers.', 'Silk and cotton are both examples of natural fibers.', 'Silk and cotton are both examples of natural fibers.', 'Silk and cotton are both examples of natural fibers. Silk is a natural protein fiber obtained from silkworms, while cotton is a natural fiber obtained from the cotton plant (Gossypium hirsutum).']",Silk and cotton are both examples of natural fibers.,0.7626567744214803,0.19999999999999998,0.0,0,5
sciq_0105,"The small, rocky bodies that orbit the sun are called what?",science,"['Planets.', 'The small, rocky bodies that orbit the sun are called planets.', 'Planets.', 'The small, rocky bodies that orbit the sun are called ""planets.""', 'The small, rocky bodies that orbit the sun are called planetesimals.']","The small, rocky bodies that orbit the sun are called planets.",0.45777777777777773,0.0,0.0,1,5
sciq_0106,About what percentage of the earth's water is fresh water?,science,"[""About 2.5% of the Earth's water is fresh water, and the majority of this is frozen in glaciers and ice caps. The remaining freshwater is mostly found in rivers, lakes, and underground aquifers."", ""About 97.6% of the Earth's water is freshwater, with the remaining 2.4% consisting of ice and other frozen water."", ""About 2.5% of the Earth's water is fresh water, while the remaining 97.5% is saltwater."", ""About 97.6% of the Earth's water is freshwater, with the remaining 2.4% being saltwater."", ""Approximately 97.5% of the Earth's water is freshwater, with only 2.5% being saltwater.""]","About 97.6% of the Earth's water is freshwater, with the remaining 2.4% being saltwater.",0.5598220120457595,0.0,0.0,1,5
sciq_0107,Hydrophilic molecules generally avoid what other kinds of molecules?,science,"['Hydrophilic molecules generally avoid nonpolar molecules.', 'Hydrophilic molecules, which are attracted to water, tend to avoid non-polar or hydrophobic molecules.', 'Hydrophilic molecules generally avoid nonpolar molecules.', 'Hydrophilic (water-loving) molecules tend to avoid nonpolar molecules.', 'Hydrophilic (water-attracting) molecules generally avoid nonpolar molecules.']",Hydrophilic molecules generally avoid nonpolar molecules.,0.6533522104493971,0.0,0.0,1,5
sciq_0108,Why do fish have short esophaguses?,science,"[""Fish have short esophaguses because they don't have a muscular tube called a pharynx, which is present in humans and other mammals, that helps to mix and propel food through the digestive system. Instead, fish have a simpler digestive system that involves a single opening called the mouth, a gill slits"", 'Fish have short esophaguses because they are aquatic animals and their digestive system is adapted for a diet of fast-moving, high-volume food sources, such as plankton and small invertebrates, which are often encountered in water. As a result, their esophagus is shorter to allow for efficient and rapid passage', 'Fish have short esophaguses because they do not have a muscular pharynx, which is a characteristic feature of vertebrates like humans and many other animals. Instead, fish use a unique type of muscle called peristalsis to propel food into their mouths, where it is swallowed.', 'Fish have short esophaguses because they are designed to be highly efficient and lightweight, allowing them to conserve energy and swim quickly and efficiently through the water. The short esophagus is also thought to be an adaptation to the high water pressure in the ocean, where fish need to quickly propel themselves through the water to', 'Fish have short esophaguses because their digestive system is adapted for a slow and efficient process of filtering small food particles from the water, rather than for a rapid and mechanical breakdown of larger food items. This is because fish have a simple, single-chambered stomach and a long, slender digestive system that allows for']","Fish have short esophaguses because they are aquatic animals and their digestive system is adapted for a diet of fast-moving, high-volume food sources, such as plankton and small invertebrates, which are often encountered in water. As a result, their esophagus is shorter to allow for efficient and rapid passage",0.33543171389135756,0.0,0.0,1,5
sciq_0109,Malonate plays what negative role on the enzyme succinate dehydrogenase?,science,"['Malonate plays a positive role on the enzyme succinate dehydrogenase.', 'Malonate is an inhibitor of succinate dehydrogenase, an enzyme that plays a negative role in the citric acid cycle (also known as the Krebs cycle or TCA cycle).', 'Malonate plays a negative role on the enzyme succinate dehydrogenase.', 'Malonate plays a positive role on the enzyme succinate dehydrogenase.', 'Malonate plays a negative role on the enzyme succinate dehydrogenase.']",Malonate plays a negative role on the enzyme succinate dehydrogenase.,0.7177419354838709,0.0,0.0,1,5
sciq_0110,What term describes the process of vesicles fusing with the plasma membrane and releasing their contents to the outside of the cell?,science,"['The term that describes the process of vesicles fusing with the plasma membrane and releasing their contents to the outside of the cell is ""exocytosis"".', 'The term that describes the process of vesicles fusing with the plasma membrane and releasing their contents to the outside of the cell is called exocytosis.', 'The process you are referring to is called exocytosis.', 'The process of vesicles fusing with the plasma membrane and releasing their contents to the outside of the cell is called exocytosis.', 'The term that describes the process of vesicles fusing with the plasma membrane and releasing their contents to the outside of the cell is called exocytosis.']",The term that describes the process of vesicles fusing with the plasma membrane and releasing their contents to the outside of the cell is called exocytosis.,0.7052095043197696,0.0909090909090909,0.0,0,5
sciq_0111,"Asteroids, comets, and planets move around the sun in curved paths called what?",science,"['The paths of asteroids, comets, and planets around the sun are called orbits.', 'Asteroids, comets, and planets move around the sun in curved paths called orbits.', 'Asteroids, comets, and planets move around the sun in curved paths called orbits.', 'Asteroids, comets, and planets move around the sun in curved paths called orbits.', 'Asteroids, comets, and planets move around the sun in curved paths called an orbit.']","Asteroids, comets, and planets move around the sun in curved paths called orbits.",0.8793478260869565,0.15384615384615385,0.0,0,5
sciq_0112,What is the process of filtering waste from the kidneys?,science,"['The process of filtering waste from the kidneys involves the glomeruli, a network of tiny blood vessels that filter waste and excess fluids from the blood, which are then reabsorbed or excreted into the urine. The process is performed by the nephrons, the functional units of the kidneys, which contain a', 'The process of filtering waste from the kidneys involves the combination of several steps, including reabsorption, secretion, and excretion. The main function of the kidneys is to filter the blood and remove waste products, excess water, and excess substances from the blood, which is then excreted in the urine.', 'The process of filtering waste from the kidneys involves several steps, including filtration, reabsorption, and secretion, where waste products are removed from the blood and returned to the bloodstream through urine. The kidneys also play a role in regulating electrolyte and water balance, and the blood is filtered to remove excess substances such as ure', 'The process of filtering waste from the kidneys involves several steps, including:\n\n1. **Glomerular filtration**: The kidneys filter waste and excess fluids from the blood through tiny blood vessels called glomeruli, which act as a filter, separating waste from the bloodstream.\n2. **Proteinuria**: The filtered waste and', 'The process of filtering waste from the kidneys involves several steps, including filtration, reabsorption, and secretion. The kidneys filter waste and excess fluids from the blood through the glomeruli, a network of tiny blood vessels, into the nephrons, which are the functional units of the kidneys, where waste and excess substances']","The process of filtering waste from the kidneys involves several steps, including filtration, reabsorption, and secretion. The kidneys filter waste and excess fluids from the blood through the glomeruli, a network of tiny blood vessels, into the nephrons, which are the functional units of the kidneys, where waste and excess substances",0.566765694143685,0.0,0.0,1,5
sciq_0113,"Without particles, water vapor could not do what?",science,"['Without particles, water vapor could not condense into liquid water.', 'Water vapor without particles, also known as water gas, is a gas that does not exist in its liquid or solid form.', 'Water vapor is a gas, and it cannot do its job without being in a liquid state. In its liquid state, water is essential for life, as it is a key component of living organisms and is involved in many biological processes.', 'Water vapor without particles could not condense into liquid water because it lacks the molecules needed to form a liquid.', ""Water vapor is necessary for the formation of clouds, as it cools and condenses into droplets, which eventually fall as precipitation. Without water vapor, precipitation would not occur, and the Earth's climate would be significantly different.""]","Without particles, water vapor could not condense into liquid water.",0.3437298936202235,0.18181818181818182,0.0,0,5
sciq_0114,"What is a therian mammal in which the embryo is born at an early, immature stage?",science,"['A therian mammal, also known as monotremes, is one where the embryo is born at an early, immature stage, and the young are covered in a layer of down feathers, unlike marsupials, which give birth to underdeveloped young that then continue to develop inside a pouch.', 'A therian mammal in which the embryo is born at an early, immature stage is a monotreme, specifically the platypus.', 'A therian mammal in which the embryo is born at an early, immature stage is the platypus.', 'A therian mammal that is characterized by a short, immature stage of development at birth is the opossum.', 'A therian mammal, also known as monotremes, is a type of mammal that gives birth to eggs, but the embryo is born at an early, immature stage, often referred to as a ""thick-shelled embryo"" or ""embryo-stage"" before undergoing a process called ""embryonic']","A therian mammal in which the embryo is born at an early, immature stage is the platypus.",0.47821216149740015,0.0,0.0,1,5
sciq_0115,"One important phenomenon related to the relative strength of cohesive and adhesive forces is capillary action—the tendency of a fluid to be raised or suppressed in a narrow tube, or called this?",science,"['Capillary action is called ""osmosis"".', 'Capillary action is called ""osmosis"".', 'Capillary action is called ""osmosis"".', 'The phenomenon related to the relative strength of cohesive and adhesive forces is capillary action, and it is called ""capillary rise.""', 'The phenomenon you are referring to is capillary action.']","Capillary action is called ""osmosis"".",0.5754985754985755,0.28571428571428575,0.0,0,5
sciq_0116,"Digestive enzymes are released, or secreted, by the organs of which body system?",science,"['Digestive enzymes are secreted by the digestive system. Specifically, they are released by the stomach and small intestine, where they help break down food into nutrients that can be absorbed and utilized by the body.', 'Digestive enzymes are secreted by the salivary glands, stomach, pancreas, and small intestine.', 'Digestive enzymes are secreted by the salivary glands.', 'Digestive enzymes are released, or secreted, by the small intestine.', 'Digestive enzymes are released, or secreted, by the salivary glands.']","Digestive enzymes are released, or secreted, by the salivary glands.",0.5696381211143728,0.1818181818181818,0.0,0,5
sciq_0117,What functions in removing phosphorylated amino acids from proteins?,science,"['Phosphorylation is a post-translational modification that involves the attachment of a phosphate group to an amino acid residue, and it can be removed through dephosphorylation by specific enzymes, such as dephosphorylases or phosphatases. These enzymes can remove phosphate groups from phosphorylated amino acids', 'Phosphatases are enzymes that remove phosphate groups from proteins, including phosphorylated amino acids. These enzymes play a crucial role in various cellular processes, such as signaling pathways, protein degradation, and post-translational modifications.', ""Dephosphorylation is a common function in removing phosphorylated amino acids from proteins, typically through the action of specific enzymes such as protein phosphatases. These enzymes remove phosphate groups from the protein's phosphate groups, leading to the removal of phosphorylated amino acids from the protein."", 'Phosphatases are enzymes that remove phosphate groups from proteins, which is the opposite of phosphorylation. There are several types of phosphatases, including histidine phosphatases, serine/threonine phosphatases, and protein phosphatases, among others, that play various roles in regulating protein function and', 'Phosphatases are enzymes that remove phosphorylated amino acids from proteins, playing a crucial role in various cellular processes such as signal transduction, protein degradation, and cell cycle regulation. Phosphatases like Protein Phosphatase 1 (PP1) and Protein Phosphatidylinositol Phosph']","Phosphatases are enzymes that remove phosphate groups from proteins, including phosphorylated amino acids. These enzymes play a crucial role in various cellular processes, such as signaling pathways, protein degradation, and post-translational modifications.",0.41050159984942597,0.0,0.0,1,5
sciq_0118,What type of map reveals the shape of a landscape?,science,"['A topographic map reveals the shape of a landscape by showing the elevation, relief, and features of the terrain, such as mountains, valleys, rivers, and other landforms.', 'A topographic map reveals the shape of a landscape by showing the elevation, relief, and features of the terrain.', 'A topographic map is a type of map that reveals the shape of a landscape by displaying elevation and contour lines, which indicate the height of the land above sea level.', 'A topographic map, which is a map that shows the shape and features of a specific area, reveals the shape of a landscape.', 'A topographic map reveals the shape of a landscape by showing the contours or elevations of the land, which are lines that connect points of equal elevation. Topographic maps also include other features such as rivers, lakes, and other landforms that are reflected in the shape of the land.']","A topographic map reveals the shape of a landscape by showing the elevation, relief, and features of the terrain.",0.5144104683367491,0.13333333333333333,0.0,0,5
sciq_0119,What is another name for anther pollen sacs?,science,"['Anther pollen sacs are also known as anther locules.', 'Anther pollen sacs are also known as antheral sacs.', 'Another name for anther pollen sacs is anthers.', 'Anther pollen sacs are also known as antherules.', 'Anther pollen sacs are also known as anthers.']",Anther pollen sacs are also known as anthers.,0.6527777777777778,0.0,0.0,1,5
sciq_0120,"Illustrating how form follows function, long, slender protein strands that make up what tissue are essential for contracting and relaxing?",science,"['Muscle tissue is composed of long, slender protein strands called actin filaments and myosin filaments. These filaments work together to create muscle contraction and relaxation, allowing the body to move and function.', 'The answer is: muscles. Long, slender protein strands that make up muscles are essential for contracting and relaxing, as they contain proteins like actin and myosin that slide past each other to produce movement and maintain muscle tone.', 'The answer is: Actin filaments.', 'Muscle tissue, which is composed of long, slender protein strands called actin and myosin filaments, is essential for contracting and relaxing. This type of tissue is known as smooth muscle tissue.', 'The answer is muscle tissue.']","Muscle tissue, which is composed of long, slender protein strands called actin and myosin filaments, is essential for contracting and relaxing. This type of tissue is known as smooth muscle tissue.",0.27886438918604417,0.0625,0.0,0,5
sciq_0121,Biological features from a common evolutionary origin are known as what?,science,"['Biological features that are common across many species, such as eye shape, skin color, and hair texture, are known as homologous features.', 'Biological features that are known to have evolved from a common evolutionary origin are known as homologues.', 'Biological features from a common evolutionary origin are known as homologous structures.', 'Evolutionary features are known as homologues.', 'Biological features from a common evolutionary origin are known as homologues.']",Biological features from a common evolutionary origin are known as homologues.,0.5682739474148143,0.0,0.0,1,5
sciq_0122,Corrosion is usually defined as the degradation of metals due to what?,science,"['Corrosion is usually defined as the degradation of metals due to chemical reactions with their environment, particularly with oxygen, moisture, and other chemicals.', ""Corrosion is usually defined as the degradation of metals due to a chemical reaction with their environment, typically involving a combination of oxygen, moisture, and other substances, resulting in the breakdown of the metal's surface and structure."", ""Corrosion is usually defined as the degradation of metals due to oxidation, which is the reaction between a metal and oxygen in the presence of water, leading to the breakdown of the metal's surface and structure."", 'Corrosion is usually defined as the degradation of metals due to chemical reactions with their environment, specifically with oxygen, water, and other substances present in the air or water.', ""Corrosion is usually defined as the degradation of metals due to chemical reactions with their environment, particularly with oxygen and water, resulting in the formation of oxides, salts, and other compounds that can weaken or break down the metal's structure.""]","Corrosion is usually defined as the degradation of metals due to a chemical reaction with their environment, typically involving a combination of oxygen, moisture, and other substances, resulting in the breakdown of the metal's surface and structure.",0.6256848520628393,0.0,0.0,1,5
sciq_0123,Which membranous organelles in a cell sequence enzyme and electron molecules for efficient cellular respiration?,science,"['The key membranous organelles involved in cellular respiration are:\n\n1. Mitochondria\n2. Chloroplasts (in plant cells)\n\nThese organelles sequence ATP (adenosine triphosphate), which is the primary energy currency of the cell, through the process of cellular respiration, which', 'The membranous organelles involved in efficient cellular respiration are the mitochondria, chloroplasts, and peroxisomes. These organelles work together to sequence the transfer of electrons in the process of cellular respiration, which ultimately produces ATP (adenosine triphosphate) through the citric', 'The key enzymes and electron carriers involved in cellular respiration are:\n\n- Citrate dehydrogenase\n- Succinyl-CoA synthetase\n- Succinate dehydrogenase\n- FAD (flavin adenine dinucleotide)\n- Coenzyme Q\n- Cytochrome c\n\nThese molecules', 'The key membranous organelles involved in efficient cellular respiration are the mitochondria, which sequence the genetic information contained in the DNA and produce the molecules ATP and NADH through the process of cellular respiration. Additionally, the mitochondria also contain the enzyme cytochrome c oxidase, which is crucial', 'The key membranous organelles involved in efficient cellular respiration are:\n\n1. Mitochondria: These are the powerhouses of the cell where cellular respiration takes place, converting glucose into ATP through the process of cellular respiration.\n2. Peroxisomes: These organelles contain enzymes that help break']","The key membranous organelles involved in cellular respiration are:

1. Mitochondria
2. Chloroplasts (in plant cells)

These organelles sequence ATP (adenosine triphosphate), which is the primary energy currency of the cell, through the process of cellular respiration, which",0.42812225246737345,0.05714285714285715,0.0,0,5
sciq_0124,How many families are known quarks divided into?,science,"['Quarks are the building blocks of protons and neutrons, and they are divided into three main categories: up quarks (u) and down quarks (d), which combine to form up quarks and down quarks, and two types of strange quarks (s).', 'There are six families of quarks: the Strang and Charm families, the Top and Bottom families, the Top and Bottom-anti-Top families, the Baryon and Antibaryon families, the Lepton families (the Up and Down families), and the Gluon family.', 'Families of quarks are known as ""flavors.""', 'There are six known families of quarks: up, down, charm, top, strange, and bottom.', 'Families of quarks are divided into three types: up quarks, down quarks, and strange quarks. These families are: up (u), down (d), and strange (s).']","There are six known families of quarks: up, down, charm, top, strange, and bottom.",0.34860435156881336,0.0,0.0,1,5
sciq_0125,Does lava flow quickly or slowly when thick?,science,"['Lava flows quickly when it is thick, as it is more viscous and has a higher viscosity. This means it requires more energy to move, and its speed is typically slower.', 'Lava flows quickly when it is thick, as it has a higher viscosity, meaning it resists deformation and movement, and can travel at a faster speed.', 'Lava flows quickly when it is thick and viscous. When lava is thick and viscous, it tends to flow slowly and steadily, often moving in a downward direction due to gravity.', 'Lava flows more quickly when it is thick. Thicker lava is less likely to be ejected into the air, resulting in slower movement and more gradual flow.', 'Lava flows quickly when it is thick and viscous, meaning it has a high viscosity, which is a measure of its thickness and resistance to flow. In such cases, the lava may flow at speeds of up to 100 miles per hour or more, depending on the specific conditions, but it tends to slow down']","Lava flows quickly when it is thick, as it is more viscous and has a higher viscosity. This means it requires more energy to move, and its speed is typically slower.",0.43373929773929776,0.0,0.06451612903225806,1,5
sciq_0126,What phase does the cell make final preparations to divide?,science,"['The phase where the cell makes final preparations to divide is the M phase (mitosis).', 'The cell makes final preparations to divide in the **mitosis** phase.', 'The cell makes final preparations to divide in the M phase of the cell cycle, also known as the prophase.', 'The cell makes final preparations to divide in the **mitosis** phase.', 'The cell makes final preparations to divide in the G2 (Gap 2) phase.']",The cell makes final preparations to divide in the **mitosis** phase.,0.7176526340004601,0.16666666666666666,0.16666666666666666,1,5
sciq_0127,"What is land with permafrost, no trees, and small hardy plants?",science,"['The answer is permafrost plains or tundra, a region with low-growing, hardy plants such as lichens, mosses, and grasses that can survive in areas with permafrost, which is soil and rock that remains frozen for two or more consecutive years.', 'A tundra.', 'A tundra.', 'The answer is a tundra.', 'This description suggests permafrost terrain, which is land that remains frozen for two or more consecutive years, typically at or below 0°C (32°F). The absence of trees and hardy plants implies that the area is in a cold, boreal or alpine region, where vegetation is limited to grasses,']",A tundra.,0.27845238095238095,1.0,0.0,0,5
sciq_0128,Hydrogen-based fuel cells were and are used to provide what for manned space vehicles?,science,"['Hydrogen-based fuel cells were and are used to generate electricity to power the electric propulsion systems of manned space vehicles, particularly spacecraft.', ""Hydrogen-based fuel cells are used to provide power to manned space vehicles, such as NASA's Space Shuttle and the International Space Station."", 'Hydrogen-based fuel cells were and are used to provide electrical power for manned space vehicles, particularly for propulsion systems and life support systems, as a clean and efficient alternative to traditional fossil fuels.', 'Hydrogen-based fuel cells were and are used to provide power for unmanned spacecraft, specifically for propulsion and life support systems, due to their high energy density and long lifespan.', 'Hydrogen-based fuel cells are used to provide electricity for powered flight in manned spacecraft.']","Hydrogen-based fuel cells were and are used to generate electricity to power the electric propulsion systems of manned space vehicles, particularly spacecraft.",0.5195486256856665,0.08695652173913045,0.0,0,5
sciq_0129,What is the most important function of enzymes in animals?,science,"['The most important function of enzymes in animals is to facilitate chemical reactions that convert energy from one form to another, allowing animals to perform various physiological processes such as digestion, metabolism, and growth, and enabling them to survive and thrive.', 'The most important function of enzymes in animals is to catalyze biochemical reactions that facilitate various cellular processes, such as metabolism, digestion, and energy production, by breaking down complex molecules into simpler ones, which enables the body to use energy efficiently. Enzymes play a crucial role in maintaining cellular homeostasis, regulating', 'The most important function of enzymes in animals is to facilitate chemical reactions that enable the breakdown and utilization of nutrients, such as carbohydrates, proteins, and fats, for energy and growth, and to maintain various bodily functions. Specifically, enzymes play a crucial role in metabolizing nutrients, such as breaking down complex molecules into simpler ones', 'The most important function of enzymes in animals is to catalyze chemical reactions that facilitate various physiological processes, such as metabolism, digestion, and energy production, by speeding up the rate of chemical reactions and enabling the body to convert energy from food into useful forms. Without enzymes, many of these processes would be severely impaired or', 'The most important function of enzymes in animals is to catalyze chemical reactions that facilitate various biological processes, such as digestion, metabolism, and energy production, by speeding up or regulating the rate of these reactions, allowing animals to convert nutrients into energy and maintain homeostasis.']","The most important function of enzymes in animals is to catalyze chemical reactions that facilitate various biological processes, such as digestion, metabolism, and energy production, by speeding up or regulating the rate of these reactions, allowing animals to convert nutrients into energy and maintain homeostasis.",0.5625883239143799,0.0,0.0,1,5
sciq_0130,What process takes place when plants release water vapor through pores in their leaves called stomata?,science,"['The process is called transpiration.', 'The process that takes place when plants release water vapor through pores in their leaves called stomata is known as transpiration.', ""The process that takes place when plants release water vapor through pores in their leaves called stomata is called transpiration. This process involves the movement of water molecules from the leaves through the stomata, into the air as water vapor, and is an essential part of the plant's water cycle."", 'The process that takes place when plants release water vapor through pores in their leaves called stomata is known as transpiration. Transpiration is the process of water evaporation from plant leaves, resulting in the release of water vapor into the air.', ""When plants release water vapor through pores in their leaves called stomata, it's called transpiration.""]",The process that takes place when plants release water vapor through pores in their leaves called stomata is known as transpiration.,0.4668846695907929,0.09523809523809523,0.0,0,5
sciq_0131,The concept that atoms tend to have eight electrons in their valence electron shell is called what?,science,"['The concept that atoms tend to have eight electrons in their valence electron shell is called a noble gas configuration.', 'The concept that atoms tend to have eight electrons in their valence electron shell is called octet rule.', 'The concept that atoms tend to have eight electrons in their valence electron shell is called a noble gas configuration.', 'The concept that atoms tend to have eight electrons in their valence electron shell is called a noble gas configuration.', 'The concept that atoms tend to have eight electrons in their valence electron shell is called the octet rule.']",The concept that atoms tend to have eight electrons in their valence electron shell is called a noble gas configuration.,0.9142857142857144,0.0,0.0,1,5
sciq_0132,What is the force that opposes motion between two surfaces that are touching?,science,"['The force that opposes motion between two surfaces that are touching is called friction.', 'The force that opposes motion between two surfaces that are touching is called friction.', 'The force that opposes motion between two surfaces that are touching is called friction.', 'The force that opposes motion between two surfaces that are touching is called friction.', 'The force that opposes motion between two surfaces that are touching is called friction.']",The force that opposes motion between two surfaces that are touching is called friction.,1.0,0.14285714285714288,0.0,0,5
sciq_0133,"In the case of the moose, predation is an additional factor that regulates what?",science,"['In the case of moose, predation is an additional factor that regulates the population size of their prey species, such as caribou. Moose prey on various species, including reindeer, beavers, and other herbivores, which can impact the overall population dynamics of these species.', 'Predation is an additional factor that regulates the population size of the moose. Moose are preyed upon by predators such as bears, wolves, and mountain lions, which helps to maintain a balance in their ecosystem.', 'Predation is an additional factor that regulates the moose population. Moose are preyed upon by predators such as wolves, bears, and humans, and the population size of moose can be affected by the availability of these predators.', 'In the case of moose, predation is an additional factor that regulates the moose population, as they rely on other predators, such as wolves and bears, to help control their numbers and maintain a balance in their ecosystem.', 'Predation is an additional factor that regulates the population dynamics of moose, influencing their population growth and control. Moose have an additional predator, the wolverine, which plays a significant role in regulating their population.']","Predation is an additional factor that regulates the population size of the moose. Moose are preyed upon by predators such as bears, wolves, and mountain lions, which helps to maintain a balance in their ecosystem.",0.5120042886480842,0.0625,0.0,0,5
sciq_0134,"A sealed, vacuum-insulated reaction flask approximates what condition, in which neither matter nor heat can be exchanged between system and surroundings?",science,"['The correct answer is: Isotopy.', 'The sealed, vacuum-insulated reaction flask approximates the condition of a thermodynamic equilibrium, in which neither matter nor heat can be exchanged between the system and the surroundings, resulting in no net transfer of energy or matter.', 'The condition in which neither matter nor heat can be exchanged between the system and its surroundings is called a ""closed system.""', 'The sealed, vacuum-insulated reaction flask approximates a state of **thermal equilibrium**, in which neither matter nor heat can be exchanged between the system and its surroundings.', 'The sealed, vacuum-insulated reaction flask approximates the condition of a thermodynamic equilibrium state, in which neither matter nor heat can be exchanged between the system and its surroundings.']","The sealed, vacuum-insulated reaction flask approximates the condition of a thermodynamic equilibrium state, in which neither matter nor heat can be exchanged between the system and its surroundings.",0.44647501561618547,0.07407407407407407,0.07407407407407407,1,5
sciq_0135,"Temperature, water, soil, and air are examples of nonliving factors of an ecosystem, also termed what?",science,"['Soil is an example of a living factor in an ecosystem.', 'Photosynthesis.', 'Biosphere.', 'These are examples of nonliving factors of an ecosystem, also termed ""nutrients.""', 'The correct answer is ecosystem components.']",Soil is an example of a living factor in an ecosystem.,0.06432186234817813,0.0,0.0,1,5
sciq_0136,What are the little sacs at the end of the bronchioles called?,science,"['The little sacs at the end of the bronchioles are called bronchiole terminal sacs.', 'The little sacs at the end of the bronchioles are called bronchiole terminal sacs or terminal respiratory bronchioles.', 'The little sacs at the end of the bronchioles are called bronchiole terminal saccules.', 'The little sacs at the end of the bronchioles are called bronchiole alveoli.', 'The little sacs at the end of the bronchioles are called alveoli.']",The little sacs at the end of the bronchioles are called bronchiole terminal sacs.,0.8172796326480537,0.0,0.15384615384615385,1,5
sciq_0137,What kind of organisms helps hold soil in place to slow erosion?,science,"['Organisms such as roots of plants, tree roots, and soil stabilizers like mulch, rocks, and logs help hold soil in place and slow erosion by providing structural support, holding soil particles together, and preventing water from seeping through the soil surface. Additionally, some microorganisms like mycorrhizal fungi', 'Organisms that help hold soil in place to slow erosion are called root systems, such as tree roots, grass roots, and shrubs, which anchor the soil with their extensive root networks, holding it in place and preventing it from being washed or blown away by wind or water. Additionally, plants with deep taproots,', ""Organisms that help hold soil in place and slow erosion include roots of plants, such as grasses and trees, as well as certain microorganisms like fungi and bacteria that form mycorrhizal networks and solubilize minerals, which improve soil structure and fertility. Additionally, soil's organic matter, like pe"", 'Organisms that help hold soil in place to slow erosion include roots of plants, like trees, grasses, and shrubs, as well as the roots of certain tree species, such as willows and cottonwoods, and the roots of aquatic plants like cattails and sedges. Additionally, soil stabilizing organisms', 'Organisms that help hold soil in place to slow erosion include roots of plants, such as trees, grasses, and shrubs, which anchor the soil and prevent it from being washed or blown away by wind or water. Additionally, soil stabilizing organisms like earthworms and certain types of fungi, like mycor']","Organisms that help hold soil in place to slow erosion include roots of plants, such as trees, grasses, and shrubs, which anchor the soil and prevent it from being washed or blown away by wind or water. Additionally, soil stabilizing organisms like earthworms and certain types of fungi, like mycor",0.5319039374693321,0.039999999999999994,0.0,0,5
sciq_0138,"By the year 2050, 25 percent of the population of the united states will be 60 years of age or older. the cdc estimates that 80 percent of those 60 years and older have one or more chronic disease associated with deficiencies of this?",science,"['I am unable to confirm the specific condition associated with chronic disease in the United States population by the year 2050.', 'By 2050, 75 percent of the population of the United States will be 60 years of age or older, and according to the CDC, 80 percent of those 60 years and older have one or more chronic diseases associated with deficiencies of vitamin D.', ""I'm unable to find a specific association between chronic disease and deficiencies in the provided information."", ""I can't confirm the specific medical condition associated with chronic disease prevalence in people 60 years of age or older."", 'Based on the information provided, I will answer the question directly and concisely.\n\nBy the year 2050, 25 percent of the U.S. population will be 60 years of age or older, and the CDC estimates that 80 percent of those 60 years and older have one or more chronic disease']",I am unable to confirm the specific condition associated with chronic disease in the United States population by the year 2050.,0.3258541521438218,0.0,0.0,1,5
sciq_0139,"Nephrons, renal tubules and the loop of henle are part of the process of blood filtration by what organs?",science,"['Nephrons, renal tubules, and the loop of Henle are part of the process of blood filtration by the kidneys.', 'The nephrons, renal tubules, and the loop of Henle are part of the process of blood filtration by the kidneys.', 'The nephrons, renal tubules, and the loop of Henle are part of the process of blood filtration by the kidneys.', 'Nephrons, renal tubules, and the loop of Henle are part of the process of blood filtration by the kidneys.', 'The nephrons, renal tubules, and the loop of Henle are part of the process of blood filtration by the kidneys.']","Nephrons, renal tubules, and the loop of Henle are part of the process of blood filtration by the kidneys.",1.0,0.11764705882352941,0.0,0,5
sciq_0140,The overall voltage of the battery is therefore the sum of ________ of the individual cells.,science,"['The overall voltage of the battery is therefore the sum of the individual cell voltages.', 'The overall voltage of a battery is the sum of the individual cell voltages.', 'The overall voltage of a battery is the sum of the individual cell voltages.', 'The overall voltage of the battery is the sum of the individual cell voltages.', 'The overall voltage of the battery is therefore the sum of the individual cell voltages.']",The overall voltage of a battery is the sum of the individual cell voltages.,0.9714285714285713,0.18181818181818182,0.0,0,5
sciq_0141,"What system of the body is responsible for transmitting, processing, and responding to most of the sensory information that is created by various stimuli?",science,"['The system responsible for transmitting, processing, and responding to most of the sensory information that is created by various stimuli is the Nervous System, specifically the central nervous system, which includes the brain and spinal cord.', 'The nervous system is responsible for transmitting, processing, and responding to most of the sensory information that is created by various stimuli. Specifically, it is the peripheral nervous system (PNS) that carries sensory information from sensory receptors to the central nervous system (CNS), while the central nervous system (CNS) is responsible', 'The nervous system, which includes the brain and spinal cord, is responsible for transmitting, processing, and responding to most of the sensory information created by various stimuli.', 'The system responsible for transmitting, processing, and responding to most of the sensory information created by various stimuli is the **Nervous System**. Specifically, it consists of the **Central Nervous System (CNS)**, which includes the brain and spinal cord, and the **Peripheral Nervous System (P', 'The system responsible for transmitting, processing, and responding to most of the sensory information created by various stimuli in the body is the Nervous System, specifically the Central Nervous System (CNS), which includes the brain and spinal cord.']","The system responsible for transmitting, processing, and responding to most of the sensory information that is created by various stimuli is the Nervous System, specifically the central nervous system, which includes the brain and spinal cord.",0.7568108811867577,0.12121212121212122,0.06060606060606061,0,5
sciq_0142,What lines the passages of the nose and senses chemicals in the air?,science,"['The nasal passages and the olfactory receptors in the nose are lined with cilia, which are tiny hair-like structures that contain sensory neurons called olfactory receptors. These receptors are responsible for detecting odor molecules in the air and transmitting signals to the brain, which interprets them as specific smells.', 'The nasal passages contain tiny hair-like structures called cilia, which are lined with mucous membranes that produce mucin, a thick, protective fluid that helps to trap dust, pollen, and other particles in the air. The mucous membranes in the nose also produce several chemical signals, including histamine, which helps to', 'The nasal passages are lined with tiny hair-like structures called cilia, and also contain mucous membranes that produce chemicals such as histamine, which is a neurotransmitter that helps to regulate the immune system, and other chemicals like bradykinin, which helps to dilate blood vessels.', ""The nasal passages are lined with tiny hairs called cilia and mucous membranes that help filter the air we breathe, trapping dust, bacteria, and other small particles, and also release chemicals such as histamine and other neurotransmitters that help regulate the body's response to these particles and other substances in the air."", 'The nasal passages are lined with tiny hairs called cilia, which help to filter out dust, pollen, and other particles from the air. The mucous membranes in the nasal passages also produce and clear out chemicals called mucus, which helps to trap and remove these particles.']","The nasal passages contain tiny hair-like structures called cilia, which are lined with mucous membranes that produce mucin, a thick, protective fluid that helps to trap dust, pollen, and other particles in the air. The mucous membranes in the nose also produce several chemical signals, including histamine, which helps to",0.48074082165019344,0.0,0.0,1,5
sciq_0143,Proteins are polymers of what kind of acids?,science,"['Proteins are polymers of amino acids.', 'Proteins are polymers of amino acids.', 'Proteins are polymers of amino acids, specifically the non-essential amino acids.', 'Proteins are polymers of amino acids, specifically a combination of glycine, alanine, aspartic acid, glutamic acid, and other amino acids.', 'Proteins are polymers of amino acids.']",Proteins are polymers of amino acids.,0.7157647058823529,0.2857142857142857,0.0,0,5
sciq_0144,What makes marginal lands unsuitable for farming?,science,"['Marginal lands are unsuitable for farming due to their low productivity, poor soil quality, and often limited access to water, making them difficult to cultivate and maintain. These characteristics include limited arable land, low crop yields, and inadequate irrigation, as well as steep slopes, poor soil fertility, and lack of shade trees', 'Marginal lands are unsuitable for farming due to their steep slopes, poor soil quality, and lack of water availability, making them prone to erosion and soil degradation. These factors can lead to landslides, flooding, and reduced crop yields, making it difficult or impossible to sustain agricultural production.', 'Marginal lands are unsuitable for farming due to their low productivity, erosion, and lack of water, making it challenging to sustain crops and livestock. These areas often have poor soil quality, inadequate drainage, and high levels of salinity, which can lead to nutrient depletion, reduced crop yields, and soil degradation.', 'Marginal lands are unsuitable for farming due to their low productive capacity, lack of water, and poor soil quality, which can lead to erosion, nutrient depletion, and reduced crop yields. Additionally, marginal lands often have steep slopes, poor drainage, and limited sunlight, making them inhospitable for agricultural activities.', 'Marginal lands are unsuitable for farming due to their poor soil quality, high water tables, or other environmental factors that make it difficult to cultivate crops. These factors can include poor soil composition, high levels of salt, or areas with high levels of erosion, which can lead to soil degradation, reduced fertility, and increased']","Marginal lands are unsuitable for farming due to their low productivity, erosion, and lack of water, making it challenging to sustain crops and livestock. These areas often have poor soil quality, inadequate drainage, and high levels of salinity, which can lead to nutrient depletion, reduced crop yields, and soil degradation.",0.5753748058929999,0.0,0.0,1,5
sciq_0145,"When a nerve impulse reaches the end of an axon, what are the chemicals released by the axon called?",science,"['The chemicals released by the axon when a nerve impulse reaches the end of an axon are called neurotransmitters.', 'The chemicals released by the axon when a nerve impulse reaches its end are called neurotransmitters.', 'The chemicals released by the axon when a nerve impulse reaches the end of an axon are called neurotransmitters.', 'The chemicals released by the axon when a nerve impulse reaches its end are called neurotransmitters.', 'The chemicals released by the axon when a nerve impulse reaches its end are called neurotransmitters.']",The chemicals released by the axon when a nerve impulse reaches its end are called neurotransmitters.,0.9333333333333333,0.14285714285714288,0.0,0,5
sciq_0146,What is the most important source of electromagnetic waves on earth?,science,"[""The most important source of electromagnetic waves on Earth is the Sun. It emits electromagnetic waves across the entire electromagnetic spectrum, including visible light, ultraviolet (UV), infrared (IR), and X-rays, making up about 99.9% of the Earth's electromagnetic radiation."", 'The most important source of electromagnetic waves on Earth is the Sun, which emits electromagnetic radiation across the entire electromagnetic spectrum, including visible light, ultraviolet (UV) radiation, X-rays, and gamma rays.', 'The most important source of electromagnetic waves on Earth is the Sun. The Sun emits electromagnetic waves, primarily in the form of visible light, ultraviolet (UV) radiation, and X-rays, which are essential for life on our planet due to their energy and chemical reactions.', 'The most important source of electromagnetic waves on Earth is the Sun. It emits a vast array of electromagnetic radiation, including visible light, ultraviolet (UV) radiation, X-rays, and other forms of electromagnetic radiation, which are essential for life on our planet.', 'The most important source of electromagnetic waves on Earth is the Sun. The Sun is the primary source of electromagnetic radiation, including visible light, ultraviolet (UV) radiation, and X-rays, which are emitted through nuclear reactions in its core.']","The most important source of electromagnetic waves on Earth is the Sun, which emits electromagnetic radiation across the entire electromagnetic spectrum, including visible light, ultraviolet (UV) radiation, X-rays, and gamma rays.",0.6526875509594852,0.06666666666666667,0.0,0,5
sciq_0147,All of the elements in group 9 have nine of which electrons?,science,"['All the elements in group 9 of the periodic table have 8 electrons in their outermost energy level.', 'All the elements in group 9 of the periodic table have 9 electrons in their outermost shell.', 'All elements in group 9 (also known as the noble gases) have 8 electrons.', 'All the elements in group 9 of the periodic table have 8 electrons in their outermost energy level.', 'All of the elements in group 9 have 8 electrons.']",All the elements in group 9 of the periodic table have 8 electrons in their outermost energy level.,0.7114807024640173,0.0,0.0,1,5
sciq_0148,What form of reproduction creates offspring that are genetically identical to the parent?,science,"['The form of reproduction that creates offspring that are genetically identical to the parent is called parthenogenesis.', 'The form of reproduction that creates offspring that are genetically identical to the parent is called ""self-fertilization.""', 'The form of reproduction that creates offspring that are genetically identical to the parent is called ""sperm competition,"" but more specifically, it is known as ""selfing"" or ""self-fertilization."" This is a process where an individual produces and fertilizes its own gametes (sperm or egg cells) to create', 'The form of reproduction that creates offspring that are genetically identical to the parent is called parthenogenesis.', 'In most organisms, including humans, animals, and plants, the form of reproduction that creates offspring that are genetically identical to the parent is known as sexual reproduction. This is because sexual reproduction involves the combination of genetic material from two parents, resulting in the creation of offspring with unique combinations of traits, which can be considered genetically']",The form of reproduction that creates offspring that are genetically identical to the parent is called parthenogenesis.,0.5801588985783838,0.0,0.0,1,5
sciq_0149,Ecological succession refers to the change in the numbers and types of species that live in what groups?,science,"['Ecological succession refers to the change in the numbers and types of species that live in a specific area, such as a forest, beach, or desert, as a result of a disturbance, such as a fire, volcanic eruption, or the expansion of a human settlement.', 'Ecological succession refers to the change in the numbers and types of species that live in a particular area or ecosystem as it undergoes a process of change and transformation over time, often due to disturbances such as fires, habitat destruction, or climate change.', 'Ecological succession refers to the change in the numbers and types of species that live in a particular area as it undergoes a process of environmental change, such as a disturbance, climate change, or the introduction of a new resource.', 'Ecological succession refers to the change in the numbers and types of species that live in a particular area over time, typically after a disturbance such as a fire, hurricane, or deforestation. This process involves the gradual replacement of one community by another, with the dominant species giving way to more diverse and complex communities.', 'Ecological succession refers to the change in the numbers and types of species that live in a specific area or ecosystem over time, typically after an environmental disturbance such as a fire, deforestation, or other disturbances, as the environment slowly recovers and new species adapt to the changing conditions.']","Ecological succession refers to the change in the numbers and types of species that live in a particular area as it undergoes a process of environmental change, such as a disturbance, climate change, or the introduction of a new resource.",0.597420928058584,0.0,0.0,1,5
sciq_0150,The chains in cellulose stack in parallel rows held together by hydrogen bonds between which groups?,science,"['The chains in cellulose stack in parallel rows held together by hydrogen bonds between the hydroxyl (-OH) groups of adjacent glucose molecules.', 'The hydroxyl (-OH) groups in cellulose stack in parallel rows held together by hydrogen bonds between the hydroxyl (-OH) groups.', 'The chains in cellulose stack in parallel rows held together by hydrogen bonds between the -OH groups of the C-4 and C-5 carbons.', 'The chains in cellulose stack in parallel rows held together by hydrogen bonds between the hydroxyl (-OH) groups.', 'The chains in cellulose stack in parallel rows held together by hydrogen bonds between the hydroxyl (-OH) groups of adjacent glucose units.']",The chains in cellulose stack in parallel rows held together by hydrogen bonds between the hydroxyl (-OH) groups.,0.8202361295395351,0.1111111111111111,0.1111111111111111,1,5
sciq_0151,Where does the energy produced by plants come from?,science,"[""The energy produced by plants comes from the sun's energy through a process called photosynthesis. During photosynthesis, plants absorb carbon dioxide from the air and release oxygen, using energy from the sun's rays to convert carbon dioxide and water into glucose, releasing oxygen as a byproduct."", 'The energy produced by plants comes from sunlight, which is converted into chemical energy through a process called photosynthesis. During photosynthesis, plants use energy from sunlight to convert carbon dioxide and water into glucose (a type of sugar) and oxygen, releasing oxygen as a byproduct.', 'The energy produced by plants comes from sunlight, which is captured through the process of photosynthesis, where chlorophyll in the leaves of plants absorbs light energy from the sun, converting it into chemical energy in the form of glucose. This process is essential for plant growth and development, and it supports life on Earth by providing', ""The energy produced by plants comes from the sunlight that is absorbed through their leaves, which is converted into chemical energy through a process called photosynthesis, using energy from water and carbon dioxide. This energy is then stored in the plant's cells as glucose, a type of sugar that serves as food for the plant."", 'The energy produced by plants comes from the sunlight absorbed through photosynthesis, a process that converts carbon dioxide and water into glucose and oxygen. This process occurs in specialized organelles called chloroplasts in plant cells, where light energy is used to drive a series of chemical reactions that produce ATP and NADPH, which']","The energy produced by plants comes from sunlight, which is converted into chemical energy through a process called photosynthesis. During photosynthesis, plants use energy from sunlight to convert carbon dioxide and water into glucose (a type of sugar) and oxygen, releasing oxygen as a byproduct.",0.5297720761096755,0.047619047619047616,0.0,0,5
sciq_0152,What is citrate an ionized form of?,science,"['Citrate anion is the anion form of citric acid.', 'The ionized form of citrate is citric acid.', 'Citrate anion (H3O+ or C6H5O7-) is the anion form of citric acid.', 'The citrate anion is an ionized form of citric acid.', 'Citrate is the ionized form of potassium.']",The citrate anion is an ionized form of citric acid.,0.7379480658660226,0.4,0.2,0,5
sciq_0153,What is first stage of cellular respiration?,science,"['The first stage of cellular respiration is the glycolysis stage, where glucose is broken down into pyruvate, generating a small amount of ATP and NADH.', 'The first stage of cellular respiration is the glycolysis stage, which converts glucose into pyruvate in the cytosol of the cell. This stage occurs in the presence of NAD+ and occurs in the absence of oxygen, and it produces 2 ATP molecules and 2 NADH molecules as', 'The first stage of cellular respiration is glycolysis, where glucose is converted into pyruvate, releasing a small amount of energy in the form of ATP and NADH. This stage occurs in the cytosol of the cell and is catalyzed by the enzyme hexokinase.', 'The first stage of cellular respiration is cellular respiration I, also known as glycolysis.', 'The first stage of cellular respiration is the glycolysis stage, where glucose is converted into pyruvate through a series of chemical reactions that produce ATP, NADH, and a small amount of carbon dioxide. This stage occurs in the cytosol of the cell and is the initial step in the breakdown']","The first stage of cellular respiration is glycolysis, where glucose is converted into pyruvate, releasing a small amount of energy in the form of ATP and NADH. This stage occurs in the cytosol of the cell and is catalyzed by the enzyme hexokinase.",0.4922137948467305,0.0,0.0,1,5
sciq_0154,What prevents new ovarian follicles from developing and suppresses uterine contractility?,science,"['The main factors that prevent new ovarian follicles from developing and suppress uterine contractility are hormones, specifically progesterone and estrogen, and the inhibin axis. Progesterone helps to inhibit the growth and development of follicles in the ovaries, while inhibin, a hormone produced by the granul', 'The main factors that prevent new ovarian follicles from developing and suppress uterine contractility are hormonal changes in the body, particularly the decrease in estrogen levels, which triggers the atresia of existing follicles and the involution of the uterus. Additionally, the decrease in progesterone levels after ovulation also plays', 'The primary mechanism that prevents new ovarian follicles from developing and suppresses uterine contractility is the action of progesterone. Progesterone, a hormone produced during the luteal phase of the menstrual cycle, plays a crucial role in maintaining the corpus luteum, which produces progesterone,', 'The primary mechanism preventing new ovarian follicles from developing and suppressing uterine contractility is the negative feedback loop between estrogen and progesterone, which is mediated by progesterone-binding globulin (PBG) and inhibin, respectively. This negative feedback loop helps to maintain the normal menstrual cycle and prevent excessive ut', 'The primary factors that prevent new ovarian follicles from developing and suppress uterine contractility are the negative feedback mechanisms that regulate the hypothalamic-pituitary-gonadal axis, particularly the luteinizing hormone (LH) and estrogen regulation. The feedback inhibition of LH release by estrogen, combined with']","The main factors that prevent new ovarian follicles from developing and suppress uterine contractility are hormones, specifically progesterone and estrogen, and the inhibin axis. Progesterone helps to inhibit the growth and development of follicles in the ovaries, while inhibin, a hormone produced by the granul",0.4032620755149491,0.05,0.05,1,5
sciq_0155,What are atoms of the same element that differ in their numbers of neutrons called?,science,"['Isotopes of the same element differ in their numbers of neutrons.', 'Isotopes are atoms of the same element that differ in their numbers of neutrons, called isotopes.', 'Isotopes of the same element differ in their numbers of neutrons, and they are called isotopes.', 'Metals.', 'Isotopes of the same element differ in their numbers of neutrons.']",Isotopes of the same element differ in their numbers of neutrons.,0.5066666666666666,0.18181818181818182,0.0,0,5
sciq_0156,The amniotic egg is a shared ancestral character for which clade?,science,"['The amniotic egg is a shared ancestral character for the clade Tachyosuchians, which includes the extinct archosaurs, such as the phytosaurs and rauisuchians.', 'The amniotic egg is a shared ancestral character for the clade Chordata, specifically the vertebrates, which includes all animals with backbones.', 'The amniotic egg is a shared ancestral character for the clade Aves, which includes all birds.', 'The amniotic egg is a shared ancestral character for the clade Archosauria.', 'The amniotic egg is a shared ancestral character for the clade Turtles.']","The amniotic egg is a shared ancestral character for the clade Aves, which includes all birds.",0.6709311954473245,0.0,0.0,1,5
sciq_0157,The three-dimensional spaces with specific shapes that are components of electrons shells are known as what?,science,"[""The three-dimensional spaces with specific shapes that are components of electrons' orbits are known as electron shells."", 'The three-dimensional spaces with specific shapes that are components of electrons are known as electron shells.', 'The three-dimensional spaces with specific shapes that are components of electrons shells are known as electron shells.', ""The three-dimensional spaces with specific shapes that are components of electrons' shells are known as electron shells."", ""The three-dimensional spaces with specific shapes that are components of electrons' shells are known as electron shells. These are spherical shells that surround the nucleus of an atom and are further divided into subshells.""]",The three-dimensional spaces with specific shapes that are components of electrons shells are known as electron shells.,0.8498926843464659,0.0,0.0,1,5
sciq_0158,What type of bonds are formed by the side-to-side overlap of p orbitals?,science,"['The type of bond formed by the side-to-side overlap of p orbitals is a p-p bond.', 'The type of bonds formed by the side-to-side overlap of p orbitals are pi (π) bonds.', 'The type of bonds formed by the side-to-side overlap of p orbitals are sigma (σ) bonds.', 'The type of bond formed by the side-to-side overlap of p orbitals is a sigma (σ) bond.', 'The type of bond formed by the side-to-side overlap of p orbitals is called a p-p bond.']",The type of bond formed by the side-to-side overlap of p orbitals is a sigma (σ) bond.,0.7776515151515152,0.0,0.1111111111111111,1,5
sciq_0159,How many types of basic sensory receptors are there?,science,"['There are approximately 1,100 types of basic sensory receptors in the human body, which can be broadly categorized into seven types of sensory receptors, including:', 'There are three types of basic sensory receptors: \n\n1. Mechanoreceptors (sensing touch, pressure, and vibration)\n2. Thermoreceptors (sensing temperature)\n3. Chemoreceptors (sensing chemicals or odors)', 'There are 5 basic types of sensory receptors: \n\n1. **Mechanoreceptors** (e.g., hair cells in the ear) that detect mechanical changes in the environment, such as pressure, vibration, and stretch.\n2. **Chemoreceptors** (e.g., olfactory receptors in the nose)', 'There are approximately 1,109 different types of basic sensory receptors found in the human body, which can be broadly classified into the following categories:\n\n* Olfactory receptors (smell) - 350 types\n* Tactile receptors (touch) - 300 types\n* Thermal receptors (heat and cold)', 'There are several types of basic sensory receptors, but the most common ones are:\n\n* Olfactory receptors (responsible for smell)\n* Photoreceptors (responsible for sight)\n* Mechanoreceptors (responsible for touch and pressure)\n* Thermoreceptors (responsible for temperature)\n* Mechanoreceptors in']","There are approximately 1,109 different types of basic sensory receptors found in the human body, which can be broadly classified into the following categories:

* Olfactory receptors (smell) - 350 types
* Tactile receptors (touch) - 300 types
* Thermal receptors (heat and cold)",0.38301468852649734,0.0,0.0,1,5
sciq_0160,"Breathing involves differences in what, measured in torr, between the inside of the lungs and the air outside?",science,"['The pressure difference between the inside of the lungs and the air outside is approximately 1 torr (or 1 mmHg).', 'The pressure difference between the inside of the lungs and the air outside is approximately 0.35 torr.', 'The difference in pressure between the inside of the lungs and the air outside is measured in torr, and it is approximately 1 torr.', 'The pressure difference between the inside of the lungs and the air outside is approximately 35-45 torr.', 'The pressure difference between the inside of the lungs and the air outside is approximately 30-35 torr.']",The pressure difference between the inside of the lungs and the air outside is approximately 0.35 torr.,0.8025583566760037,0.13333333333333333,0.0,0,5
sciq_0161,Oxygen is an element in what form of matter?,science,"['Oxygen is a gas.', 'Oxygen is a gas.', 'Oxygen is a chemical element, specifically an element in its elemental form.', 'Oxygen is a chemical element in the form of a gas.', 'Oxygen is a chemical element, specifically a colorless, odorless, tasteless, and non-toxic gas.']",Oxygen is a chemical element in the form of a gas.,0.5127505827505827,0.2222222222222222,0.0,0,5
sciq_0162,"Fungi often make specialized reproductive structures, such as what?",science,"['Fungi often make specialized reproductive structures called spores. Spores are similar to the seeds of plants and are used for reproduction, similar to how plants reproduce.', 'Fungi often make specialized reproductive structures such as spores.', 'Fungi often make specialized reproductive structures called mycelium, which is a network of branching, vegetative parts that facilitate the growth and spread of the fungus, allowing it to form mycelium that can colonize and infect new locations.', 'Fungi often make specialized reproductive structures called spores.', 'Fungi often make specialized reproductive structures called spores, which are similar to the seeds of plants, and can be dispersed and grow into new fungal organisms.']",Fungi often make specialized reproductive structures called spores.,0.4642718216035474,0.0,0.0,1,5
sciq_0163,Which is a more reliable trait or measure to identify minerals?,science,"[""A reliable measure to identify minerals is the optical microscope, particularly the 10x to 40x magnification power, as it allows for the examination of the mineral's internal structure and crystal habit, which can be distinctive and unique to specific types of minerals."", ""A more reliable trait to identify minerals is a chemical test, such as the Mohs hardness test, which can provide a consistent and objective measure of a mineral's hardness, whereas identifying minerals based on their physical properties, such as shape and color, can be subjective and dependent on the observer's expertise."", 'In geology, hardness is often considered a more reliable trait or measure to identify minerals. This is because hardness is a physical property that can be easily tested and measured using standard techniques such as scratching or scratching tests, which can provide a more objective and consistent result compared to chemical tests that may be more subjective and prone to', 'Mineral identification is typically more reliable when using microscopic examination, such as a hand lens or a scanning electron microscope, rather than relying solely on physical characteristics. Microscopic analysis allows for the examination of crystal structures, inclusions, and other detailed features that can be used to distinguish minerals from one another.', 'A reliable trait or measure to identify minerals is a chemical test, specifically a spectroscopic test such as X-ray fluorescence (XRF) or inductively coupled plasma mass spectrometry (ICP-MS). These tests can provide accurate and precise identification of minerals based on the unique chemical signature of the elements present in']","A more reliable trait to identify minerals is a chemical test, such as the Mohs hardness test, which can provide a consistent and objective measure of a mineral's hardness, whereas identifying minerals based on their physical properties, such as shape and color, can be subjective and dependent on the observer's expertise.",0.33657595755602976,0.0,0.04166666666666667,1,5
sciq_0164,What are located along convergent and divergent plate boundaries?,science,"['At convergent plate boundaries, you can find mountain ranges, such as the Himalayas, where the Indo-Australian plate is being pushed beneath the Eurasian plate, and at divergent plate boundaries, you can find mid-ocean ridges, such as the Mid-Atlantic Ridge, where two plates are moving apart and', 'Along convergent plate boundaries, you typically find subduction zones where one plate is being pushed beneath another (downward movement), and along divergent plate boundaries, you find areas where two plates are moving apart, resulting in the creation of new crust. Additionally, at subduction zones, you also find volcanoes that rise', 'At convergent plate boundaries, you can find subduction zones where one plate is being forced beneath another, and at divergent boundaries, you can find mid-ocean ridges where two plates are moving apart, resulting in the creation of new crust.', 'Along convergent plate boundaries, you can find subduction zones where one plate is being pushed beneath another, such as the Pacific Plate being pushed beneath the North American Plate, and along divergent plate boundaries, you can find mid-ocean ridges where two plates are moving apart, such as the Mid-Atlantic Ridge.', 'At convergent plate boundaries, you typically find subduction zones, where one tectonic plate is being pushed beneath another (e.g. the Indo-Australian plate being subducted under the Pacific plate), and at divergent plate boundaries, you find rift zones or mid-ocean ridges, where two tectonic']","At convergent plate boundaries, you can find subduction zones where one plate is being forced beneath another, and at divergent boundaries, you can find mid-ocean ridges where two plates are moving apart, resulting in the creation of new crust.",0.6381738727531215,0.0,0.0,1,5
sciq_0165,What term is used to describe organic compounds such as sugars and starches?,science,"['The term used to describe organic compounds such as sugars and starches is polysaccharides.', 'The term used to describe organic compounds such as sugars and starches is ""polysaccharides.""', 'The term used to describe organic compounds such as sugars and starches is ""polysaccharides.""', 'The term used to describe organic compounds such as sugars and starches is polysaccharides.', 'The term used to describe organic compounds such as sugars and starches is polysaccharide.']",The term used to describe organic compounds such as sugars and starches is polysaccharides.,0.9692307692307693,0.0,0.0,1,5
sciq_0166,Where are liverworts most often found?,science,"['Liverworts are most often found in moist, shaded areas, such as forests, near streams, and in damp meadows, particularly in temperate regions with high humidity and moderate temperatures. They can also be found in rocky outcrops and on tree trunks, often in areas with acidic soil and high levels of', 'Liverworts are typically found in moist, shaded areas with high humidity, such as in forests, grasslands, and near streams, particularly in temperate regions with mild temperatures and high levels of rainfall. They are commonly found in Europe, North America, and parts of Asia.', 'Liverworts are typically found in damp, shaded areas with high humidity, such as in forests, grasslands, and near water sources, in temperate regions around the world, with a range including Europe, North America, and parts of Asia.', 'Liverworts are most often found in damp, shaded areas such as forests, grasslands, and rocky outcrops, particularly in areas with acidic, moist soil and high levels of humidity. They can also be found in a variety of habitats, including bogs, marshes, and swamps.', 'Liverworts are typically found in damp, shaded areas with high humidity, such as in bogs, fens, and other acidic, moist environments. They are also commonly found in shaded, rocky or soil-covered areas with low light levels.']","Liverworts are typically found in moist, shaded areas with high humidity, such as in forests, grasslands, and near streams, particularly in temperate regions with mild temperatures and high levels of rainfall. They are commonly found in Europe, North America, and parts of Asia.",0.5978954950125137,0.0,0.04444444444444444,1,5
sciq_0167,What are the structural and functional units of the kidneys?,science,"[""The structural units of the kidneys are the nephrons, which are the functional units that contain both the functional and structural components necessary for kidney function. Each nephron consists of a glomerulus, a tuft of capillaries, a Bowman's capsule, a proximal convoluted tubule, a loop of"", ""The structural units of the kidneys are the nephrons, which are tiny, bean-shaped organs that contain the functional units of the kidneys. Each nephron consists of a glomerulus, a tufted capillary cluster, a Bowman's capsule, a renal corpuscle, a proximal convoluted tubule,"", 'The structural unit of the kidney is the nephron, which is a functional unit that consists of the glomerulus, the proximal convoluted tubule, the loop of Henle, the distal convoluted tubule, and the collecting duct.', 'The structural units of the kidneys are the nephrons, which are the functional units that contain the blood vessels, tubules, and epithelial cells that filter waste and excess fluids from the blood. Each nephron is made up of three layers: the renal corpuscle, proximal convoluted tubule, and dist', ""The structural units of the kidneys are the nephrons, which are tiny, bean-shaped organs that filter waste and excess fluids from the blood and produce urine. The functional units of the kidneys are the nephrons, which contain the nephron's functional units, including the glomeruli (where filtration occurs), the proximal""]","The structural units of the kidneys are the nephrons, which are tiny, bean-shaped organs that contain the functional units of the kidneys. Each nephron consists of a glomerulus, a tufted capillary cluster, a Bowman's capsule, a renal corpuscle, a proximal convoluted tubule,",0.4847218742747181,0.05714285714285715,0.0,0,5
sciq_0168,What are plants that grow on other plants called?,science,"['These are called epiphytes.', 'The term you\'re looking for is ""succession planting"" or ""intercropping,"" but a more specific term for plants that grow on other plants is ""groundcovers"" or ""groundcovers.""', 'Plants that grow on other plants are called epiphytes. Examples of epiphytes include orchids, mosses, and ferns that grow on trees, rocks, and other surfaces without harming the host plant.', 'Plants that grow on other plants are called epiphytes. Examples of epiphytes include orchids, mosses, and ferns that grow on trees, rocks, and other plants.', 'Epiphytes are plants that grow on other plants, such as trees, without harming them. Examples of epiphytes include orchids, bromeliads, and mosses.']","Plants that grow on other plants are called epiphytes. Examples of epiphytes include orchids, mosses, and ferns that grow on trees, rocks, and other plants.",0.35357245642067187,0.07692307692307693,0.0,0,5
sciq_0169,Lyme disease is caused by what kind of organim?,science,"['Lyme disease is caused by the bacterium Borrelia burgdorferi, which is a spirochete (a type of bacteria).', 'Lyme disease is caused by the bacterium Borrelia burgdorferi, which is a type of spirochete. Specifically, it is a tick-borne rickettsial disease.', 'Lyme disease is caused by a type of bacteria called Borrelia burgdorferi, which is a spirochete (a type of bacteria that belongs to the spirochaete group).', 'Lyme disease is caused by a type of bacteria called Borrelia burgdorferi, which is a spirochete. It is transmitted to humans through the bite of an infected blacklegged tick (Ixodes scapularis).', 'Lyme disease is caused by the bacterium Borrelia burgdorferi, which is a spirochete, a type of bacteria that belongs to the spirochetal group.']","Lyme disease is caused by the bacterium Borrelia burgdorferi, which is a spirochete (a type of bacteria).",0.6936977574305725,0.13333333333333333,0.13333333333333333,1,5
sciq_0170,"In an ecosystem, what do you call organisms like lions that capture and kill other animals for food?",science,"['In an ecosystem, organisms like lions that capture and kill other animals for food are called predators.', 'In an ecosystem, organisms like lions that capture and kill other animals for food are called predators.', 'In an ecosystem, organisms like lions that capture and kill other animals for food are called predators.', 'In an ecosystem, organisms like lions that capture and kill other animals for food are called predators.', 'In an ecosystem, organisms like lions that capture and kill other animals for food are called predators.']","In an ecosystem, organisms like lions that capture and kill other animals for food are called predators.",1.0,0.11764705882352941,0.0,0,5
sciq_0171,"What is the term for the ability of an atom to emit, or give off, charged particles and energy from its nucleus?",science,"['The term you are looking for is ""ionization.""', 'The term for the ability of an atom to emit, or give off, charged particles and energy from its nucleus is radioactivity.', 'The term for the ability of an atom to emit, or give off, charged particles and energy from its nucleus is radioactive decay.', 'The term you are looking for is ionization.', 'The term you are looking for is ""radioactive decay"".']","The term you are looking for is ""ionization.""",0.5008424908424909,0.0,0.0,1,5
sciq_0172,What do you call the study of how organisms interact with their environment and each other?,science,"['The study of how organisms interact with their environment and each other is called Ecology.', 'The study of how organisms interact with their environment and each other is called ecology.', 'The study of how organisms interact with their environment and each other is called Ecology.', 'The study of how organisms interact with their environment and each other is called ecology.', 'The study of how organisms interact with their environment and each other is called ecology.']",The study of how organisms interact with their environment and each other is called Ecology.,1.0,0.13333333333333333,0.0,0,5
sciq_0173,Carnivores that eat herbivores are what kind of consumers?,science,"['Carnivores that eat herbivores are omnivores.', 'Carnivores that eat herbivores are called carnivores.', 'Carnivores that eat herbivores are heterotrophs.', 'Carnivores that eat herbivores are omnivores.', 'Carnivores that eat herbivores are herbivores.']",Carnivores that eat herbivores are omnivores.,0.8243589743589743,0.0,0.0,1,5
sciq_0174,What term is used to describe the development of new technology?,science,"['The term used to describe the development of new technology is ""innovation"".', 'The term used to describe the development of new technology is ""innovation"".', 'The term used to describe the development of new technology is ""innovation"".', 'The term used to describe the development of new technology is ""innovation.""', 'The term used to describe the development of new technology is called ""innovation.""']","The term used to describe the development of new technology is ""innovation"".",0.980952380952381,0.0,0.0,1,5
sciq_0175,"Most modern seed plants are angiosperms, which produce seeds in the ovaries of what basic structure?",science,"['Most modern seed plants are angiosperms, which produce seeds in the ovary of the pistil.', 'Most modern seed plants are angiosperms, which produce seeds in the ovaries of fruits.', 'Most modern seed plants are angiosperms, which produce seeds in the ovary of a flower.', 'Most modern seed plants are angiosperms, which produce seeds in the ovary of a flower.', 'Most modern seed plants are angiosperms, which produce seeds in the ovaries of fruits.']","Most modern seed plants are angiosperms, which produce seeds in the ovary of a flower.",0.8923076923076924,0.0,0.0,1,5
sciq_0176,Hormones are often regulated through what?,science,"['Hormones are often regulated through the hypothalamic-pituitary-gonadal (HPG) axis, which is a complex system that regulates the production and release of hormones in the endocrine system. The hypothalamus produces gonadotropins (LH and FSH) that stimulate the pit', 'Hormones are regulated through the endocrine system, which is a complex network of glands and organs that produce, store, and release hormones to regulate various bodily functions, such as growth, development, metabolism, and reproductive processes. The endocrine system is composed of glands like the pituitary gland, thyroid gland,', 'Hormones are regulated through the endocrine system. Specifically, they are regulated through the hypothalamic-pituitary-adrenal (HPA) axis, which is a complex neuroendocrine system that involves the hypothalamus, pituitary gland, and adrenal glands, controlling various physiological processes.', 'Hormones are regulated through the endocrine system, which is a network of glands and organs that produce, store, and release hormones to control various bodily functions, such as growth, development, and metabolism. The endocrine system is divided into three main categories: the pituitary gland, thyroid gland, and adrenal', 'Hormones are often regulated through the endocrine system, which is a complex network of glands and organs that produce, store, and release hormones to regulate various bodily functions, including growth, development, and metabolism. The endocrine system is regulated by the pituitary gland, which acts as a master gland that controls']","Hormones are regulated through the endocrine system, which is a complex network of glands and organs that produce, store, and release hormones to regulate various bodily functions, such as growth, development, metabolism, and reproductive processes. The endocrine system is composed of glands like the pituitary gland, thyroid gland,",0.551342664825811,0.0,0.0,1,5
sciq_0177,"What process, which is in many ways the opposite of photosynthesis, shows the interdependence of producers and consumers?",science,"['The process that is in many ways the opposite of photosynthesis is decomposition, which is the breakdown of organic matter by microorganisms, such as bacteria and fungi, that consumes and breaks down dead or decaying organisms, releasing nutrients back into the environment.', 'The process that is in many ways the opposite of photosynthesis is respiration, which is the process of cellular respiration in which organisms break down glucose to release energy, releasing carbon dioxide and water as byproducts. This process relies on the energy from the food that producers like plants absorb through photosynthesis, which is then', 'The process that is in many ways the opposite of photosynthesis is respiration, which is the process by which cells, including producers and consumers, break down glucose and release energy in the form of heat and carbon dioxide. Unlike photosynthesis, which converts light energy into chemical energy, respiration uses chemical energy from glucose to', 'The process that is in many ways the opposite of photosynthesis is respiration, which is the process of breaking down glucose and other organic compounds to release energy, releasing carbon dioxide and water as byproducts, and is often considered the opposite of photosynthesis because it involves the consumption of energy rather than the production of it.', 'The process that is in many ways the opposite of photosynthesis is respiration, which is the process of breaking down glucose (a product of photosynthesis) by consuming oxygen and releasing carbon dioxide and water. This process is essential for the production of oxygen and the release of carbon dioxide, which is the opposite of the light']","The process that is in many ways the opposite of photosynthesis is respiration, which is the process of breaking down glucose and other organic compounds to release energy, releasing carbon dioxide and water as byproducts, and is often considered the opposite of photosynthesis because it involves the consumption of energy rather than the production of it.",0.5267250291237002,0.038461538461538464,0.038461538461538464,1,5
sciq_0178,A battery is a multiple connection of what kind of cells?,science,"['A battery is a multiple connection of lead-acid cells.', 'A battery is a multiple connection of lead-acid cells.', 'A battery is typically a multiple connection of lead-acid cells.', 'A battery is a multiple connection of lead-acid cells.', 'A battery is typically a multiple connection of 1.5 to 6 individual cells, often referred to as a primary cell.']",A battery is a multiple connection of lead-acid cells.,0.7726663314898609,0.2,0.2,1,5
sciq_0179,What are chromosomes made of?,science,"['Chromosomes are made of two types of material: DNA (deoxyribonucleic acid) and proteins, which are arranged in a complex structure called a nucleolus, and histone proteins that provide structural support and help to package and protect the DNA.', 'Chromosomes are made of two types of material: DNA (deoxyribonucleic acid) and proteins, which are complex molecules that carry genetic information from one generation to the next. In humans, chromosomes are composed of 23 pairs of chromosomes, with each pair consisting of a single chromosome with a long,', 'Chromosomes are composed of a thread-like structure called a nucleoplasm, which is made up of a protein called chromatin, and are made up of 23 pairs of non-homologous chromosomes, each consisting of DNA, proteins, and other cellular components, which are arranged in a complex structure called a', 'Chromosomes are made up of DNA (deoxyribonucleic acid) and proteins, which are the building blocks of life, and are found in the nucleus of eukaryotic cells. In humans, they are composed of 23 pairs of non-identical chromosomes, with each pair consisting of two', 'Chromosomes are composed of DNA (deoxyribonucleic acid) and proteins, which are contained in a thread-like structure called a nucleoplasmic network. This structure is made up of two main components: the chromatin, which is a complex of DNA and proteins, and the nucleolus,']","Chromosomes are composed of DNA (deoxyribonucleic acid) and proteins, which are contained in a thread-like structure called a nucleoplasmic network. This structure is made up of two main components: the chromatin, which is a complex of DNA and proteins, and the nucleolus,",0.5015019271082916,0.14634146341463414,0.09756097560975609,0,5
sciq_0180,"Radiation, chemicals, and infectious agents are examples of what?",science,"['Radiation, chemicals, and infectious agents are examples of biohazards.', 'Radiation, chemicals, and infectious agents are examples of biological agents.', 'Radiation, chemicals, and infectious agents are all examples of biohazards.', 'Radiation, chemicals, and infectious agents are all examples of biohazards.', 'Radiation, chemicals, and infectious agents are all examples of biohazards.']","Radiation, chemicals, and infectious agents are all examples of biohazards.",0.908421052631579,0.0,0.0,1,5
sciq_0181,What is the blood in the body pumped with?,science,"['The blood in the body is pumped by the heart, specifically the left ventricle.', ""The blood in the body is pumped by the heart, which is a muscular organ that contracts and relaxes to circulate blood throughout the body. The heart's main job is to pump blood through the circulatory system, supplying oxygen and nutrients to cells and organs and removing waste products."", 'The blood is pumped with the heart.', 'The blood in the body is pumped by the heart, which is a muscular organ that contracts and relaxes to push blood through the circulatory system, delivering oxygen and nutrients to cells and removing waste products.', 'The blood is pumped by the heart.']",The blood is pumped by the heart.,0.4264398141814157,0.33333333333333337,0.0,0,5
sciq_0182,What do you call the basic units of the structure and function of living things?,science,"['The basic units of the structure and function of living things are called cells.', 'The basic units of the structure and function of living things are cells.', 'The basic units of the structure and function of living things are cells.', 'The basic units of the structure and function of living things are called cells.', 'The basic units of the structure and function of living things are called cells.']",The basic units of the structure and function of living things are called cells.,0.9739130434782609,0.15384615384615385,0.0,0,5
sciq_0183,What is the measurement of something along it's greatest dimension called?,science,"['The measurement of something along its greatest dimension is called its length.', 'The measurement of something along its greatest dimension is called its **length**.', 'The measurement of something along its greatest dimension is called its ""length.""', 'The measurement along the length of something is called its length, width, or dimension.', 'The measurement of something along its greatest dimension is called its length.']",The measurement of something along its greatest dimension is called its length.,0.9130434782608695,0.16666666666666669,0.0,0,5
sciq_0184,"The male gametophyte releases what, which swim - propelled by their flagella - to reach and fertilize the female gamete or egg?",science,"['The male gametophyte releases sperm, which are swim-propelled by their flagella to reach and fertilize the female gamete or egg.', 'The male gametophyte releases sperm, which are swim-propelled by their flagella to reach and fertilize the female gamete or egg.', 'The male gametophyte releases sperm, which are swim-propelled by their flagella, to fertilize the female gamete or egg.', 'The male gametophyte releases its sperm.', 'The male gametophyte releases sperm, which are swim-propelled by their flagella to reach and fertilize the female gamete or egg.']","The male gametophyte releases sperm, which are swim-propelled by their flagella to reach and fertilize the female gamete or egg.",0.7196969696969696,0.1,0.0,0,5
sciq_0185,What are the hormones that cause a plant to grow?,science,"['The main hormones that cause a plant to grow are:\n\n1. Auxins: These plant hormones promote cell division and elongation, causing the stem to grow taller and the roots to grow deeper. Auxins are typically produced by plant leaves in response to light, temperature, and water stress.\n2. Ethylene: This', 'The primary hormones responsible for plant growth are:\n\n1. Auxins: These plant hormones promote cell elongation and cell division, stimulating cell growth and expansion.\n2. Ethylene: This hormone induces growth, ripening, and senescence (aging) in plants, and is involved in fruit development.\n3. Abs', 'The primary hormones responsible for plant growth are:\n\n1. Auxins: These plant hormones promote cell elongation and cell division, causing the growth of stems and roots.\n2. Ethylene: This hormone promotes cell division and ripening of fruits and flowers.\n3. Abscisic acid (ABA): This hormone inhibits', 'The hormones that cause a plant to grow are primarily plant hormones, which include auxins, gibberellins, cytokinins, ethylene, abscisic acid, and cytokinin, but the two main ones that are most commonly associated with growth are auxins and gibberellins. Auxins,', ""The primary hormones that cause a plant to grow are:\n\n1. Auxins: Produced by the plant's roots, auxins promote cell elongation and cell division, leading to cell growth and expansion.\n2. Abscisic acid (ABA): Produced by the roots and leaves, ABA inhibits cell growth and promotes""]","The primary hormones responsible for plant growth are:

1. Auxins: These plant hormones promote cell elongation and cell division, causing the growth of stems and roots.
2. Ethylene: This hormone promotes cell division and ripening of fruits and flowers.
3. Abscisic acid (ABA): This hormone inhibits",0.4486631783235203,0.0,0.0,1,5
sciq_0186,Traits controlled by genes on the sex chromosomes are called what?,science,"['Traits controlled by genes on the sex chromosomes are called X-linked traits.', 'Traits controlled by genes on the sex chromosomes, specifically the X chromosome, are called X-linked traits.', 'Traits controlled by genes on the sex chromosomes are called sex-linked traits.', 'Traits controlled by genes on the sex chromosomes are called sex-linked traits.', 'Traits controlled by genes on the sex chromosomes are called sex-linked traits. Specifically, they are referred to as X-linked traits.']",Traits controlled by genes on the sex chromosomes are called sex-linked traits.,0.8255892255892257,0.4,0.26666666666666666,0,5
sciq_0187,"In the u. s. , the majority of electricity is produced by burning coal or what else?",science,"['The majority of electricity in the United States is produced by burning natural gas.', 'The majority of electricity in the United States is produced by burning natural gas.', 'In the U.S., the majority of electricity is produced by burning natural gas.', 'The majority of electricity in the U.S. is produced by burning natural gas.', 'The majority of electricity in the U.S. is produced by burning natural gas.']","In the U.S., the majority of electricity is produced by burning natural gas.",0.9,0.0,0.0,1,5
sciq_0188,What type of bombs put a much larger fraction of their output into thermal energy than do conventional bombs?,science,"['Nuclear bombs, specifically those that utilize nuclear fission reactions, tend to produce a much larger fraction of their output into thermal energy than conventional bombs. This is because nuclear fission reactions release a vast amount of energy in the form of heat, rather than kinetic energy, which is typically what is measured in conventional bombs.', 'Nuclear bombs, specifically those that use nuclear fission, release a much larger fraction of their output into thermal energy than conventional bombs.', 'Fissile hydrogen bombs, specifically thermonuclear bombs, release a much larger fraction of their output into thermal energy than conventional bombs because they undergo a chain reaction of nuclear fission, releasing a tremendous amount of heat energy in the process.', 'Nuclear bombs, specifically those that use nuclear fission or fusion reactions, can produce a much larger fraction of their output into thermal energy than conventional bombs. Nuclear bombs that use nuclear fission reactions, such as atomic bombs, can achieve a high conversion efficiency of thermal to kinetic energy, releasing a significant amount of heat energy', 'Nuclear bombs, specifically fission bombs, are known to put a much larger fraction of their output into thermal energy than conventional bombs. This is because fission bombs release a vast amount of energy in the form of heat, whereas conventional bombs primarily produce kinetic energy, which is the energy of motion.']","Nuclear bombs, specifically those that utilize nuclear fission reactions, tend to produce a much larger fraction of their output into thermal energy than conventional bombs. This is because nuclear fission reactions release a vast amount of energy in the form of heat, rather than kinetic energy, which is typically what is measured in conventional bombs.",0.5863984339271504,0.03773584905660378,0.037037037037037035,0,5
sciq_0189,The softer connective tissue that fills the interior of most bone is referred to as what?,science,"['The softer connective tissue that fills the interior of most bone is referred to as cartilage.', 'The softer connective tissue that fills the interior of most bones is referred to as cartilage.', 'The softer connective tissue that fills the interior of most bone is referred to as cartilage.', 'The answer is cartilage.', 'The soft connective tissue that fills the interior of most bone is referred to as cartilage.']",The softer connective tissue that fills the interior of most bone is referred to as cartilage.,0.6512605042016808,0.125,0.0,0,5
sciq_0190,"What leaves behind crescent-shaped scars on a hillside and  may be caused by a layer of slippery, wet clay underneath the rock and soil on a hillside?",science,"['The answer is: A landslide or a rockfall.', ""I'm not sure about the specific cause, but I can tell you that the crescent-shaped scars on a hillside are often caused by the action of water, possibly from rainfall, streams, or other bodies of water, which can erode the rock and soil, leading to the formation of a layer of water-re"", ""I'm not sure about the specific combination of factors that cause the crescent-shaped scars on a hillside, but I can suggest some possible answers. The presence of a layer of slippery, wet clay underneath the rock and soil on a hillside is a plausible cause. A specific example of a similar effect is the formation"", 'The leaves behind a crescent-shaped scar on a hillside may be caused by a layer of slippery, wet clay underneath the rock and soil on a hillside, known as a ""clay escarpment."" This type of feature is formed when the clay layer slowly breaks down over time, creating a shallow depression that', 'Based on the description, I would say that the answer is a landslide or a mudslide. The presence of a layer of slippery, wet clay underneath the rock and soil on a hillside can cause it to shift and move, resulting in a landslide or mudslide, which can leave behind crescent-shaped scars on the']","Based on the description, I would say that the answer is a landslide or a mudslide. The presence of a layer of slippery, wet clay underneath the rock and soil on a hillside can cause it to shift and move, resulting in a landslide or mudslide, which can leave behind crescent-shaped scars on the",0.2788904467207511,0.0,0.0,1,5
sciq_0191,Do most waves strike the shore head on or at an angle?,science,"[""Most waves generally strike the shore at a shallow angle, typically between 10-40 degrees, due to the Earth's curvature and the fetch of the ocean, but they can also be affected by the shape and size of the shore, as well as the wind direction."", 'Most waves typically strike the shore at an angle, with the leading edge of the wave reaching the shore first, then the crest of the wave, and finally the backwash or receding water, with the backwash often being the last to reach the shore. However, the exact angle can vary depending on the type of', 'Most waves generally strike the shore at an angle, typically between 10 to 30 degrees, depending on the type of wave and the ocean conditions, but are often more commonly known to strike at a shallow angle of around 20-30 degrees, especially in open ocean waves.', 'Most waves strike the shore at an angle, typically between 45 and 60 degrees, rather than directly head-on, due to the combination of the wind direction and the shape of the coastline.', 'Most waves typically strike the shore at an angle, with the majority of the energy entering the beach as a face wave or a beach wave, which is a curved wave that breaks on the beach at a shallow angle, creating a characteristic foamy appearance. However, some waves, especially those from storms or long-distance storms,']","Most waves generally strike the shore at an angle, typically between 10 to 30 degrees, depending on the type of wave and the ocean conditions, but are often more commonly known to strike at a shallow angle of around 20-30 degrees, especially in open ocean waves.",0.364702214789671,0.0909090909090909,0.04545454545454545,0,5
sciq_0192,"Two significant parts of the heat include the atrium and its counterpart, which is what?",science,"['The atrium is the upper chamber of the heart, and its counterpart is the ventricle.', 'The counterpart of the atrium is the vena cava.', 'The answer is the ventricle.', 'The atrium is the upper chamber of the heart, while its counterpart is the ventricle.', 'The atrium is the upper chamber of the heart. The corresponding counterpart to the atrium is the ventricle.']","The atrium is the upper chamber of the heart, and its counterpart is the ventricle.",0.4920246675745397,0.16666666666666669,0.0,0,5
sciq_0193,"In the microbiology lab, what technique refers to the procedures that are carried out under sterile conditions?",science,"['In the microbiology lab, the technique referred to as ""sterile technique"" or ""sterile culture conditions"" is the procedures that are carried out under sterile conditions, meaning they are done in a way that prevents contamination of the environment and the microorganisms being studied.', 'The technique that refers to the procedures carried out under sterile conditions in a microbiology lab is called Sterile Technique.', 'The technique referred to as ""sterile conditions"" in the microbiology lab is called ""sterile preparation"" or ""sterile technique.""', 'The technique that refers to the procedures carried out under sterile conditions in a microbiology lab is called ""sterile preparation"" or ""sterile processing.""', 'In a microbiology lab, the technique referred to as ""sterile technique"" or ""sterile preparation"" is used to carry out procedures that are carried out under sterile conditions, meaning the equipment and environment are free from contamination with microorganisms. This technique involves using sterile materials, gloves, and equipment to prevent the introduction']","The technique that refers to the procedures carried out under sterile conditions in a microbiology lab is called ""sterile preparation"" or ""sterile processing.""",0.5970465486678952,0.0,0.0,1,5
sciq_0194,What structures located on chromosomes control characteristics of life and are passed from parents to offspring?,science,"['The structures located on chromosomes that control characteristics of life and are passed from parents to offspring are called genes. Specifically, genes are the basic units of heredity and are made up of DNA (deoxyribonucleic acid) that contains the instructions for the development and function of an organism.', 'The structures located on chromosomes that control characteristics of life and are passed from parents to offspring are called genes.', ""The structures located on chromosomes that control characteristics of life and are passed from parents to offspring are called genes. Genes are made up of DNA (deoxyribonucleic acid) and are the basic units of heredity, carrying information that determines an organism's traits and characteristics."", 'The structures located on chromosomes that control characteristics of life and are passed from parents to offspring are genes. Specifically, genes are the basic units of heredity that contain the genetic instructions for the development and function of an organism, and are inherited from one generation to the next.', 'The structures located on chromosomes that control characteristics of life and are passed from parents to offspring are called genes. Genes are made up of DNA (deoxyribonucleic acid) and are found on the chromosomes, which are thread-like structures that carry genetic information from one generation to the next.']","The structures located on chromosomes that control characteristics of life and are passed from parents to offspring are called genes. Specifically, genes are the basic units of heredity and are made up of DNA (deoxyribonucleic acid) that contains the instructions for the development and function of an organism.",0.6820869317514,0.04545454545454545,0.0,0,5
sciq_0195,What is essential for population of all species to expand greatly?,science,"['The essential factor for the population of all species to expand greatly is a stable and favorable environment, which includes sufficient food, water, shelter, and suitable climate, as well as low levels of predation, disease, and human activities that threaten the species.', 'The essential factors for the population of all species to expand greatly are adequate food availability, suitable habitat, and minimal predation and human disturbance.', 'The essential factor for the population of all species to expand greatly is a stable and abundant food supply, which provides enough energy and nutrients for individuals to survive, reproduce, and maintain their growth. This can be achieved through a diverse range of food sources, such as a wide variety of plants, animals, and other organisms.', 'The essential factor for the population of all species to expand greatly is a sufficient and stable food supply. In other words, having a reliable and abundant food source is crucial for the growth and survival of a population, allowing it to increase over time.', 'The essential factor for the population of all species to expand greatly is a stable and growing food supply, which can be achieved through sustainable and eco-friendly practices such as conservation, sustainable agriculture, and the preservation of natural habitats.']","The essential factor for the population of all species to expand greatly is a stable and growing food supply, which can be achieved through sustainable and eco-friendly practices such as conservation, sustainable agriculture, and the preservation of natural habitats.",0.4632061099879074,0.0,0.0,1,5
sciq_0196,The left atrium receives oxygen-rich blood from which organs?,science,"['The left atrium receives oxygen-rich blood from the lungs.', 'The left atrium receives oxygen-rich blood from the lungs.', 'The left atrium receives oxygen-rich blood from the lungs.', 'The left atrium receives oxygen-rich blood from the left ventricle of the heart.', 'The left atrium receives oxygen-rich blood from the lungs, specifically the pulmonary veins.']",The left atrium receives oxygen-rich blood from the lungs.,0.8373205741626795,0.2222222222222222,0.0,0,5
sciq_0197,What does the term decay in chemistry refer to with regards to atoms?,science,"['In chemistry, decay refers to a process in which an unstable atom loses energy and stability by emitting radiation, such as alpha, beta, or gamma radiation, in an attempt to reach a more stable state. This process can result in the transformation of an unstable atom into a more stable form, often with a different element or', 'Decay in chemistry refers to the process by which an unstable atomic nucleus loses energy and stability by emitting radiation in the form of particles, such as alpha particles, beta particles, or gamma rays, or by converting into a more stable form.', 'Decay in chemistry refers to the process by which an unstable atom loses energy and transforms into a more stable form, often through a series of nuclear reactions or radioactive transformations, resulting in the emission of radiation and the release of energy.', 'Decay in chemistry refers to the process by which an unstable atom loses energy and its atomic number, resulting in the formation of a new element, a radioactive isotope, or the emission of radiation. In other words, decay is the transformation of an unstable atom into a more stable form through various nuclear reactions, such as', 'Decay in chemistry refers to the process by which an atom loses energy and stability, resulting in the transformation of one element into a more stable element. This can occur through various means, such as radioactive decay, where an unstable atom emits radiation and breaks down into a more stable form, or through chemical reactions where an atom']","Decay in chemistry refers to the process by which an unstable atom loses energy and its atomic number, resulting in the formation of a new element, a radioactive isotope, or the emission of radiation. In other words, decay is the transformation of an unstable atom into a more stable form through various nuclear reactions, such as",0.5912787051427423,0.04,0.04,1,5
sciq_0198,Where fossils of the genus eomaia found?,science,"['Fossils of the genus Eomaia were found in the Kaapvaal Supergroup, a geological formation in South Africa.', 'Fossils of the genus Eomaia have been found in the Paleozoic era in what is now Argentina, specifically in the Patagonia region.', 'Fossils of the genus Eomaia are found in Brazil, specifically in the southeastern part of the country, particularly in the state of Bahia.', 'Fossils of the genus Eomaia have been found in the Hell Creek Formation in Montana, United States.', 'Fossils of the genus Eomaia have been found in Brazil.']",Fossils of the genus Eomaia have been found in Brazil.,0.5074904036060455,0.0,0.0,1,5
sciq_0199,A food web can be broken up into what further subdivision that usually has a few links in it?,science,"['A food web can be broken up into trophic levels, which are typically subdivided into primary, secondary, and tertiary levels.', 'A food web can be broken up into a three-layered subdivision called a trophic level, which usually has a few links: producers (primary producers), primary consumers (herbivores), and secondary consumers (carnivores).', 'A food web can be broken up into a primary food web, which has a few links, a secondary food web, and an n-trophic level food web.', 'A food web is typically broken up into a trophic level subdivision that usually has a few links, which is known as a ""food web hierarchy"".', 'A food web can be broken up into a primary food web, which is further subdivided into a secondary food web, and then further subdivided into a tertiary food web.']","A food web can be broken up into a primary food web, which has a few links, a secondary food web, and an n-trophic level food web.",0.5296046710559908,0.08,0.08,1,5
