qid,question,category,generated_answer,label,correct_sim,incorrect_sim,mean_logprob,median_logprob,min_logprob,logprob_p10,logprob_p25,std_logprob,frac_low_confidence,mean_entropy,max_entropy,std_entropy,answer_length,mean_margin,min_margin,first_half_mean_logprob,second_half_mean_logprob,logprob_delta_second_minus_first,logprob_trend_slope
sciq_0000,What term means the set of processes by which metals are extracted from their ores and converted to more useful forms?,science,The term that means the set of processes by which metals are extracted from their ores and converted to more useful forms is smelting.,1,0.0,0.0,-0.13107919794504563,-0.0003736513026524335,-1.4452847242355347,-0.4007824718952179,-0.012743907514959574,0.3176643465051008,0.0,0.3275652241432841,3.0469164848327637,0.7033735309218719,27,0.0,0.0,-0.13994463112749145,-0.12284700998991736,0.017097621137574084,0.0012967411971277982
sciq_0001,What do charged particles in motion generate?,science,Charged particles in motion generate an electric field.,1,0.0,0.0,-0.24860702254227363,-0.09061106853187084,-0.9985828399658203,-0.6425107955932617,-0.3409985825419426,0.31497284833244305,0.0,0.5809022764326073,1.9479608535766602,0.594982985484291,10,0.0,0.0,-0.0349695083568804,-0.46224453672766685,-0.42727502837078646,-0.04372291013238611
sciq_0002,"During a human pregnancy, which trimester exhibits the greatest growth of the fetus and culminates in labor and delivery?",science,"The second trimester, specifically the second trimester of 13-26 weeks of gestation, is the period with the greatest growth of the fetus and culminates in labor and delivery.",1,0.0769230769230769,0.1538461538461538,-0.30989061043852384,-0.10028164088726044,-1.3173892498016357,-0.9733982563018798,-0.5126019418239594,0.3977523603154482,0.0,0.6777032315725918,2.104259490966797,0.7176752770490122,39,0.0,0.0,-0.4706795581052491,-0.15714111015513482,0.31353844795011426,0.014520240808457019
sciq_0003,What is part of a large fungus that lives underground?,science,The part of a large fungus that lives underground is called a mycelium.,1,0.0,0.0,-0.2389349987887499,-0.0148206134326756,-1.1924431324005127,-0.7645006775856018,-0.41426370292901993,0.3677952265623858,0.0,0.6322038418002194,2.903486967086792,0.943208743441014,16,0.0,0.0,-0.25382696333690546,-0.22404303424059435,0.029783929096311113,0.021059540032828224
sciq_0004,The interaction between atomic orbitals is greatest when they have the same what?,science,The interaction between atomic orbitals is greatest when they have the same principal quantum number (n).,1,0.0,0.0,-0.12316521964145834,-0.01401863805949688,-1.1285526752471924,-0.26180487871170044,-0.03840778395533562,0.2918708807319008,0.0,0.33460560829783054,2.685807228088379,0.6179686626246704,19,0.0,0.0,-0.024241545924572467,-0.21219652598665562,-0.18795498006208314,-0.017057609594957553
sciq_0005,What is the general name for a group of atoms derived from an alkane?,science,The general name for a group of atoms derived from an alkane is a molecule of an alkane.,1,0.1333333333333333,0.1333333333333333,-0.22829827403144182,-0.0061971647664904594,-1.3406535387039185,-0.7355565428733826,-0.32001253962516785,0.3564467375406291,0.0,0.5821985700015266,2.4739041328430176,0.8151926728967268,21,0.0,0.0,-0.034948413698475636,-0.40407087433413835,-0.36912246063566273,-0.03692980273231764
sciq_0006,What is one thing that cell membranes are permeable to?,science,"Cell membranes are permeable to water. They allow water to pass through, but not other substances, due to the presence of specific transport proteins that control the movement of molecules in and out of the cell.",0,0.0571428571428571,0.0,-0.42821961942662734,-0.27839577198028564,-1.5178312063217163,-0.9504784345626831,-0.76274573802948,0.4352080560320752,0.0,1.027367875403753,3.5404300689697266,0.9298512833839543,41,0.0,0.0,-0.4387632871437745,-0.4181780311245824,0.02058525601919209,0.0003145843352415631
sciq_0007,What evolutionary process has adapted protonephridia to different tasks in different environments?,science,"Protonephridia, a type of parasitic wasp, have evolved to adapt to different tasks in different environments through various physiological and morphological changes, such as the development of different types of mouthparts, such as forceps, hooks, and claws, to capture and manipulate prey, and the presence of specialized",1,0.0,0.0,-0.599337929375892,-0.3197278082370758,-2.7277913093566895,-1.4939505457878113,-1.1891299784183502,0.7034069188150417,0.0,1.4809166121262933,5.408690452575684,1.560345518019955,64,0.0,0.0,-0.3497393754453526,-0.8489364833064315,-0.49919710786107885,-0.01374824970204663
sciq_0008,Melting ice is drastically impacting the number of what at glacier national park?,science,"Melting ice at Glacier National Park is drastically impacting the number of the park's glaciers. The melting of glaciers is causing the park's glaciers to shrink, which in turn is affecting the park's hydroelectric power generation, water supply, and overall ecosystem.",0,0.048780487804878,0.0,-0.5960665678135496,-0.4462363123893738,-1.795353889465332,-1.4936389923095703,-1.1323953866958618,0.5755354492227355,0.0,1.5051991267074996,4.824828624725342,1.3569737419746566,51,0.0,0.0,-0.5444282694990398,-0.6457187777313476,-0.10129050823230779,-0.007006775250824849
sciq_0009,Where do mushrooms get their energy?,science,"Mushrooms get their energy from the sun, as they are photosynthetic organisms that use sunlight to convert carbon dioxide and water into glucose and oxygen through a process called photosynthesis. This process occurs in specialized organelles called chloroplasts, which are present in the mushroom's cells.",1,0.0434782608695652,0.0444444444444444,-0.3018335732790624,-0.11935091763734818,-1.7383804321289062,-0.8883906841278075,-0.4648449271917343,0.41368945971989407,0.0,0.670951402160858,2.921032428741455,0.7694704526717344,59,0.0,0.0,-0.3715618193658382,-0.2344296020618458,0.13713221730399242,0.0033387031212029337
sciq_0010,Which part of the atmosphere do greenhouse gasses trap heat in?,science,"The part of the atmosphere that traps heat is the troposphere, which is the lowest layer of the atmosphere, extending up to about 12 kilometers (7.5 miles) above the Earth's surface.",0,0.0714285714285714,0.0,-0.18699018906386855,-0.05931251496076584,-1.6233240365982056,-0.5222550630569458,-0.2540111839771271,0.3039820801867228,0.0,0.46126828429987654,2.736471652984619,0.5460537466407871,41,0.0,0.0,-0.2752144652436982,-0.1029670688926022,0.17224739635109598,0.010813959143120961
sciq_0011,The lens and other parts of the eye work together to focus a real image on what eye structure?,science,"The lens and other parts of the eye work together to focus a real image on the retina, which is the light-sensitive tissue at the back of the eye.",0,0.0833333333333333,0.0,-0.08025870708996763,-0.018442490603774786,-0.5819074511528015,-0.35076323002576826,-0.05289915297180414,0.14537700140002485,0.0,0.26822076333064615,1.4105173349380493,0.3679796651192762,32,0.0,0.0,-0.021668587515478066,-0.1388488266644572,-0.11718023914897913,-0.004114970524392045
sciq_0012,Reacting with metal is one thing that distinguishes acids from what?,science,"Acids are distinguished from bases by their reaction with metal, which typically results in the release of hydrogen gas. Specifically, acids react with metals to produce hydrogen gas, whereas bases react with metals to produce hydrogen chloride (or other salts).",1,0.05,0.05,-0.40111964091989705,-0.329118549823761,-1.5496805906295776,-0.8899131059646606,-0.6611730754375458,0.3901370630271799,0.0,0.9978586966993889,3.1134605407714844,0.790694261105436,47,0.0,0.0,-0.4008328306724904,-0.4013945007403284,-0.0005616700678379716,-0.005967405360044275
sciq_0013,What takes place where septa is found?,science,"Septa is a term that can refer to different things, but one common interpretation is a female member of a sect or a group, often in a religious context. In the context of the TV show ""The Vampire Diaries,"" the Septa is a high-ranking female vampire hunter and a member of the Mystic Falls Council",1,0.0416666666666666,0.0416666666666666,-0.7499393365200433,-0.5093407332897186,-2.5765788555145264,-1.8150159478187562,-1.086039662361145,0.6698327963031223,0.0,1.985793732901584,5.991921424865723,1.5516890430624892,64,0.0,0.0,-0.7105798462221173,-0.7892988268179693,-0.07871898059585192,-0.005102651406793823
sciq_0014,What branch of science explains much of what you observe and do in your daily life?,science,The branch of science that explains much of what I observe and do in my daily life is Physics.,1,0.0999999999999999,0.0999999999999999,-0.14180355236858305,-0.003333010128699243,-1.0397250652313232,-0.7726601183414459,-0.030967037193477154,0.31021760013336547,0.0,0.33394147793223966,2.269951820373535,0.6680902755896757,20,0.0,0.0,-0.1668051932569142,-0.11680191148025187,0.05000328177666233,-0.0016243254925720312
sciq_0015,What theory states that there is no interaction between individual gas particles?,science,The kinetic molecular theory states that there is no interaction between individual gas particles.,0,0.2666666666666667,0.1333333333333333,-0.23457824325887486,-0.022426443174481392,-0.89109206199646,-0.6041278600692749,-0.5512006282806396,0.300324328495298,0.0,0.62896158642446,2.0904176235198975,0.7529708393636128,15,0.0,0.0,-0.4003142598667182,-0.08955922872701194,0.31075503113970626,0.02694954184407833
sciq_0016,"Most mammals are viviparous, which refers to what reproductive result?",science,"Mammals are viviparous, which means they give birth to live young.",0,0.3076923076923077,0.0,-0.24249326902613308,-0.0775177851319313,-1.1643915176391602,-0.7595415472984314,-0.27948999404907227,0.33845077935041856,0.0,0.5794552761011907,1.784954309463501,0.5534989958631826,17,0.0,0.0,-0.20098749893645618,-0.27938728688362363,-0.07839978794716745,-0.005550461867544217
sciq_0017,Toxins and poisons are ______ enzyme inhibitos,science,Toxins and poisons are inhibitors of certain enzymes.,1,0.0,0.0,-0.3107302250931146,-0.019722663331776857,-1.9302808046340942,-0.8879745662212372,-0.26218780875205994,0.565175349785121,0.0,0.715905301234064,3.8697237968444824,1.1270874523563859,12,0.0,0.0,-0.023535281258470302,-0.5979251689277589,-0.5743898876692887,-0.0629953209800396
sciq_0018,How did the first seed plants form seeds?,science,"The first seed plants, also known as angiosperms, are believed to have formed through a process called endospermesis, where a single cell from a plant's ovary wall germinated and formed a small, single-celled embryo, which eventually developed into a seed. This process is thought to have occurred around",1,0.0,0.0,-0.587114845893673,-0.3978312015533447,-2.262981653213501,-1.4346468567848205,-0.901173859834671,0.5868465073728051,0.0,1.458541540744136,4.962468147277832,1.3199276309446963,64,0.0,0.0,-0.5266845435729124,-0.6475451482144337,-0.12086060464152126,-0.0017147986558875808
sciq_0019,"A thermite reaction is thermodynamically spontaneous, and because it is associated with a significant release of heat, it is regarded as what?",science,"A thermite reaction is thermodynamically spontaneous, and because it is associated with a significant release of heat, it is regarded as an exothermic reaction.",0,0.0909090909090909,0.0,-0.08386890786619006,-0.005700187757611275,-0.8741642832756042,-0.17230516225099562,-0.047928196378052235,0.20936049806431534,0.0,0.24550862107935245,1.5085220336914062,0.39441214076296277,32,0.0,0.0,-0.08719067046331475,-0.08054714526906537,0.006643525194249378,-0.0014901652047458074
sciq_0020,"The right and left hip bones, with the addition of the sacrum and coccyx form what section of the skeleton?",science,"The right and left hip bones, with the addition of the sacrum and coccyx, form the pelvis.",0,0.1428571428571428,0.0,-0.05767761683341632,-0.0025142895756289363,-0.3430032730102539,-0.19462053924798964,-0.08731903694570065,0.09684719580483592,0.0,0.2532416253889096,1.246840000152588,0.38536689392434587,24,0.0,0.0,-0.06789290433031663,-0.04746232933651603,0.020430574993800597,0.00019356771411564575
sciq_0021,Organs involved in digestion that do not have food pass through them are called?,science,"The organs involved in digestion that do not have food pass through them are called the ""glands"".",1,0.1176470588235294,0.1176470588235294,-0.41702752513265295,-0.049636729061603546,-1.6267707347869873,-1.3042173981666565,-0.6962187737226486,0.5612699302563481,0.0,1.2040631236857735,5.003607749938965,1.5777082280974521,20,0.0,0.0,-0.2083896919102699,-0.625665358355036,-0.4172756664447661,-0.04189016904243285
sciq_0022,"Sponges exemplify what type of arrangement, where different cells are specialized for different functions, but each cell works alone?",science,"Sponges exemplify a simple multicellular, eukaryotic arrangement, where different cells are specialized for different functions, but each cell works alone, forming a single, unified organism.",0,0.0769230769230769,0.0,-0.4017128719194596,-0.1851206198334694,-2.1283228397369385,-1.2010686159133912,-0.5558117106556892,0.5346460367173328,0.0,1.0656478976843093,4.101059913635254,1.0864542778227562,38,0.0,0.0,-0.373031881925846,-0.4303938619130732,-0.057361979987227196,-0.010585832497372147
sciq_0023,What form the skeletons of most organic molecules?,science,"The skeletons of most organic molecules are composed of carbon, hydrogen, oxygen, and sometimes nitrogen.",0,0.125,0.0,-0.2955417488054464,-0.2366592139005661,-0.9645217061042786,-0.7122678279876709,-0.5002036541700363,0.2993517291300707,0.0,0.7056767426731408,1.8191413879394531,0.6314278092592918,19,0.0,0.0,-0.13946911814127816,-0.4360071164031979,-0.29653799826191973,-0.027841134205064323
sciq_0024,What type of eclipse happens when a full moon moves through earth's shadow?,science,"When a full moon moves through Earth's shadow, it is called a lunar eclipse.",0,0.1428571428571428,0.0,-0.2508993432439799,-0.1380321979522705,-0.9075871109962463,-0.645737624168396,-0.47271785140037537,0.27784976716032406,0.0,0.7073196561969406,1.9666836261749268,0.6364111531500809,17,0.0,0.0,-0.23380639101242195,-0.26609307856092024,-0.03228668754849828,-0.00274777436442153
sciq_0025,Enzymes can catalyze up to several million reactions per what?,science,Enzymes can catalyze up to several million reactions per second.,0,0.1818181818181818,0.0,-0.09463153430157642,-0.0208208616822958,-0.45535892248153687,-0.2947225868701935,-0.10947933793067932,0.13645232873562166,0.0,0.3503956350876251,1.3051446676254272,0.40567314781264,15,0.0,0.0,-0.023888259615237724,-0.15653189965212277,-0.13264364003688506,-0.018620067355326293
sciq_0026,The lithosphere is divided into a dozen major and several minor what?,science,The lithosphere is divided into a dozen major and several minor tectonic plates.,0,0.1666666666666666,0.0,-0.15560910230338135,-0.01484713889658451,-0.9969269037246704,-0.41947962045669557,-0.23943693935871124,0.2581703834094566,0.0,0.5310096010730109,3.1227033138275146,0.7921067187309151,17,0.0,0.0,-0.19597697791323299,-0.11972654620573546,0.07625043170749753,-0.002980675509937938
sciq_0027,The energy required to remove an electron from a gaseous atom is called?,science,The energy required to remove an electron from a gaseous atom is called ionization energy.,0,0.2857142857142857,0.1428571428571428,-0.04170789291504805,-0.0012955614365637302,-0.5572140216827393,-0.05917572528123855,-0.016565799713134766,0.12426629452370828,0.0,0.14884068151877727,1.368675947189331,0.32669110928355305,19,0.0,0.0,-0.020205154561457068,-0.061060357433279935,-0.04085520287182287,-0.003954993671619665
sciq_0028,"What substance, which forms igneous rock, flows out in rivers of lava when it reaches the surface?",science,The substance that forms igneous rock and flows out in rivers of lava when it reaches the surface is magma.,0,0.1052631578947368,0.0,-0.16315609335680908,-0.012326735071837902,-1.4936964511871338,-0.4747549891471862,-0.07661573402583599,0.36966349725788006,0.0,0.4371225557042635,3.2197985649108887,0.7853915094808286,22,0.0,0.0,-0.26534998378164426,-0.060962202931973894,0.20438778084967035,0.0178464674660717
sciq_0029,What is it called when birds keep their eggs warm while the embryos inside develop?,science,The process of keeping eggs warm for incubation is called endothermy.,0,0.1818181818181818,0.0,-0.49087884723364067,-0.4878997206687927,-1.3014949560165405,-1.1133291959762572,-0.7370792627334595,0.42470420454707575,0.0,1.1342948086559772,2.4761972427368164,0.8039029278450729,15,0.0,0.0,-0.4727290469620909,-0.5067599224712467,-0.03403087550915579,-0.001794656374841013
sciq_0030,The lancelet lacks what feature that distinguishes vertebrates?,science,"The lancelet lacks a vertebral column, which distinguishes it from vertebrates.",1,0.0,0.0,-0.29251556192192607,-0.10067547857761383,-0.970024824142456,-0.8567229986190796,-0.495866060256958,0.33402056799267904,0.0,0.7878778301699854,2.8250417709350586,0.8357925794969125,17,0.0,0.0,-0.2873205223950208,-0.2971333748347307,-0.009812852439709863,0.00507022570598243
sciq_0031,What are the smallest structural and functional unit of all living organisms?,science,The smallest structural and functional unit of all living organisms is the cell.,1,0.0,0.0,-0.08117659176956035,-0.023268308490514755,-0.4959476590156555,-0.26610468327999115,-0.04516450222581625,0.1420486086478282,0.0,0.24855285224059895,1.1741058826446533,0.3140561130237105,14,0.0,0.0,-0.06402236766630917,-0.09833081587281153,-0.03430844820650236,-0.006704161393717297
sciq_0032,Population size is the number of what in a population?,science,Population size is the total number of individuals of a species or group of organisms living in a particular area at a given time.,0,0.0952380952380952,0.0,-0.24188062262372115,-0.14124834537506104,-0.832832396030426,-0.6419005274772643,-0.4234534800052643,0.2525700421406181,0.0,0.624794646371156,1.7291014194488525,0.504670887222311,25,0.0,0.0,-0.23078197082941188,-0.2521255319723143,-0.021343561142902423,-0.0022147193461961043
sciq_0033,What does jupiter reflect a lot of due to its size?,science,"Jupiter reflects a lot of sunlight due to its massive size, which is approximately 1,321 times larger than Earth's. This is because Jupiter's large size causes the sunlight to be scattered in all directions, resulting in a bright, white appearance from space.",0,0.0465116279069767,0.0,-0.5202672674098515,-0.35801172256469727,-1.8050663471221924,-1.148492121696472,-0.8722792863845825,0.4620580388245607,0.0,1.2468222621034826,3.9890737533569336,0.92387407396489,53,0.0,0.0,-0.4437060264815675,-0.5939929068222732,-0.15028688034070575,-0.00676513954039215
sciq_0034,There are 20 different common amino acids needed to make what organic compound?,science,The answer is: Proteins.,0,0.5,0.0,-0.4015529858879745,-0.3827117383480072,-0.9718813896179199,-0.9474658846855164,-0.6754566133022308,0.38022128002883976,0.0,1.2560648040047713,2.267620086669922,0.9462534719494481,7,0.0,0.0,-0.4724219062676032,-0.34840129560325295,0.12402061066435027,0.09324614680372174
sciq_0035,Non-human organisms that mainly consume plants/other primary producers are known as what?,science,Insects.,1,0.0,0.0,-0.7444962461789449,-0.7326247096061707,-1.3124477863311768,-1.1964831709861756,-1.0225362479686737,0.45896073024563533,0.0,2.030526955922445,3.6467742919921875,1.1694587365907503,3,0.0,0.0,-1.3124477863311768,-0.460520476102829,0.8519273102283478,0.28991153836250333
sciq_0036,What is the mechanism by which favorable traits become more common in organisms over the course of generations?,science,"The mechanism by which favorable traits become more common in organisms over the course of generations is through natural selection, which is the process by which individuals with favorable traits are more likely to survive and reproduce, passing those traits on to their offspring. This is achieved through the survival of the fittest, where individuals with traits that are",0,0.0714285714285714,0.0357142857142857,-0.2591494631484892,-0.08376958407461643,-1.4723141193389893,-0.7682076513767242,-0.43047137558460236,0.35531627933788107,0.0,0.6314780889656504,3.1059727668762207,0.7500958546200419,64,0.0,0.0,-0.22212687162001998,-0.2961720546769584,-0.07404518305693841,-0.005890705795516665
sciq_0037,How do multicellular organisms grow in size?,science,"Multicellular organisms grow in size through a process called cell division, where a single cell divides into two or more daughter cells, each of which becomes a new individual organism. This process is called mitosis, and it allows the organism to increase in size and complexity over time.",0,0.1999999999999999,0.16,-0.35055181296404825,-0.241794653236866,-1.6227877140045166,-0.8769513964653015,-0.49237238615751266,0.3815383913029721,0.0,0.8575927141745134,3.01426362991333,0.7355248965061293,56,0.0,0.0,-0.2606776754306078,-0.4404259504974886,-0.1797482750668808,-0.007725585590847474
sciq_0038,A vapor light produces visible light by what process?,science,"A vapor light produces visible light by exciting the atoms or molecules in the gas, causing them to release energy in the form of photons, which are then emitted as visible light.",1,0.0,0.0666666666666666,-0.3086199475374347,-0.2053360939025879,-1.0351980924606323,-0.8716884016990661,-0.5150970965623856,0.3133811337410258,0.0,0.816505812914277,2.858581066131592,0.685850924792391,35,0.0,0.0,-0.38788767808760255,-0.23375597979560958,0.15413169829199297,0.0033785073862940573
sciq_0039,Which kind of muscle regulates air flow in lungs?,science,The diaphragm is the muscle that regulates air flow in the lungs. It is a dome-shaped muscle that separates the chest cavity from the abdominal cavity and contracts and relaxes to help expand and deflate the lungs.,1,0.0,0.0,-0.14321016878624884,-0.040957558900117874,-0.7398167848587036,-0.46359522342681886,-0.17388180643320084,0.20236079565340367,0.0,0.4143747657068415,1.783540964126587,0.484792572662415,43,0.0,0.0,-0.1461240097899766,-0.14042877510087237,0.005695234689104239,-0.0003076376266107823
sciq_0040,"What useful tool helps scientists work with, understand and make predictions about extremely complex systems?",science,"The useful tool that helps scientists work with, understand, and make predictions about extremely complex systems is the Computational Fluid Dynamics (CFD) model. CFD models simulate the behavior of fluids and gases in various systems, such as weather patterns, ocean currents, and chemical reactions, allowing scientists to predict and analyze complex phenomena with",0,0.0392156862745098,0.0,-0.347852126284259,-0.06567369401454926,-2.1023080348968506,-1.0788270592689513,-0.6235886067152023,0.49073514603130225,0.0,0.8844021442256036,5.360439300537109,1.180032735257507,64,0.0,0.0,-0.24640740456361243,-0.44929684800490555,-0.20288944344129312,-0.004363633094922285
sciq_0041,Water can be broken down into hydrogen and oxygen gases by the addition of what?,science,Hydrogen.,1,0.0,0.0,-0.5459656682796776,-0.5062907636165619,-1.1576004028320312,-1.0437279880046844,-0.8729193657636642,0.449514244252814,0.0,1.1740278992801905,2.2029809951782227,0.8901661918517485,4,0.0,0.0,-0.39585321489721537,-0.6960781216621399,-0.3002249067649245,-0.135959924571216
sciq_0042,A moraine is sediment deposited by what?,science,A moraine is typically formed by the movement of glaciers.,1,0.0,0.0,-0.5116492511854934,-0.42475900053977966,-1.3014609813690186,-1.2003462135791778,-0.842570349574089,0.4720819394604868,0.0,1.0439956723130308,2.5344431400299072,0.8378155862016284,12,0.0,0.0,-0.27565751513369224,-0.7476409872372946,-0.4719834721036023,-0.081228197613626
sciq_0043,Hertz proved that what type of waves travel at the speed of light?,science,Electromagnetic waves.,0,0.6666666666666666,0.0,-0.48679840392433105,-0.01853877678513527,-1.721977949142456,-1.3066267013549804,-0.6835998296737671,0.6705296785479017,0.0,1.0128158815205097,3.361400604248047,1.302265844086366,5,0.0,0.0,-0.8627123305341229,-0.2361891195178032,0.6265232110163197,0.20616641740780342
sciq_0044,What does a continuous string of earthquakes indicate about a volcano?,science,"A continuous string of earthquakes can indicate that magma is moving beneath the surface of the volcano, indicating that the volcano is in a state of unrest and may be about to erupt. This is often referred to as a ""volcanic tremor sequence"" or ""seismic swarm,"" and it can be a sign that magma",1,0.04,0.0784313725490196,-0.5124736784256072,-0.32221266627311707,-2.504589557647705,-1.4859813570976257,-0.6261866986751556,0.5882274717370237,0.0,1.200450098575061,5.287993907928467,1.1837088242980758,64,0.0,0.0,-0.5067858014366493,-0.5181615554145651,-0.011375753977915792,-0.003587790816854087
sciq_0045,Mollusks have a true coelom and a complete what?,science,"Mollusks have a true coelom, which is a hollow, fluid-filled cavity that serves as a body cavity, providing support and protection for internal organs.",1,0.0,0.0,-0.4506823262285359,-0.16729754209518433,-2.1034393310546875,-1.4293380141258238,-0.6174658089876175,0.5883482547989637,0.0,1.042606054319014,4.878223896026611,1.2187141908304866,34,0.0,0.0,-0.3129746976466028,-0.5883899548104691,-0.2754152571638663,-0.020453011800296326
sciq_0046,What is a large molecule with many repeating units?,science,A large molecule with many repeating units is a polymer.,0,0.2222222222222222,0.0,-0.1184857074060181,-0.015982024371623993,-0.3660593330860138,-0.32446035742759705,-0.2083161175251007,0.13490286693479495,0.0,0.47811629504642705,1.3138923645019531,0.5257626454639681,11,0.0,0.0,-0.08765355770010501,-0.144179165494279,-0.056525607794173996,-0.012444489628912625
sciq_0047,How many viruses that can cause cancer in humans have been identified by scientists?,science,"There are over 200 viruses that have been identified as potential human carcinogens, and many of them have been linked to various types of cancer, including breast, lung, colon, kidney, and cervical cancer. However, it's worth noting that the exact number of viruses that can cause cancer is still being researched and updated",1,0.0,0.0,-0.5053794320442933,-0.3137163370847702,-1.921673059463501,-1.3880658745765686,-0.7345638573169708,0.5197385499221809,0.0,1.0761477965297672,3.214991807937622,0.924550228829783,64,0.0,0.0,-0.49162069052943025,-0.5191381735591563,-0.02751748302972601,0.00023724865854630951
sciq_0048,What geologic era is also known as the age of mammals?,science,The geologic era also known as the age of mammals is the Paleozoic Era.,1,0.1538461538461538,0.3076923076923077,-0.2082487680967865,-0.03260038606822491,-0.7730520367622375,-0.6572070121765137,-0.3731940910220146,0.2754401890648806,0.0,0.5470566918342633,2.2435169219970703,0.6622410976561233,18,0.0,0.0,-0.22373540846537152,-0.19276212772820145,0.030973280737170067,-0.0002713062281779156
sciq_0049,What 3 things do animals need to live and survive?,science,"Animals need three essential things to live and survive: food, water, and shelter.",1,0.3529411764705882,0.3529411764705882,-0.29924634921210075,-0.03886290453374386,-1.7566856145858765,-0.9877403378486633,-0.25299153849482536,0.5006042346053521,0.0,0.6233143929728411,3.0393357276916504,0.8760158682173095,18,0.0,0.0,-0.41634269235712257,-0.18215000606707893,0.23419268629004364,0.03868707316632654
sciq_0050,What type of particle collides with an atom of u-235 during the basic nuclear fission process?,science,The type of particle that collides with an atom of uranium-235 (U-235) during the basic nuclear fission process is a neutron.,0,0.1,0.0,-0.10874586201014912,-0.009476717794314027,-0.9241806268692017,-0.4057341039180754,-0.03757979115471244,0.25104719708823925,0.0,0.2859312400117536,2.4275362491607666,0.5575313608213216,30,0.0,0.0,-0.14791377381867885,-0.06957795020161939,0.07833582361705946,0.0043184199402972285
sciq_0051,Earth's axis is an imaginary line passing through which poles?,science,The Earth's axis is an imaginary line passing through the North and South Poles.,0,0.4,0.2666666666666666,-0.06442312292518396,-0.018883105367422104,-0.4600938558578491,-0.12811606824398042,-0.10747651755809784,0.11017800580862959,0.0,0.22422463431961231,0.8215682506561279,0.25617480341903354,17,0.0,0.0,-0.08164531027432531,-0.04911451194816942,0.032530798326155894,0.00904003076139619
sciq_0052,"In a plant, the flower contains what?",science,"In a plant, the flower contains petals.",1,0.0,0.0,-0.3235821716629693,-0.13413530588150024,-1.2543160915374756,-0.8320870399475098,-0.41392984986305237,0.4001629275425518,0.0,0.7476430868005587,2.4160001277923584,0.7471590714735572,9,0.0,0.0,-0.19586616822925862,-0.42575497440993787,-0.22988880618067925,-0.046360994922967254
sciq_0053,What cycle is part of cellular respiration and makes atp and naph?,science,"The cycle you are referring to is the Calvin cycle, which is part of cellular respiration and produces ATP and NADPH.",1,0.0,0.0952380952380952,-0.36242618040688074,-0.23874090611934662,-1.1470093727111816,-0.8490889370441437,-0.5982658863067627,0.36136807615892647,0.0,0.8462489172893234,2.4440572261810303,0.7790920623369577,26,0.0,0.0,-0.424538708345678,-0.3003136524680835,0.12422505587759447,0.010803792843237014
sciq_0054,What are people with osteoporosis at increased risk of?,science,"People with osteoporosis are at increased risk of fractures, particularly in the hips, spine, and wrists, as well as osteoporotic fractures of the vertebrae, ribs, and long bones. Additionally, they may also be at increased risk of fractures of the jaw, pelvis, and other bones, as",0,0.0444444444444444,0.0,-0.4117081603902797,-0.14487814158201218,-2.224785327911377,-1.1881242036819457,-0.6350967288017273,0.5417057341604306,0.0,0.952584131518222,3.7050058841705322,1.0840539679341525,64,0.0,0.0,-0.27021920250525255,-0.5531971182753068,-0.28297791577005427,-0.012755205138754293
sciq_0055,What is the most abundant metal of the earth's crust?,science,"Oxygen is the most abundant metal of the earth's crust, making up approximately 46.6% of the earth's crust.",1,0.0,0.0,-0.22275333125219698,-0.06680303066968918,-0.8726767897605896,-0.7392448306083679,-0.31044188886880875,0.2951237854120557,0.0,0.4314391864183428,1.3304574489593506,0.4376191383212437,27,0.0,0.0,-0.22388587845573335,-0.22170168027748463,0.0021841981782487196,-0.0017652564529671091
sciq_0056,What is the middle layer of connective tissue called?,science,The middle layer of connective tissue is called the reticular layer.,1,0.0,0.0,-0.17814581068729954,-0.023683135397732258,-1.2709993124008179,-0.4675571084022522,-0.15142171829938889,0.33754481484215226,0.0,0.5599575489137091,2.5422842502593994,0.7458487629098796,14,0.0,0.0,-0.007076101627035314,-0.34921551974756376,-0.34213941812052845,-0.054234092895986984
sciq_0057,About how tall can mid-ocean ridges be?,science,"Mid-ocean ridges can be as tall as 10,000 to 15,000 meters (33,000 to 49,000 feet) above sea level, with some of the highest peaks reaching heights of over 20,000 meters (66,000 feet).",1,0.0,0.048780487804878,-0.2827102152023469,-0.05208801291882992,-1.7763152122497559,-0.7830308377742767,-0.33445193618535995,0.4289303069697236,0.0,0.6854369583399732,3.9383022785186768,0.9066975482704108,56,0.0,0.0,-0.24639716346075602,-0.3190232669439378,-0.07262610348318177,0.0006455142033240819
sciq_0058,"Competition that occurs between members of the same species, which improves the species’ adaptations, is called what?",science,The answer is: **Competition.**,1,0.4,0.4,-0.8638937560091209,-0.6609480381011963,-2.308676242828369,-1.7658894538879395,-1.5457727909088135,0.7617647291961742,0.0,2.0305758282128306,4.421457290649414,1.5908080772970714,9,0.0,0.0,-0.8821845040656626,-0.8492611575638875,0.032923346501775086,0.10907068103939917
sciq_0059,What is the term for a measure of both speed and direction?,science,The term for a measure of both speed and direction is velocity.,0,0.1818181818181818,0.0,-0.07135735667340598,-0.0034973190631717443,-0.5899440050125122,-0.17708133310079574,-0.026969972997903824,0.15956742209661526,0.0,0.2650842125596962,1.8154326677322388,0.5043170158985595,13,0.0,0.0,-0.054544735088711604,-0.0857681751745726,-0.03122344008586099,-0.008090477155382265
sciq_0060,"Cnidarians are an example of organisms that possess a simple type of what system, used for sensing touch?",science,"Cnidarians, such as jellyfish and corals, possess a simple type of sensory system called a statocyst, which is used for sensing balance and orientation.",1,0.0833333333333333,0.0833333333333333,-0.28960796067204175,-0.23317500203847885,-1.3437731266021729,-0.7509206533432007,-0.35098546743392944,0.30481896461948216,0.0,0.8309127395452165,2.6180050373077393,0.6938058271056697,34,0.0,0.0,-0.15505698870293494,-0.42415893264114857,-0.26910194393821363,-0.012877403372866305
sciq_0061,"The lens focuses light on the retina , which covers the back of the inside of the eye. the retina has light-sensing photoreceptor cells called?",science,The retina has light-sensing photoreceptor cells called rods and cones.,0,0.4615384615384615,0.3076923076923076,-0.11658899215375035,-0.044091902673244476,-0.44140636920928955,-0.28448506593704226,-0.2231336161494255,0.135998729704235,0.0,0.43048647031731285,1.5432443618774414,0.4574673512071753,15,0.0,0.0,-0.09132323749820768,-0.13869652747735017,-0.04737328997914249,-0.008931816639311106
sciq_0062,What is the the process by which remains or traces of living things become fossils called?,science,The process by which remains or traces of living things become fossils is called permineralization.,1,0.0,0.0,-0.059173005039180056,-0.001611959422007203,-0.6452926397323608,-0.12902889251708982,-0.015318639576435089,0.1544585633290606,0.0,0.21091910784353354,2.017092704772949,0.47730127077625617,19,0.0,0.0,-0.012428909364492332,-0.10124269114639901,-0.08881378178190669,-0.009038043357288602
sciq_0063,How does increasing the temperature of reactants affect the rate of their reaction?,science,"Increasing the temperature of reactants generally increases the rate of a chemical reaction, as higher temperatures provide more energy for the reactant molecules to collide and react with each other, resulting in a faster rate of reaction.",0,0.0571428571428571,0.0,-0.2298588846244153,-0.06900789961218834,-0.909329354763031,-0.6262244403362274,-0.45986538380384445,0.2747530817814862,0.0,0.5209179522723952,1.6966089010238647,0.514027354629896,42,0.0,0.0,-0.17070037859455278,-0.28901739065427784,-0.11831701205972506,-0.004941590116317638
sciq_0064,Soap acts as what kind of agent between grease and water?,science,"Soap acts as an emulsifier, which means it helps to mix and stabilize two or more liquids that don't normally mix, such as oil and water.",1,0.0,0.0,-0.20983303439470546,-0.09207046404480934,-1.0900551080703735,-0.6896397233009338,-0.30283841490745544,0.2717715884120313,0.0,0.5776564658408461,2.395810842514038,0.597481020319524,32,0.0,0.0,-0.2699279177286371,-0.14973815106077382,0.1201897666678633,0.003222995977452109
sciq_0065,"""incident"" and ""reflected"" are two types of what?",science,"Incident and reflected are both types of ""events"".",1,0.0,0.0,-0.5614868765101577,-0.31936728954315186,-2.0963878631591797,-1.6714048385620117,-0.7823010683059692,0.6859029042336953,0.0,1.5566123738376931,5.357071876525879,1.726798582671511,11,0.0,0.0,-0.09970769323408604,-0.9463028625735509,-0.8465951693394649,-0.14167587381697638
sciq_0066,"In the inner ear, the vibrations are changed to electrical signals by hair cells lining what?",science,The hair cells in the inner ear lining the cochlea convert vibrations into electrical signals by bending and breaking down mechanical energy into electrical signals that are transmitted to the brain.,0,0.0714285714285714,0.0689655172413793,-0.46766793312924687,-0.3143691420555115,-1.7241854667663574,-1.1229732036590576,-0.7749465703964233,0.4709542954811318,0.0,1.1056578505544388,3.7487144470214844,0.9735308448997948,33,0.0,0.0,-0.2870882693077874,-0.6376252637847382,-0.35053699447695075,-0.005663995453887085
sciq_0067,What part of the neuron is a large structure with a central nucleus?,science,The large structure with a central nucleus in a neuron is called a dendrite.,1,0.0,0.0,-0.22500801420210337,-0.06732985377311707,-0.8911744356155396,-0.5163204669952393,-0.49247705191373825,0.2693439339035999,0.0,0.5806230100279208,2.731231212615967,0.7054410713636856,16,0.0,0.0,-0.21547599286350305,-0.23454003554070368,-0.019064042677200632,0.005323785721702733
sciq_0068,"When equal amounts of a strong acid such as hydrochloric acid are mixed with a strong base such as sodium hydroxide, the result is what kind of solution?",science,"When equal amounts of a strong acid (like hydrochloric acid) and a strong base (like sodium hydroxide) are mixed, they react to form a neutral solution, also known as a salt and water mixture. The resulting solution is a neutral solution, with the acid and base being completely neutralized.",0,0.0454545454545454,0.0,-0.36015501463029903,-0.15263591706752777,-2.031094551086426,-0.9779690742492676,-0.6207313537597656,0.46621298894409163,0.0,0.8186450324342115,3.0315775871276855,0.8991406798240464,63,0.0,0.0,-0.0926247145656259,-0.6193249928179512,-0.5267002782523252,-0.013491301364374599
sciq_0069,Light is a form of what kind of energy?,science,Light is a form of electromagnetic radiation.,0,0.25,0.0,-0.09263267855112645,-0.0265738507732749,-0.3706628680229187,-0.26919028311967846,-0.11953890323638916,0.12663361334770815,0.0,0.2524232907235273,0.695267915725708,0.24478700022144448,8,0.0,0.0,-0.10253139131964417,-0.08273396578260872,0.01979742553703545,-0.008547019952380825
sciq_0070,What organs are considered the female gonads?,science,The female gonads are the ovaries.,0,0.4,0.0,-0.14759657028480433,-0.01789589785039425,-0.9427640438079834,-0.3378406405448913,-0.10318636149168015,0.2873169770235483,0.0,0.35308914050822043,1.640929937362671,0.49386081163781925,9,0.0,0.0,-0.2617308922453958,-0.05628911271633115,0.20544177952906467,0.040814828261985237
sciq_0071,The type of bond that forms between molecules is called what?,science,The type of bond that forms between molecules is called a covalent bond.,1,0.1538461538461538,0.3076923076923077,-0.05898377939297461,-0.006717841140925884,-0.35068556666374207,-0.2188914641737938,-0.05286158435046673,0.10524704751188085,0.0,0.26444265272039047,1.4893683195114136,0.4284969845011671,16,0.0,0.0,-0.05228409149322033,-0.06568346729272889,-0.013399375799508562,0.004161580180896308
sciq_0072,What crucial role does beneficial fungi play?,science,"Beneficial fungi play a crucial role in decomposing organic matter, recycling nutrients, and supporting plant growth by breaking down complex organic compounds into simpler forms that can be used by plants, thereby promoting soil health and fertility. They also produce enzymes that help to solubilize minerals, making them available to plants, and produce",1,0.0,0.037037037037037,-0.3472101054742325,-0.17105820775032043,-1.5529489517211914,-0.7844673454761505,-0.5325387865304947,0.3972599352187528,0.0,0.8567283404900081,3.1559972763061523,0.841061936623172,64,0.0,0.0,-0.27496297802008485,-0.4194572329283801,-0.14449425490829526,-0.003354478561689512
sciq_0073,What do ecologists study at every level?,science,"Ecologists study various aspects of the natural world, including the interactions between living organisms and their environment, and the relationships between organisms and their ecosystems. At different levels, ecologists may focus on specific topics such as population ecology, community ecology, ecosystem ecology, conservation biology, evolutionary ecology, and biogeography, among others",0,0.0416666666666666,0.0,-0.352694582300046,-0.20570160448551178,-1.2768640518188477,-0.9382341265678406,-0.5998150706291199,0.36343847967768134,0.0,0.8594471990681996,2.7854206562042236,0.7908100337968134,64,0.0,0.0,-0.3613623402616213,-0.34402682433847076,0.017335515923150524,-0.00041861457108837655
sciq_0074,What phase does the nuclear envelope begin to break down?,science,"The nuclear envelope begins to break down during the process of apoptosis, also known as programmed cell death, which is a natural process of cell death that occurs in multicellular organisms. This process is triggered by various signals, including DNA damage, stress, and loss of cell membrane integrity, leading to the dissolution of the nuclear envelope",1,0.0,0.0,-0.3908927013101504,-0.18192588537931442,-1.5558512210845947,-1.18967387676239,-0.6310232430696487,0.4634457711008785,0.0,1.0119235178030976,3.876189947128296,1.013305684475681,64,0.0,0.0,-0.31994890374841134,-0.4618364988718895,-0.14188759512347815,-0.003921665815890961
sciq_0075,How do prokaryotic cells divide?,science,"Prokaryotic cells, such as bacteria, divide by a process called binary fission, where the cell splits into two identical daughter cells, each with the same number of chromosomes. This process involves the replication of the cell's DNA, followed by the separation of the two daughter cells, resulting in two new cells with",0,0.0833333333333333,0.0416666666666666,-0.29709105523718904,-0.12355353310704231,-1.6141611337661743,-0.8629418313503265,-0.538462370634079,0.38112382973815173,0.0,0.7084566103884526,2.7257776260375977,0.7296254654640723,64,0.0,0.0,-0.16874908685909418,-0.4254330236152839,-0.2566839367561897,-0.008382762094422002
sciq_0076,What is the name of the molecule which has one carbon and four hydrogen atoms?,science,The molecule with one carbon and four hydrogen atoms is methane (CH4).,0,0.1666666666666666,0.1538461538461538,-0.07869948640097088,-0.06011376902461052,-0.2617253363132477,-0.22338661849498748,-0.11010432988405228,0.08734292099841766,0.0,0.3077036567653219,1.009443998336792,0.3064353431837075,15,0.0,0.0,-0.08621942467600872,-0.07211954041031277,0.014099884265695958,0.0011206184483723654
sciq_0077,Most fungi get organic compounds from what?,science,"Most fungi get organic compounds from decomposing organic matter, such as dead plants and animals, and from the breakdown of other organic compounds in the environment.",0,0.0769230769230769,0.0,-0.3922090371519403,-0.22684288024902344,-1.3651297092437744,-1.1001996636390685,-0.6029389351606369,0.40810126287647275,0.0,1.0174689655394105,3.4272913932800293,0.9353174736082992,30,0.0,0.0,-0.19913083507209042,-0.5852872392317902,-0.38615640415969976,-0.018504414487807284
sciq_0078,"What nervous system is divided into two parts, the sensory division and the motor division?",science,"The nervous system is divided into two main parts: the central nervous system (CNS) and the peripheral nervous system (PNS). The CNS consists of the brain and spinal cord, while the PNS consists of nerves that connect the CNS to the rest of the body, including sensory receptors, muscles, and glands.",1,0.0465116279069767,0.0465116279069767,-0.17613125091527948,-0.03338298387825489,-1.1946158409118652,-0.6126251637935638,-0.24689749628305435,0.27663132645453803,0.0,0.43007792061428063,1.68651282787323,0.5169001231922621,64,0.0,0.0,-0.138172551133664,-0.21408995069689496,-0.07591739956323096,-0.0033362609422156273
sciq_0079,We must remember that the formal charge calculated for an atom is not the actual charge of the atom in the molecule. formal charge is only a useful bookkeeping procedure; it does not indicate the presence of these?,science,"The formal charge is a useful tool for keeping track of the total number of electrons an atom has gained or lost in a chemical reaction, but it does not indicate the presence of any actual electrons in the molecule.",0,0.0571428571428571,0.0,-0.43396059384637437,-0.27779145538806915,-2.0105669498443604,-1.067157793045044,-0.6122780442237854,0.4783382730946636,0.0,1.0262025902435805,3.6180472373962402,0.8915106165024053,42,0.0,0.0,-0.4360715747891282,-0.43184961290362045,0.0042219618855077745,-0.0042688229811333545
sciq_0080,What are most cells surrounded by?,science,"Most cells are surrounded by a cell membrane, which is a thin layer of lipid bilayer that separates the cell from its external environment.",1,0.0,0.0,-0.2241389941212859,-0.15629880130290985,-0.6800602674484253,-0.594554889202118,-0.38142600655555725,0.21725205894383373,0.0,0.7164287371905865,2.150402069091797,0.6098690921599573,27,0.0,0.0,-0.22805349399389413,-0.22050410138243542,0.007549392611458705,0.002504259011711332
sciq_0081,Humans are among the most versatile of mammals with what type of diet?,science,"Humans are omnivores, which means we are capable of consuming a wide variety of foods including fruits, vegetables, grains, proteins, and other animal products. Our diet can vary greatly depending on the region, culture, and personal preferences, but we tend to eat a mix of plant-based and animal-based foods.",1,0.0,0.0,-0.38937845038310026,-0.13492266833782196,-1.8948040008544922,-0.9895264148712158,-0.6218315958976746,0.4607650013498503,0.0,0.8507479831182753,3.112433671951294,0.8107115667078207,63,0.0,0.0,-0.3422029635383355,-0.43507970326396617,-0.09287673972563065,-0.0006348175456210425
sciq_0082,What particles ancient greeks propose that matter consists of ?,science,The ancient Greeks proposed that matter consists of tiny indivisible particles called atoms.,0,0.1538461538461538,0.0,-0.21857620232428113,-0.13166853785514832,-1.3367688655853271,-0.45284207463264464,-0.2542644292116165,0.33456554008728373,0.0,0.5447890891693532,2.526603937149048,0.6377062718889714,15,0.0,0.0,-0.07211394689511508,-0.34673067582480144,-0.27461672892968636,-0.021206931199412797
sciq_0083,Solute potential is also called osmotic potential because solutes affect the direction of what?,science,"Solute potential is also called osmotic potential because it affects the direction of water movement through a semipermeable membrane, which is the movement of water molecules from an area of high solute concentration to an area of low solute concentration.",1,0.0,0.0,-0.23514575802404838,-0.04974742233753204,-1.7750695943832397,-0.5586578488349914,-0.3544144332408905,0.3803527013608232,0.0,0.6027273437504511,3.413677215576172,0.8035695201721151,49,0.0,0.0,-0.1855904843954098,-0.28271882070754145,-0.09712833631213166,0.0024079468021245133
sciq_0084,"The components of a mixture keep their own identity when they combine, so they retain what type of properties, such as boiling point and ability to dissolve?",science,"The components of a mixture retain their own identity when they combine, so they retain their own properties, such as boiling point and ability to dissolve.",1,0.0,0.0,-0.3549248231429374,-0.1637154519557953,-1.9308581352233887,-0.8506557464599609,-0.5439038276672363,0.45043088690552585,0.0,0.9049507443138783,3.317166805267334,0.8721904046202305,29,0.0,0.0,-0.39798597872556585,-0.31473441126581747,0.08325156745974838,0.008616943872343618
sciq_0085,What term is used to describe  is the spontaneous emission of particles and radiation from atomic nuclei?,science,"The term used to describe the spontaneous emission of particles and radiation from atomic nuclei is ""alpha decay"".",1,0.0,0.0,-0.19584618619869615,-0.0003905124467564747,-1.5207536220550537,-0.5300371825695036,-0.10215153452008963,0.4279079501943363,0.0,0.4933982050410123,3.3439526557922363,0.9422636173006732,20,0.0,0.0,-0.05604897050798172,-0.3356434018894106,-0.27959443138142887,-0.03004305281022158
sciq_0086,What are atoms with unstable nuclei are considered to be?,science,Atoms with unstable nuclei are considered to be radioactive.,1,0.1999999999999999,0.1999999999999999,-0.1432956062431913,-0.11103397607803345,-0.34241294860839844,-0.34076923727989195,-0.2640349827706814,0.1357943290427225,0.0,0.5577983107417822,1.5133326053619385,0.519611828609684,10,0.0,0.0,-0.0734452734934166,-0.21314593899296597,-0.13970066549954935,-0.020804329351592567
sciq_0087,What type of organism generally lives in or on its host?,science,The type of organism that generally lives in or on its host is a parasite.,0,0.1428571428571428,0.0,-0.2425782385034836,-0.09804718755185604,-1.3388333320617676,-0.6492919623851776,-0.28921427577733994,0.37460273359518353,0.0,0.6823500929313013,3.3766591548919678,0.882766155200117,16,0.0,0.0,-0.26212741660128813,-0.22302906040567905,0.039098356195609085,0.006932675737377433
sciq_0088,Cardiac muscle is found only in which part of the heart?,science,"Cardiac muscle is found in the heart itself, specifically in the myocardium, which is the middle layer of the heart wall.",1,0.0,0.0,-0.30977052173301883,-0.11909541115164757,-1.6935182809829712,-0.8995682299137115,-0.3567420020699501,0.43853328352989124,0.0,0.753890660018302,3.0673041343688965,0.7699082209351552,26,0.0,0.0,-0.33270680915694145,-0.28683423430909616,0.04587257484784529,0.0043049202154690994
sciq_0089,"What occurs not only as organisms grow, but as they reproduce.",science,Photosynthesis.,1,0.0,0.0,-0.954664057896783,-1.1408770084381104,-1.721705436706543,-1.6055397510528564,-1.4312912225723267,0.7145445067039272,0.0,1.9355328778425853,3.9594802856445312,1.6132583224763626,3,0.0,0.0,-1.721705436706543,-0.571143368491903,1.15056206821464,0.29041421413421664
sciq_0090,"What anatomical structures insulate, protect and provide sensory input?",science,"The main anatomical structures that insulate, protect, and provide sensory input are the skin, the meninges, and the inner ear.",1,0.0,0.0,-0.2694091502222428,-0.031612515449523926,-1.3759838342666626,-0.874399721622467,-0.41471967101097107,0.38634108800718414,0.0,0.804877825211796,4.0296854972839355,1.1395094335693234,28,0.0,0.0,-0.10223584622203166,-0.436582454222454,-0.3343466080004224,-0.013779063345617603
sciq_0091,"Control of the body can be somatic or autonomic, offering one way to divide what organ system by function?",science,"The autonomic nervous system can be divided into two main branches: the sympathetic nervous system, which controls the body's ""fight or flight"" response, and the parasympathetic nervous system, which promotes relaxation and restoration. The somatic nervous system, on the other hand, is responsible for controlling voluntary movements and",0,0.0888888888888888,0.0444444444444444,-0.2786537207408024,-0.07128686085343361,-1.3090710639953613,-0.8488277614116668,-0.5057279169559479,0.3539486169092881,0.0,0.6833292993782152,2.492331027984619,0.7496083037925032,64,0.0,0.0,-0.3070774482789602,-0.2502299932026446,0.05684745507631561,0.002240380660951617
sciq_0092,What blood-carrying structures contain one-way valves that contribute to the return of blood to the heart?,science,"The structures that contain one-way valves that contribute to the return of blood to the heart are the atrioventricular valves, specifically the tricuspid and mitral valves. These valves allow blood to flow from the right atrium to the right ventricle and from the left atrium to the left ventricle",1,0.0,0.0,-0.16997158624665687,-0.005453825928270817,-1.1385021209716797,-0.5720452010631562,-0.2669980600476265,0.3000836348265362,0.0,0.4078509289039971,2.58699369430542,0.6139429090643751,64,0.0,0.0,-0.17322018496491864,-0.1667229875283951,0.00649719743652355,0.0014661752109370416
sciq_0093,"In astronomy, what are so dense that not even light can escape their gravity?",science,"The answer is a black hole. Black holes are regions in space where the gravitational pull is so strong that not even light can escape, making them invisible to our telescopes.",0,0.1333333333333333,0.0666666666666666,-0.2777645895864615,-0.11324214935302734,-1.5025007724761963,-0.6356147766113281,-0.45304006338119507,0.37549795016448073,0.0,0.7430306769242244,4.2425994873046875,0.9315898786684844,35,0.0,0.0,-0.29328368441544145,-0.26310766669242486,0.03017601772301659,0.0036917167061503607
sciq_0094,"Water is considered a what since it is a polar molecule with slightly positive and slightly negative charges, so ions and polar molecules can readily dissolve in it?",science,"Water is considered a polar molecule because it has a slightly positive hydrogen atom and a slightly negative oxygen atom, resulting in a net positive charge on the hydrogen side and a net negative charge on the oxygen side, allowing it to form hydrogen bonds with other water molecules.",1,0.0,0.0,-0.2795030337406388,-0.12975726649165154,-1.259520173072815,-0.6904237687587738,-0.43761444836854935,0.334841123069111,0.0,0.6793044568336112,2.4583635330200195,0.6409702021349332,52,0.0,0.0,-0.3691072578725513,-0.18989880960872632,0.17920844826382495,0.003909498711995896
sciq_0095,What kind of weather can you expect if a center of low pressure is moving your way?,science,"If a center of low pressure is moving towards you, you can expect a change in the weather, typically characterized by increasing cloudiness, cooler temperatures, and possibly precipitation, such as rain or thunderstorms. The exact type of weather will depend on the specific location and the strength of the low-pressure system, but generally,",1,0.0,0.0416666666666666,-0.41242832653373984,-0.22186609357595444,-1.7647753953933716,-1.1551033973693847,-0.6570876240730286,0.46928559454811763,0.0,0.9384134467597818,3.955902338027954,1.004611981616303,64,0.0,0.0,-0.41669434222649215,-0.40816231084098753,0.008532031385504624,-0.0009810628290638065
sciq_0096,What type of climate does the coast of california have?,science,"The coast of California has a Mediterranean climate, characterized by mild, wet winters and dry summers, with significant rainfall along the Pacific coast and a dry, cool climate along the Central Valley.",0,0.0714285714285714,0.0,-0.5114214793555565,-0.3243151307106018,-1.837552785873413,-1.3161601543426513,-0.872602641582489,0.5401610708978762,0.0,1.121366419584012,3.607323169708252,1.068913551562744,37,0.0,0.0,-0.1751432242745068,-0.8300008789060245,-0.6548576546315177,-0.02942435756081906
sciq_0097,What rock group offers the richest source of fossils?,science,"The rock group that offers the richest source of fossils is the Pennsylvanian coal deposits in the United States, particularly in the Appalachian region, which is known for its rich fossil deposits of ancient marine reptiles, amphibians, and other organisms.",1,0.0,0.0,-0.5652654242505014,-0.32582686841487885,-2.1699061393737793,-1.35129075050354,-0.9486637115478516,0.5762748289984571,0.0,1.3713248068315442,4.496059417724609,1.2235670753906478,50,0.0,0.0,-0.4571826385831082,-0.6733482099178946,-0.21616557133478637,-0.008664637555675155
sciq_0098,What is another name for the vertebral column?,science,The vertebral column is also commonly known as the spine.,1,0.0,0.2,-0.2191163689355259,-0.08489711582660675,-0.695184051990509,-0.6686963617801666,-0.40804143995046616,0.262240816526885,0.0,0.4398355600242212,1.1303791999816895,0.38655772344828493,12,0.0,0.0,-0.12020865176479371,-0.31802408610625815,-0.19781543434146442,-0.019333837142665386
sciq_0099,The sex of developing crocodilians is determined by what during incubation?,science,"The sex of developing crocodilians is determined by the presence or absence of the sex chromosomes, specifically the X and Y chromosomes, during incubation. In most species of crocodilians, the presence of the Y chromosome leads to the development of males, while the absence of the Y chromosome leads to the development of females",1,0.0425531914893617,0.0425531914893617,-0.3172974474032628,-0.17440024763345718,-1.3904715776443481,-0.924176812171936,-0.5726233720779419,0.3573303779020597,0.0,0.8895360868241369,4.5616774559021,0.9524077060689456,64,0.0,0.0,-0.3808476576395492,-0.25374723716697645,0.12710042047257275,0.0022395674256807194
sciq_0100,"Like the frame of a house, what gives the cell an internal structure?",science,"The cell's internal structure is typically composed of a cell membrane, cytoplasm, and a nucleus, which are all enclosed within a cell wall, also known as the cell membrane.",1,0.0,0.0769230769230769,-0.5381426685153446,-0.4462416172027588,-1.698906421661377,-1.3648663282394409,-0.9217968583106995,0.5288841463986219,0.0,1.243522601601718,3.7724828720092773,1.0474571122742011,37,0.0,0.0,-0.39182005106785156,-0.6767640955708645,-0.2849440445030129,-0.007448852796907315
sciq_0101,About half of what type of radiation is absorbed in the first 15 meters of water?,science,About 90% of the radiation is absorbed in the first 15 meters of water.,1,0.0,0.0,-0.3709144627436116,-0.11546070501208305,-2.5006470680236816,-0.8564824998378754,-0.4575915262103081,0.5928038934937347,0.0,0.953016503714025,3.8471455574035645,1.0390431355642595,18,0.0,0.0,-0.5953211673056811,-0.14650775818154216,0.4488134091241389,0.04208982601117628
sciq_0102,What kind of muscle is the heart mainly composed of?,science,"The heart is mainly composed of cardiac muscle cells, also known as cardiomyocytes, which are specialized muscle cells that contract and relax to pump blood throughout the body.",0,0.1428571428571428,0.0714285714285714,-0.1466620305422952,-0.020255617797374725,-0.8456413745880127,-0.35211263298988343,-0.22589540481567383,0.21861485986504653,0.0,0.4192243782013203,2.084601879119873,0.5168171608708068,33,0.0,0.0,-0.12082520888351667,-0.17097903916232204,-0.05015383027880538,-0.0008582057488693715
sciq_0103,What is the term for the force that a magnet exerts on certain materials?,science,The term for the force that a magnet exerts on certain materials is magnetism.,1,0.1538461538461538,0.1538461538461538,-0.079537993272371,-0.0020787552930414677,-0.9825941324234009,-0.11220422387123108,-0.032075319439172745,0.2286726336107847,0.0,0.23376198491656824,2.2600975036621094,0.5274007417660699,17,0.0,0.0,-0.03503898822782503,-0.11909266442307853,-0.0840536761952535,-0.011560142954767441
sciq_0104,Silk and cotton are examples of what kind of fiber?,science,Silk and cotton are examples of natural fibers.,0,0.2222222222222222,0.0,-0.16868753061280586,-0.14347029477357864,-0.5858738422393799,-0.40239693224430084,-0.2120279185473919,0.1839788968331479,0.0,0.4719576230389066,1.1868462562561035,0.42346315301012516,10,0.0,0.0,-0.11512825773970689,-0.2222468034859048,-0.10711854574619792,0.0020422720507309484
sciq_0105,"The small, rocky bodies that orbit the sun are called what?",science,"The small, rocky bodies that orbit the sun are called planets.",1,0.0,0.0,-0.14990407504564457,-0.006050247699022293,-0.9902821779251099,-0.4289179027080536,-0.06763073056936264,0.28528479727478,0.0,0.40072125288693666,2.056817054748535,0.6991184433148163,13,0.0,0.0,-0.08504432346793085,-0.20549814782654202,-0.12045382435861117,-0.016372670608569142
sciq_0106,About what percentage of the earth's water is fresh water?,science,"About 2.5% of the Earth's water is fresh water, while the remaining 97.5% is saltwater.",1,0.0,0.0,-0.17149868799911186,-0.026683785021305084,-0.8967148065567017,-0.5925851583480835,-0.24503041803836823,0.2586809724122615,0.0,0.45664755511798255,2.1494271755218506,0.6013874835492652,27,0.0,0.0,-0.17172055092700808,-0.17129267242320825,0.00042787850379982784,-4.617636450314473e-05
sciq_0107,Hydrophilic molecules generally avoid what other kinds of molecules?,science,Hydrophilic molecules tend to avoid non-polar molecules.,1,0.0,0.0,-0.3215940788876161,-0.23478521406650543,-1.2340409755706787,-0.9285542249679565,-0.40830326080322266,0.39202894750203304,0.0,0.6897903203991098,1.844008207321167,0.6900400836439846,13,0.0,0.0,-0.2495833545476671,-0.38331755689328667,-0.13373420234561956,-0.050446308261633446
sciq_0108,Why do fish have short esophaguses?,science,"Fish have short esophaguses because they are designed to be lightweight and efficient for swimming, with a short esophagus that allows them to quickly propel themselves through the water. This is in contrast to humans, who have a longer esophagus that is necessary for swallowing food.",1,0.0,0.0,-0.47775216244777413,-0.3588835299015045,-1.6977099180221558,-1.2039379835128783,-0.8005165457725525,0.4617485857492656,0.0,1.1713331928109063,3.7464942932128906,0.9901150172393596,57,0.0,0.0,-0.5061372350485597,-0.4503458854539123,0.05579134959464738,-0.0015758361452337922
sciq_0109,Malonate plays what negative role on the enzyme succinate dehydrogenase?,science,Malonate plays a negative role on the enzyme succinate dehydrogenase.,1,0.0,0.0,-0.12909962508434975,-0.009972392581403255,-0.5836629271507263,-0.4405515193939209,-0.1773359775543213,0.18649140157695596,0.0,0.3898386963350383,1.4273287057876587,0.48783749615537786,17,0.0,0.0,-0.21207299962406978,-0.05534551438237637,0.15672748524169341,0.0064029301291727665
sciq_0110,What term describes the process of vesicles fusing with the plasma membrane and releasing their contents to the outside of the cell?,science,The term that describes the process of vesicles fusing with the plasma membrane and releasing their contents to the outside of the cell is called exocytosis.,0,0.0909090909090909,0.0,-0.07309043056226017,-0.00036650136462412775,-1.1138582229614258,-0.1373585321009159,-0.009110488928854465,0.2196171248891326,0.0,0.22067738012060545,2.7535128593444824,0.5892825006208862,32,0.0,0.0,-0.04161808494103525,-0.10456277618348508,-0.06294469124244984,-0.003166985088565079
sciq_0111,"Asteroids, comets, and planets move around the sun in curved paths called what?",science,"Asteroids, comets, and planets move around the sun in curved paths called orbits.",0,0.1538461538461538,0.0,-0.10694195238925443,-0.009455894120037556,-0.9691058397293091,-0.2600336909294128,-0.07154383324086666,0.2419371894808012,0.0,0.31077641067340184,1.9879202842712402,0.5483292257278225,19,0.0,0.0,-0.07844662765435512,-0.1325877446506638,-0.05414111699630869,-0.004568085859998398
sciq_0112,What is the process of filtering waste from the kidneys?,science,"The process of filtering waste from the kidneys involves the nephrons, which are tiny units within the kidneys that contain a specialized network of tiny blood vessels and cells called glomeruli. The glomeruli filter waste and excess fluids from the blood, while also reabsorbing essential nutrients and hormones, through a process called",1,0.0,0.0,-0.39501339359026133,-0.1822274550795555,-2.4160404205322266,-1.1289511680603026,-0.5854260325431824,0.5280142578909526,0.0,0.9366275125958055,3.9653050899505615,0.9990839202360728,64,0.0,0.0,-0.435514546963077,-0.35451224021744565,0.08100230674563136,-0.001349429454460602
sciq_0113,"Without particles, water vapor could not do what?",science,"Water vapor is a gas, and without particles, it would not be able to hold its shape or form a liquid. In its gaseous state, water vapor is highly volatile and can easily evaporate or condense into liquid water.",1,0.0526315789473684,0.0526315789473684,-0.5409933491413975,-0.4459603279829025,-1.7900363206863403,-1.0956530094146728,-0.846227765083313,0.45713121274220436,0.0,1.3140780721288745,3.410581588745117,0.9028480339418838,48,0.0,0.0,-0.5884969440842269,-0.49348975419856816,0.09500718988565876,0.0005090237429500694
sciq_0114,"What is a therian mammal in which the embryo is born at an early, immature stage?",science,"A therian mammal in which the embryo is born at an early, immature stage is a marsupial.",0,0.1428571428571428,0.0,-0.13313328128772453,-0.005537171848118305,-0.7151558995246887,-0.5572258114814758,-0.13131028227508068,0.23259961799959,0.0,0.425737655174959,2.4365031719207764,0.6995657214139898,23,0.0,0.0,-0.11620327633533055,-0.14865245249408568,-0.03244917615875513,-0.004139755908822857
sciq_0115,"One important phenomenon related to the relative strength of cohesive and adhesive forces is capillary action—the tendency of a fluid to be raised or suppressed in a narrow tube, or called this?",science,"Capillary action is called ""osmosis"".",0,0.2857142857142857,0.0,-0.4901178227853961,-0.2898789793252945,-1.8720364570617676,-1.1535078525543212,-0.7590823620557785,0.5823596594273317,0.0,1.4098480406217277,4.911398887634277,1.6262999379899135,10,0.0,0.0,-0.30731739290058613,-0.6729182526702061,-0.36560085976962,-0.028076755452308467
sciq_0116,"Digestive enzymes are released, or secreted, by the organs of which body system?",science,"Digestive enzymes are released, or secreted, by the salivary glands.",0,0.1818181818181818,0.0,-0.25812619001439263,-0.005485956557095051,-1.3368449211120605,-0.9974631190299987,-0.3840102553367615,0.4410605659024683,0.0,0.45001233863299334,2.395076274871826,0.6998848383136945,17,0.0,0.0,-0.2187368388313189,-0.29313894662156925,-0.07440210779025036,-0.0193763649970374
sciq_0117,What functions in removing phosphorylated amino acids from proteins?,science,"Phosphatases are enzymes that remove phosphate groups from phosphorylated amino acids, which are essential for various cellular processes such as signal transduction, protein degradation, and cell signaling. There are several types of phosphatases, including protein phosphatases, which remove phosphate groups from proteins, and histone phosphatases",1,0.0,0.0,-0.4525421156328093,-0.20679820328950882,-1.92783784866333,-1.221307897567749,-0.8113834112882614,0.5460985825705313,0.0,1.0388718136973694,4.092647075653076,1.1469862008299563,64,0.0,0.0,-0.41538679013888213,-0.4896974411267365,-0.07431065098785439,-0.0035898923496059617
sciq_0118,What type of map reveals the shape of a landscape?,science,"A topographic map is a type of map that reveals the shape of a landscape by showing the elevation and relief of the land, including the contours, valleys, and other topographical features.",0,0.0769230769230769,0.0,-0.34446284205200517,-0.18984239548444748,-1.5016436576843262,-0.8422800362110138,-0.5680805146694183,0.3865291837303936,0.0,0.9080022730503468,3.1558165550231934,0.8685700676974005,38,0.0,0.0,-0.16524875738105038,-0.52367692672296,-0.3584281693419096,-0.01001437599473946
sciq_0119,What is another name for anther pollen sacs?,science,Another name for anther pollen sacs is antherules.,1,0.0,0.0,-0.3161520789554533,-0.019119609147310257,-1.6786863803863525,-0.8897541403770446,-0.5347965359687805,0.4976871403767681,0.0,0.901881231711461,5.04923152923584,1.435672392987402,13,0.0,0.0,-0.16127238594981463,-0.448906101531715,-0.2876337155819004,-0.043116101386608575
sciq_0120,"Illustrating how form follows function, long, slender protein strands that make up what tissue are essential for contracting and relaxing?",science,"Muscle tissue is essential for contracting and relaxing, and the long, slender protein strands that make up muscle tissue are called actin and myosin filaments. These filaments are arranged in a specific pattern to form sarcomeres, which are the functional units of muscle contraction.",0,0.0476190476190476,0.0,-0.29149223645080174,-0.12251676619052887,-1.325173020362854,-0.8503982305526734,-0.559149980545044,0.3545559135280544,0.0,0.7413872483731737,2.8781445026397705,0.7701423689733854,57,0.0,0.0,-0.24657029000523575,-0.33486515026031377,-0.08829486025507802,-0.0014003065890109607
sciq_0121,Biological features from a common evolutionary origin are known as what?,science,Biological features from a common evolutionary origin are known as homologous structures.,0,0.1666666666666666,0.0,-0.17619131316519088,-0.008663098327815533,-0.9847192168235779,-0.5552939921617508,-0.2712973915040493,0.28718000924255477,0.0,0.4399487726659572,3.119396209716797,0.7709204988617392,16,0.0,0.0,-0.15146092688746648,-0.20092169944291527,-0.049460772555448784,-0.004653304157026858
sciq_0122,Corrosion is usually defined as the degradation of metals due to what?,science,"Corrosion is usually defined as the degradation of metals due to chemical reactions with their environment, particularly with oxygen, moisture, and other substances that can cause the metal to break down and lose its strength and integrity.",1,0.0,0.0,-0.3054753477126301,-0.15281151235103607,-1.310793161392212,-0.8082706093788147,-0.5364146530628204,0.353243121835871,0.0,0.7927999690025814,2.230952739715576,0.7517778368573205,43,0.0,0.0,-0.15010565197670594,-0.45378278455146676,-0.3036771325747608,-0.014005964174673084
sciq_0123,Which membranous organelles in a cell sequence enzyme and electron molecules for efficient cellular respiration?,science,"The membranous organelles involved in cellular respiration are:

1. Mitochondria (the ""powerhouses"" of the cell, where ATP is produced through the process of cellular respiration)
2. Chloroplasts (in plant cells, responsible for photosynthesis, but also involved in cellular respiration in",0,0.054054054054054,0.0,-0.3103499459060508,-0.13673674315214157,-1.719475507736206,-0.9336641192436218,-0.43076950311660767,0.4059838533560649,0.0,0.7466731767730153,3.76025390625,0.8443151844681516,64,0.0,0.0,-0.3380415516299067,-0.28265834018219493,0.055383211447711744,1.678075842133416e-05
sciq_0124,How many families are known quarks divided into?,science,"There are six families of quarks: the Up quark family, the Down quark family, the Charm quark family, the Strange quark family, the Top quark family, and the Bottom quark family.",1,0.0,0.0,-0.20182510592660238,-0.020339256152510643,-1.3524470329284668,-0.7083677887916564,-0.2794874608516693,0.3481322235623151,0.0,0.47699096073888037,2.358144760131836,0.6977731403473744,45,0.0,0.0,-0.3769103640581968,-0.034352250322468615,0.34255811373572814,0.01463783856573092
sciq_0125,Does lava flow quickly or slowly when thick?,science,"Lava flows quickly when it is thick. When lava is thick and viscous, it has a higher viscosity, which means it resists flow and can move slowly, often in a more predictable and controlled manner.",1,0.0588235294117647,0.0588235294117647,-0.5938457878950176,-0.43514710664749146,-2.3636956214904785,-1.4675164461135863,-0.8546631038188934,0.5963202157224988,0.0,1.3898741216723656,4.99233341217041,1.1697085074558973,43,0.0,0.0,-0.4647797928330311,-0.7170451468178229,-0.25226535398479183,-0.012538732366266118
sciq_0126,What phase does the cell make final preparations to divide?,science,"The cell makes final preparations to divide in the M phase of the cell cycle, specifically in the prophase stage.",1,0.1052631578947368,0.1052631578947368,-0.3529678435930375,-0.23887242376804352,-1.1964203119277954,-0.9139193058013916,-0.5595956146717072,0.36194684584351905,0.0,0.979486426419538,2.8000926971435547,0.799764026910463,23,0.0,0.0,-0.27026776840317657,-0.42877624585041,-0.15850847744723345,-0.01606229478991434
sciq_0127,"What is land with permafrost, no trees, and small hardy plants?",science,The area you are likely describing is the Arctic tundra.,0,0.2222222222222222,0.0,-0.587189146309053,-0.40113674104213715,-1.7048627138137817,-1.4727024912834168,-0.798641711473465,0.5399694143864755,0.0,1.2683889610343613,3.443481922149658,1.0396295966962636,12,0.0,0.0,-0.8751634111007055,-0.2992148815174005,0.575948529583305,0.09870242045119107
sciq_0128,Hydrogen-based fuel cells were and are used to provide what for manned space vehicles?,science,"Hydrogen-based fuel cells were and are used to provide power for manned space vehicles, specifically for propulsion and life support systems.",1,0.0,0.0,-0.4484992927840232,-0.31930676102638245,-1.5520092248916626,-1.0825841426849365,-0.7500490993261337,0.4531162595589487,0.0,1.0316446303566829,3.2950127124786377,0.9423752794557404,26,0.0,0.0,-0.29394700521369,-0.6030515803543565,-0.30910457514066647,-0.02577987923937121
sciq_0129,What is the most important function of enzymes in animals?,science,"The most important function of enzymes in animals is to catalyze chemical reactions that facilitate various biological processes, such as digestion, metabolism, and energy production, by breaking down complex molecules into simpler ones, which is essential for the survival and growth of the organism.",1,0.0,0.0,-0.2576537568960738,-0.05145654082298279,-1.3080298900604248,-0.6426230669021606,-0.4410899877548218,0.3235912771810718,0.0,0.6642854417885579,2.2097315788269043,0.6943335761013558,52,0.0,0.0,-0.17448415392695657,-0.34082335986519097,-0.1663392059382344,-0.006923478040932657
sciq_0130,What process takes place when plants release water vapor through pores in their leaves called stomata?,science,The process that takes place when plants release water vapor through pores in their leaves called stomata is called transpiration.,0,0.1,0.0,-0.08194588429333911,-0.0036005449946969748,-0.7951297760009766,-0.35063654184341425,-0.02098195254802704,0.196795227697429,0.0,0.24669096411019817,1.8018274307250977,0.5151211091933128,23,0.0,0.0,-0.08722701272761862,-0.07710484989524957,0.010122162832369053,0.0022291208288529596
sciq_0131,The concept that atoms tend to have eight electrons in their valence electron shell is called what?,science,The concept that atoms tend to have eight electrons in their valence electron shell is called the octet rule.,0,0.2105263157894736,0.1052631578947368,-0.07985044959332299,-0.01546943699941039,-0.6025526523590088,-0.21650495380163193,-0.08948348835110664,0.13772311731767284,0.0,0.32513617397159,1.491742730140686,0.4473271382910931,22,0.0,0.0,-0.04932443647918593,-0.11037646270746006,-0.061052026228274124,-0.0041399593149968085
sciq_0132,What is the force that opposes motion between two surfaces that are touching?,science,The force that opposes motion between two surfaces that are touching is called friction.,0,0.1428571428571428,0.0,-0.05451067244527318,-0.004492547363042831,-0.38057300448417664,-0.18766803741455074,-0.03008487168699503,0.10947938132930346,0.0,0.1975074119012182,1.0030395984649658,0.3243194276652857,15,0.0,0.0,-0.014071858009369212,-0.08989463507668916,-0.07582277706731995,-0.011967269312702096
sciq_0133,"In the case of the moose, predation is an additional factor that regulates what?",science,"In the case of the moose, predation is an additional factor that regulates the moose's population growth. Moose are preyed upon by predators such as wolves, bears, and mountain lions, which helps to maintain a balance in their ecosystem.",0,0.0555555555555555,0.0,-0.2747556698519111,-0.12168212234973907,-1.1431595087051392,-0.7579195618629455,-0.48967791348695755,0.3194092563756456,0.0,0.7633673031907529,2.7002291679382324,0.8088556198057898,50,0.0,0.0,-0.30104071494431994,-0.24847062475950224,0.0525700901848177,-0.003932932715832576
sciq_0134,"A sealed, vacuum-insulated reaction flask approximates what condition, in which neither matter nor heat can be exchanged between system and surroundings?",science,"The sealed, vacuum-insulated reaction flask approximates a **closed system** in which neither matter nor heat can be exchanged between the system and the surroundings.",1,0.0869565217391304,0.0869565217391304,-0.29082170615525216,-0.032661497592926025,-2.1262106895446777,-0.8576056361198425,-0.3653044104576111,0.49072964477204445,0.0,0.6866369074484664,4.224031448364258,0.9776036633272618,31,0.0,0.0,-0.47458807258444724,-0.11854073762788175,0.3560473349565655,0.011578914456229902
sciq_0135,"Temperature, water, soil, and air are examples of nonliving factors of an ecosystem, also termed what?",science,Photosynthesis.,1,0.0,0.0,-0.7920139022171497,-0.5921175479888916,-1.7422699928283691,-1.5122395038604737,-1.1671937704086304,0.7085160370243745,0.0,1.7665761808554332,3.9138901233673096,1.5734711940353416,3,0.0,0.0,-1.7422699928283691,-0.31688585691154003,1.425384135916829,0.5750762224197389
sciq_0136,What are the little sacs at the end of the bronchioles called?,science,The little sacs at the end of the bronchioles are called bronchiole alveoli.,0,0.1818181818181818,0.1666666666666666,-0.15314767259901818,-0.004193679429590702,-1.5686063766479492,-0.37382814288139343,-0.03983854129910469,0.3742501604564772,0.0,0.43228607391366886,3.7397336959838867,0.910661425055598,21,0.0,0.0,-0.024237173206211084,-0.27033903568338824,-0.24610186247717716,-0.022019199338696973
sciq_0137,What kind of organisms helps hold soil in place to slow erosion?,science,"Organisms that help hold soil in place to slow erosion include roots of plants, such as trees and shrubs, as well as roots of grasses and other vegetation, which anchor the soil and prevent it from being washed or blown away. Additionally, organic matter like humus and leaf litter also play a role in stabil",0,0.037037037037037,0.0,-0.3779389171740739,-0.20899657160043716,-1.7596379518508911,-1.012515664100647,-0.6031447052955627,0.44932241827101566,0.0,0.919287005969295,3.944565534591675,0.9839726067926322,64,0.0,0.0,-0.32042611809429644,-0.4354517162538514,-0.11502559815955493,-0.005062397314458756
sciq_0138,"By the year 2050, 25 percent of the population of the united states will be 60 years of age or older. the cdc estimates that 80 percent of those 60 years and older have one or more chronic disease associated with deficiencies of this?",science,"By 2050, 25% of the US population will be 60 years of age or older, and the CDC estimates that 80% of those 60 years and older have one or more chronic diseases associated with deficiencies of vitamin D.",1,0.0,0.0,-0.24500946081749134,-0.07466214895248413,-1.5748543739318848,-0.6543384194374084,-0.38990622013807297,0.3470413045988423,0.0,0.6386945570015814,3.1003100872039795,0.7781770525293636,50,0.0,0.0,-0.2878137320472888,-0.2022051895876939,0.08560854245959487,0.0032488045720633464
sciq_0139,"Nephrons, renal tubules and the loop of henle are part of the process of blood filtration by what organs?",science,"The nephrons, renal tubules, and the loop of Henle are part of the process of blood filtration by the kidneys.",0,0.1176470588235294,0.0,-0.10076699020832026,-0.010263005271553993,-0.8237024545669556,-0.2745354175567627,-0.1330633144825697,0.19042999604646235,0.0,0.2942305702745216,1.908857822418213,0.4500595831211686,26,0.0,0.0,-0.1385438697473616,-0.0629901106692789,0.0755537590780827,0.00981872748670276
sciq_0140,The overall voltage of the battery is therefore the sum of ________ of the individual cells.,science,The overall voltage of the battery is the sum of the individual cell voltages.,0,0.1818181818181818,0.0,-0.1287095958405189,-0.03488020319491625,-0.8778931498527527,-0.32998867332935333,-0.11888325959444046,0.22510110059483313,0.0,0.390440056224179,1.9117789268493652,0.47649980082106996,16,0.0,0.0,-0.18565734598814743,-0.07176184569289035,0.11389550029525708,0.002134917138434556
sciq_0141,"What system of the body is responsible for transmitting, processing, and responding to most of the sensory information that is created by various stimuli?",science,"The system responsible for transmitting, processing, and responding to most of the sensory information created by various stimuli is the Nervous System, specifically the Central Nervous System (CNS), which includes the brain and spinal cord. The CNS acts as a relay station for sensory information, allowing the body to interpret and respond",0,0.0869565217391304,0.0434782608695652,-0.26370130797714353,-0.05093206278979778,-1.8892192840576172,-0.8055099964141845,-0.37181319296360016,0.4284748285387189,0.0,0.5712291185200229,3.6358282566070557,0.8096455172891311,64,0.0,0.0,-0.1706112988005941,-0.35679131715369294,-0.18618001835309883,-0.007127543655371293
sciq_0142,What lines the passages of the nose and senses chemicals in the air?,science,"The nasal passages are lined with tiny hair-like structures called cilia, which help to filter and warm the air we breathe, while also detecting chemicals and particles in the air, including odors and allergens. The olfactory epithelium, a layer of cells lining the nasal passages, contains specialized sensory neurons that detect",1,0.0,0.0,-0.45334609417744787,-0.35073520243167877,-1.1962366104125977,-1.012150728702545,-0.8128776252269745,0.40348625061008,0.0,1.030008800900987,3.06270170211792,0.7977323062561045,64,0.0,0.0,-0.4334352446894627,-0.473256943665433,-0.03982169897597032,-0.003522053287673149
sciq_0143,Proteins are polymers of what kind of acids?,science,Proteins are polymers of amino acids.,0,0.2857142857142857,0.0,-0.06317561367686722,-0.014319031033664942,-0.28637242317199707,-0.16592953056097032,-0.08376077748835087,0.08906481080554243,0.0,0.26053988198400474,0.7158122658729553,0.2866623288124628,10,0.0,0.0,-0.04748176294233417,-0.07886946441140026,-0.03138770146906609,-0.013317906922902412
sciq_0144,What makes marginal lands unsuitable for farming?,science,"Marginal lands are unsuitable for farming due to their low productivity, high erosion risk, and lack of water availability, making it difficult to sustain a viable agricultural operation. Additionally, marginal lands often have poor soil quality, inadequate drainage, and limited access to markets, which can lead to economic and environmental challenges.",1,0.0,0.0,-0.47555271270061894,-0.30062301456928253,-1.5616918802261353,-1.096199595928192,-0.9024789929389954,0.47843775127865695,0.0,1.2156161419626452,3.7050223350524902,1.1043562458674805,62,0.0,0.0,-0.5020030250077452,-0.4491024003934927,0.05290062461425249,-0.004550391392809536
sciq_0145,"When a nerve impulse reaches the end of an axon, what are the chemicals released by the axon called?",science,The chemicals released by the axon when a nerve impulse reaches the end of an axon are called neurotransmitters.,0,0.1333333333333333,0.0,-0.13979436558431346,-0.005431181751191616,-1.213788628578186,-0.37845726013183595,-0.1680569052696228,0.27004362699744155,0.0,0.34354115632595494,2.145958662033081,0.5111045532711151,23,0.0,0.0,-0.15913642365657407,-0.12206414568474126,0.03707227797183281,0.0035091754785311286
sciq_0146,What is the most important source of electromagnetic waves on earth?,science,"The most important source of electromagnetic waves on Earth is the Sun. It emits a vast amount of electromagnetic radiation, including visible light, ultraviolet (UV) radiation, X-rays, and gamma rays, which are essential for life on our planet.",0,0.054054054054054,0.0,-0.1941026819103339,-0.06665070354938507,-1.3293756246566772,-0.5963180184364318,-0.2519693374633789,0.27363473382493564,0.0,0.5372449989384278,1.937253713607788,0.5935887288211485,49,0.0,0.0,-0.21800899797665352,-0.17115261848666705,0.04685637948998647,-0.0007765110586957733
sciq_0147,All of the elements in group 9 have nine of which electrons?,science,All elements in group 9 of the periodic table have 8 electrons in their outermost shell.,1,0.0,0.125,-0.3525927182034138,-0.23387549817562103,-1.1528617143630981,-0.871566754579544,-0.6142936050891876,0.36646609608183195,0.0,0.767739197332412,2.7995009422302246,0.7326033451575842,20,0.0,0.0,-0.2822771842551447,-0.422908252151683,-0.1406310678965383,-0.00014128296870351994
sciq_0148,What form of reproduction creates offspring that are genetically identical to the parent?,science,"The form of reproduction that creates offspring that are genetically identical to the parent is called ""spermogenesis"" or ""zygote formation,"" but more specifically, it is the process of ""sperm fertilization"" that creates a single, genetically identical individual.",1,0.0,0.0,-0.5707087964324011,-0.48804639279842377,-2.070106267929077,-1.4258647084236145,-0.9570636600255966,0.5609609758449241,0.0,1.424976053867235,4.876314163208008,1.2783784915622651,52,0.0,0.0,-0.4526237205126948,-0.6887938723521074,-0.23617015183941265,-0.012817664725799746
sciq_0149,Ecological succession refers to the change in the numbers and types of species that live in what groups?,science,"Ecological succession refers to the change in the numbers and types of species that live in a particular area over time, typically after a disturbance, such as a fire, hurricane, or other environmental change.",1,0.0,0.0,-0.2826040708106575,-0.06801780872046947,-1.1252632141113281,-0.9121641993522643,-0.5230430066585541,0.3604187791874508,0.0,0.6802376606832695,2.986262321472168,0.7882553982457003,40,0.0,0.0,-0.09141396655813878,-0.4737941750631762,-0.38238020850503746,-0.01511048488214781
sciq_0150,The chains in cellulose stack in parallel rows held together by hydrogen bonds between which groups?,science,The chains in cellulose stack in parallel rows held together by hydrogen bonds between the hydroxyl (-OH) groups of adjacent glucose units.,1,0.0909090909090909,0.0909090909090909,-0.1779126159207343,-0.012383819092065096,-0.8597226142883301,-0.7013413667678833,-0.2402098923921585,0.28349925582300883,0.0,0.5368212211978971,2.4483017921447754,0.7463982617494623,28,0.0,0.0,-0.08139207998523748,-0.27443315185623113,-0.19304107187099365,-0.01113307466914928
sciq_0151,Where does the energy produced by plants come from?,science,"The energy produced by plants comes from the process of photosynthesis, in which they convert light energy from the sun into chemical energy in the form of glucose, a type of sugar. This process involves the conversion of carbon dioxide and water into glucose and oxygen using energy from sunlight, a process that is essential for life on Earth",0,0.0377358490566037,0.0,-0.23984603773982371,-0.04612273350358009,-1.561819314956665,-0.7557196021080017,-0.3574290946125984,0.36121347858047514,0.0,0.5626212140051621,3.2705631256103516,0.7111682523822432,64,0.0,0.0,-0.19409670746091479,-0.28559536801873264,-0.09149866055781786,-0.0028692348278098042
sciq_0152,What is citrate an ionized form of?,science,Citrate is an ionized form of potassium.,1,0.0,0.0,-0.3895847022999078,-0.3146917298436165,-0.9657245874404907,-0.9213022708892822,-0.7643897831439972,0.3799598777558959,0.0,0.9262394404038787,2.3723113536834717,0.8544648670272527,10,0.0,0.0,-0.41201658979989586,-0.36715281479991974,0.044863774999976125,-0.029924197187364995
sciq_0153,What is first stage of cellular respiration?,science,"The first stage of cellular respiration is glycolysis, where glucose is broken down into pyruvate, producing a small amount of ATP and NADH.",1,0.0,0.0,-0.147308753698406,-0.02509267907589674,-0.8392648696899414,-0.5519713997840882,-0.12759512290358543,0.2396705164676964,0.0,0.38462771082306385,1.6160922050476074,0.49091042484950825,34,0.0,0.0,-0.12863139998658238,-0.1659861074102296,-0.037354707423647215,-0.004179501850067762
sciq_0154,What prevents new ovarian follicles from developing and suppresses uterine contractility?,science,"The primary mechanism preventing new ovarian follicles from developing and suppressing uterine contractility is the action of progesterone, which is produced by the corpus luteum after ovulation. Progesterone levels increase significantly after ovulation, causing the uterine lining to thicken and prepare for a potential pregnancy",0,0.048780487804878,0.0,-0.32684616422791635,-0.08191891945898533,-1.8123348951339722,-0.9671196877956391,-0.5050373673439026,0.43999851752112246,0.0,0.8595485397501079,4.025352478027344,1.0048624390035994,64,0.0,0.0,-0.28870157156384835,-0.36499075689198435,-0.076289185328136,-0.0013357186181529928
sciq_0155,What are atoms of the same element that differ in their numbers of neutrons called?,science,"Isotopes of the same element differ in their numbers of neutrons, and are called isotopes.",0,0.1333333333333333,0.0,-0.3411383683902559,-0.13048790395259857,-1.1257033348083496,-1.0061564445495605,-0.6085965037345886,0.37796875801857416,0.0,0.7773301137266182,2.4385218620300293,0.767711330684184,21,0.0,0.0,-0.3615883419959573,-0.3225474832941638,0.039040858701793524,0.007770419604552351
sciq_0156,The amniotic egg is a shared ancestral character for which clade?,science,"The amniotic egg is a shared ancestral character for the clade Dikaptodontidae, a group of extinct mammals that lived during the Paleocene epoch.",1,0.0,0.0,-0.4753501863284107,-0.21695071458816528,-2.0879807472229004,-1.5132949352264404,-0.44008421897888184,0.634664587473967,0.0,1.227939077300217,4.678043365478516,1.3425667871204359,33,0.0,0.0,-0.33132224927794596,-0.6109058917876716,-0.27958364250972567,-0.020211657239199658
sciq_0157,The three-dimensional spaces with specific shapes that are components of electrons shells are known as what?,science,The three-dimensional spaces with specific shapes that are components of electrons' shells are known as electron shells.,1,0.0,0.0,-0.12395035616445967,-0.014347145333886147,-0.7127934098243713,-0.28565103113651275,-0.20199838653206825,0.17687703744353267,0.0,0.407055675087031,1.319165825843811,0.462221073248369,20,0.0,0.0,-0.06201379789417842,-0.1858869144347409,-0.12387311654056248,-0.007307711095716895
sciq_0158,What type of bonds are formed by the side-to-side overlap of p orbitals?,science,The type of bonds formed by the side-to-side overlap of p orbitals are sigma (σ) bonds.,1,0.1111111111111111,0.2222222222222222,-0.15461578682377627,-0.008652855409309268,-1.2121644020080566,-0.44837147295475005,-0.08796263113617897,0.30364186753878414,0.0,0.4538725558589001,3.0315513610839844,0.8451509418395159,22,0.0,0.0,-0.13979104372257015,-0.1694405299249824,-0.029649486202412256,0.004285429488886516
sciq_0159,How many types of basic sensory receptors are there?,science,"There are approximately 1,100 different types of basic sensory receptors, which can be broadly classified into the following categories:",1,0.0,0.0,-0.4887184275751982,-0.21859154105186462,-2.249999523162842,-1.2501429796218873,-0.8860327005386353,0.5782471362913093,0.0,1.0545438829625102,6.239545822143555,1.340256013523296,24,0.0,0.0,-0.5430037013078012,-0.43443315384259523,0.10857054746520595,0.010238381753474456
sciq_0160,"Breathing involves differences in what, measured in torr, between the inside of the lungs and the air outside?",science,The difference in pressure between the inside of the lungs and the air outside is measured in torr (torr).,0,0.125,0.0,-0.25171476641528145,-0.06625650078058243,-1.1691372394561768,-0.6859643578529357,-0.35200628638267517,0.3175792695670575,0.0,0.6707944820594528,2.820657730102539,0.7506995890326399,23,0.0,0.0,-0.19358790669039908,-0.3049977211630903,-0.11140981447269124,-0.004614683888367611
sciq_0161,Oxygen is an element in what form of matter?,science,"Oxygen is a chemical element in its elemental form, which is a pure substance consisting of only oxygen atoms, denoted by the symbol O.",1,0.0,0.0,-0.3562414436702715,-0.28390082716941833,-1.0276007652282715,-0.853269624710083,-0.6289491057395935,0.33738993600595313,0.0,0.8870158334631987,2.60994815826416,0.7658294403385603,29,0.0,0.0,-0.4058561431679014,-0.3099343908058169,0.0959217523620845,0.0006666737578736944
sciq_0162,"Fungi often make specialized reproductive structures, such as what?",science,Fungi often make specialized reproductive structures called spores.,1,0.0,0.0,-0.18355042515560688,-0.03911246359348297,-0.5359014272689819,-0.45392653346061707,-0.36682331562042236,0.20182309970839343,0.0,0.6177714466201988,1.655676007270813,0.6452399025482988,11,0.0,0.0,-0.15592028556857257,-0.20657554147813548,-0.05065525590956291,-0.006888425978435078
sciq_0163,Which is a more reliable trait or measure to identify minerals?,science,"A more reliable trait or measure to identify minerals is a chemical test, such as a chemical analysis or spectroscopy, which can provide a more accurate and specific identification of a mineral based on its chemical composition. In contrast, visual identification methods, such as physical characteristics like color, crystal structure, and hardness, can be less",1,0.0,0.0392156862745098,-0.5531585436861821,-0.36027511954307556,-1.888064980506897,-1.4280331969261169,-0.9052836894989014,0.5596643805893634,0.0,1.2387725507807232,4.643614292144775,1.1460114353259188,64,0.0,0.0,-0.5516032969461051,-0.5547137904262591,-0.0031104934801540196,-0.0008607178735934867
sciq_0164,What are located along convergent and divergent plate boundaries?,science,"Convergent plate boundaries are typically characterized by the collision of two tectonic plates, resulting in subduction (one plate being pushed beneath another) or collision (plates moving towards each other), while divergent plate boundaries are marked by the separation of two plates moving apart from each other. At convergent boundaries, you",1,0.0,0.0,-0.34980547014575336,-0.20052172988653183,-1.5429000854492188,-0.8976556122303009,-0.5675811022520065,0.3865307135099333,0.0,0.8945089492520992,3.3748180866241455,0.8820333034384499,64,0.0,0.0,-0.31750619786839707,-0.38210474242310966,-0.06459854455471259,-0.0016880965750386842
sciq_0165,What term is used to describe organic compounds such as sugars and starches?,science,The term used to describe organic compounds such as sugars and starches is polysaccharides.,1,0.0,0.0,-0.10657119184380211,-0.001616839086636901,-0.9055615663528442,-0.3639862537384033,-0.032136247493326664,0.24071687708434622,0.0,0.27112294279775023,2.031769275665283,0.539925021853516,19,0.0,0.0,-0.04988317901672998,-0.15759040338816704,-0.10770722437143707,-0.01084438371967665
sciq_0166,Where are liverworts most often found?,science,"Liverworts are typically found in damp, shaded areas with high humidity, such as in forests, grasslands, and near streams and rivers, in temperate regions around the world, including North America, Europe, and Asia.",1,0.0,0.0588235294117647,-0.35321798264869897,-0.17149999737739563,-1.5475825071334839,-0.9139764606952667,-0.5556438565254211,0.4159904817658407,0.0,0.830053697744876,2.9467623233795166,0.8474061243215995,46,0.0,0.0,-0.3481230109331509,-0.35831295436424704,-0.010189943431096138,0.0015818759054843405
sciq_0167,What are the structural and functional units of the kidneys?,science,"The structural units of the kidneys are the nephrons, which are tiny, bean-shaped structures that contain a nephridia (small, cup-like structures) and a glomerulus (a cluster of capillaries that filter waste and excess fluids from the blood). The functional units of the kidneys are the nephrons,",0,0.0512820512820512,0.0,-0.3833755817634028,-0.14485500752925873,-2.1160330772399902,-1.044859766960144,-0.5955238193273544,0.47368876330754406,0.0,0.9783774587631342,4.705144882202148,1.0429020902020605,64,0.0,0.0,-0.5048565365032118,-0.2618946270235938,0.24296190947961804,0.0034673061477412644
sciq_0168,What are plants that grow on other plants called?,science,Plants that grow on other plants are called epiphytes.,0,0.1999999999999999,0.0,-0.1549341135569893,-0.0118391253054142,-1.427007794380188,-0.26088960766792296,-0.015813305974006653,0.3777952156206372,0.0,0.4785260495443184,3.709268569946289,0.9973340631749487,13,0.0,0.0,-0.24353311778395437,-0.07899210993387637,0.164541007850078,0.034183430506695575
sciq_0169,Lyme disease is caused by what kind of organim?,science,"Lyme disease is caused by the bacterium Borrelia burgdorferi, which is a spirochete.",1,0.0,0.1666666666666666,-0.1515161618068445,-0.025741376914083958,-0.7933273315429688,-0.5162462294101715,-0.23587523959577084,0.23185519289076792,0.0,0.37303670755220364,1.571081280708313,0.45744379324352435,26,0.0,0.0,-0.11863838075973596,-0.18439394285395302,-0.06575556209421707,-0.006595801106803605
sciq_0170,"In an ecosystem, what do you call organisms like lions that capture and kill other animals for food?",science,"In an ecosystem, organisms like lions that capture and kill other animals for food are called predators.",0,0.1176470588235294,0.0,-0.14817422401852368,-0.007324981968849897,-0.9081574082374573,-0.5799405932426452,-0.1684177741408348,0.2541850880014306,0.0,0.44230197720830083,2.2647180557250977,0.6998479651880335,19,0.0,0.0,-0.2152266604373128,-0.08782703124161344,0.12739962919569936,0.007498726360714305
sciq_0171,"What is the term for the ability of an atom to emit, or give off, charged particles and energy from its nucleus?",science,"The term for the ability of an atom to emit, or give off, charged particles and energy from its nucleus is radioactivity.",0,0.1,0.0,-0.08305582545270121,-0.000631243281532079,-1.6376850605010986,-0.08303776383399963,-0.013639312470331788,0.3153335875127324,0.0,0.18598684924542724,2.5064754486083984,0.5011138478624229,26,0.0,0.0,-0.03671438655258568,-0.12939726435281676,-0.09268287780023107,-0.008565545228372076
sciq_0172,What do you call the study of how organisms interact with their environment and each other?,science,The study of how organisms interact with their environment and each other is called ecology.,0,0.1333333333333333,0.0,-0.05140193327576981,-0.0014758793986402452,-0.6606845855712891,-0.047199541702866554,-0.020068410085514188,0.15826717365855023,0.0,0.14622292119929625,1.4104037284851074,0.3403129127706548,16,0.0,0.0,-0.01223075249527028,-0.09057311405626933,-0.07834236156099905,-0.012091497258094986
sciq_0173,Carnivores that eat herbivores are what kind of consumers?,science,Carnivores that eat herbivores are omnivores.,1,0.0,0.0,-0.13456473092394713,-0.005359950475394726,-1.161037802696228,-0.41379937529563904,-0.019780247937887907,0.3160108911594575,0.0,0.4266003603448293,2.693615436553955,0.8673640556902282,14,0.0,0.0,-0.08006261020532943,-0.18906685164256487,-0.10900424143723544,-0.006536735225037747
sciq_0174,What term is used to describe the development of new technology?,science,"The term used to describe the development of new technology is ""innovation"".",1,0.0,0.0,-0.08609210181881886,-0.0025467602536082268,-0.4240500330924988,-0.3424444794654846,-0.08772828988730907,0.1443290917531495,0.0,0.2982583008124493,1.242071270942688,0.4237817067843018,15,0.0,0.0,-0.04946427735116491,-0.11814144822801609,-0.06867717087685118,-0.011859659640595056
sciq_0175,"Most modern seed plants are angiosperms, which produce seeds in the ovaries of what basic structure?",science,"Most modern seed plants are angiosperms, which produce seeds in the ovary of a fruit.",1,0.0,0.0,-0.18590408147101697,-0.04423552751541138,-1.1447091102600098,-0.4557439476251602,-0.3167523816227913,0.28373303472527595,0.0,0.5060421533940825,2.29396390914917,0.6217136184675801,20,0.0,0.0,-0.11285644207309815,-0.2589517208689358,-0.14609527879583767,-0.02117683857911213
sciq_0176,Hormones are often regulated through what?,science,"Hormones are regulated through the endocrine system, which is a network of glands and organs that produce, store, and release hormones into the bloodstream to regulate various bodily functions, such as growth, development, and metabolism. The endocrine system is made up of glands like the pituitary gland, thyroid gland,",1,0.0,0.0,-0.2442286203360844,-0.12904341146349907,-1.418479323387146,-0.6281554877758027,-0.3867698833346367,0.2983071034795303,0.0,0.585119018700496,2.66886043548584,0.5969749547849896,64,0.0,0.0,-0.21605800845759404,-0.27239923221457474,-0.056341223756980696,-0.0021207196734667573
sciq_0177,"What process, which is in many ways the opposite of photosynthesis, shows the interdependence of producers and consumers?",science,"The process that is in many ways the opposite of photosynthesis is respiration, which is the process by which organisms release energy from the food they consume and release carbon dioxide and water as byproducts. This process is often referred to as the ""opposite"" of photosynthesis because it involves the breakdown of energy from food",1,0.0392156862745097,0.0392156862745097,-0.37550257825363076,-0.20877160876989365,-2.213747501373291,-0.9662522733211517,-0.5670591443777084,0.4666631667370755,0.0,0.9048758988594727,5.0639801025390625,0.9594932723301098,64,0.0,0.0,-0.2751828611164626,-0.4758222953907989,-0.20063943427433628,-0.006138025815247316
sciq_0178,A battery is a multiple connection of what kind of cells?,science,A battery is a multiple connection of lead-acid cells.,1,0.2,0.2,-0.20072645681163218,-0.04256618954241276,-1.386304259300232,-0.5483361445367336,-0.0959222111850977,0.3899217561397554,0.0,0.5681508798540259,3.3929636478424072,0.8901645518643321,12,0.0,0.0,-0.1339702537904183,-0.2674826598328461,-0.13351240604242778,-0.00637192962419688
sciq_0179,What are chromosomes made of?,science,"Chromosomes are made up of DNA (deoxyribonucleic acid) and proteins, which are the building blocks of life, and are organized into structures called chromosomes, which are composed of two identical sets of chromosomes, one inherited from each parent.",0,0.15,0.1,-0.39741993363406014,-0.2898944318294525,-1.6095423698425293,-0.9566616773605346,-0.7256982922554016,0.4356398025518666,0.0,0.9843114546853869,3.332982063293457,0.9773827584235419,52,0.0,0.0,-0.2540158535686295,-0.5408240136994908,-0.28680816013086136,-0.007783006491732327
sciq_0180,"Radiation, chemicals, and infectious agents are examples of what?",science,"Radiation, chemicals, and infectious agents are examples of biological agents.",1,0.0,0.0,-0.16788886803130612,-0.013463877607136965,-1.1197205781936646,-0.5468454658985138,-0.07389465533196926,0.3182123064580204,0.0,0.44363636896845754,2.6729512214660645,0.7471251700615964,14,0.0,0.0,-0.0704877099737392,-0.26529002608887303,-0.19480231611513382,-0.01881013443010858
sciq_0181,What is the blood in the body pumped with?,science,"The blood in the body is pumped by the heart, which is a muscular organ that contracts and relaxes to circulate blood throughout the body. The heart is responsible for pumping approximately 2,000 gallons of blood every day, which is equivalent to about 1.5 liters of blood per minute.",0,0.0434782608695652,0.0,-0.3302424581156107,-0.11186102032661438,-1.7457451820373535,-0.9137014150619507,-0.6336343288421631,0.41839075231411726,0.0,0.8170979367304292,3.663135051727295,0.8429755765293578,61,0.0,0.0,-0.23089695380719302,-0.4263832687366601,-0.19548631492946708,-0.006360210924661674
sciq_0182,What do you call the basic units of the structure and function of living things?,science,The basic units of the structure and function of living things are called cells.,0,0.1538461538461538,0.0,-0.05348281548122032,-0.0008733034483157098,-0.5889506936073303,-0.1001626506447792,-0.011352136265486479,0.14756023862397696,0.0,0.1690073797731505,1.182943344116211,0.3471223472194902,15,0.0,0.0,-0.022985279822023585,-0.08016815918301745,-0.057182879360993866,-0.007846148249258736
sciq_0183,What is the measurement of something along it's greatest dimension called?,science,The measurement of something along its greatest dimension is called its length.,0,0.1666666666666666,0.0,-0.18782222557526368,-0.08159452676773071,-1.1327570676803589,-0.3775599598884582,-0.21331529319286346,0.2948324620138309,0.0,0.518953374085518,1.7459770441055298,0.4672895630139014,13,0.0,0.0,-0.13596065536451837,-0.2322750000416168,-0.09631434467709843,-0.021318526856683107
sciq_0184,"The male gametophyte releases what, which swim - propelled by their flagella - to reach and fertilize the female gamete or egg?",science,"The male gametophyte releases sperm, which are swim-propelled by their flagella, to reach and fertilize the female gamete or egg.",0,0.1,0.0,-0.15477429496827572,-0.027026133611798286,-0.8275397419929504,-0.6528869867324829,-0.2248777523636818,0.24728223478276992,0.0,0.4991195087261017,2.56268310546875,0.6480619554568019,31,0.0,0.0,-0.20972600852595255,-0.10325706350795372,0.10646894501799883,0.0050290767010430495
sciq_0185,What are the hormones that cause a plant to grow?,science,"The primary hormones that cause a plant to grow are auxins, gibberellins, cytokinins, ethylene, and abscisic acid.",0,0.125,0.0,-0.21697833135908695,-0.07114969380199909,-1.169456124305725,-0.6120403468608856,-0.3021109774708748,0.3018592799078145,0.0,0.5144814595687421,2.4294745922088623,0.5877760701097826,32,0.0,0.0,-0.28188732861281096,-0.15206933410536294,0.12981799450744802,0.007866934373887111
sciq_0186,Traits controlled by genes on the sex chromosomes are called what?,science,Traits controlled by genes on the sex chromosomes are called sex-linked traits.,0,0.4,0.2666666666666666,-0.13727369351892907,-0.019151928834617138,-0.5818949341773987,-0.47212710976600647,-0.20764724723994732,0.196653428371853,0.0,0.4519718353954626,1.781622052192688,0.5647534770519281,14,0.0,0.0,-0.040253619861102506,-0.2342937671767556,-0.19404014731565308,-0.019915785941507887
sciq_0187,"In the u. s. , the majority of electricity is produced by burning coal or what else?",science,The majority of electricity in the U.S. is produced by burning natural gas.,1,0.0,0.0,-0.08054781415052048,-0.010874150786548853,-0.506076991558075,-0.2756863310933113,-0.06272878870368004,0.1539295296517064,0.0,0.22441513438752736,1.1155171394348145,0.31711355794383467,16,0.0,0.0,-0.13416611502623255,-0.026929513274808414,0.10723660175142413,0.010111210753812236
sciq_0188,What type of bombs put a much larger fraction of their output into thermal energy than do conventional bombs?,science,"Nuclear bombs, specifically those that use nuclear fission, tend to produce a much larger fraction of their output into thermal energy than conventional bombs.",0,0.0833333333333333,0.08,-0.2955884038234091,-0.14145326614379883,-1.1205568313598633,-0.8581045627593994,-0.5098342895507812,0.3544463020125184,0.0,0.7998924478446936,3.749586343765259,0.899306971827963,29,0.0,0.0,-0.4413817997454836,-0.15951456762947297,0.2818672321160106,0.016987462379815743
sciq_0189,The softer connective tissue that fills the interior of most bone is referred to as what?,science,The softer connective tissue that fills the interior of most bone is referred to as cartilage.,0,0.125,0.0,-0.11799326631030813,-0.0017591729993000627,-0.6723095774650574,-0.5016075849533081,-0.10946798883378506,0.20865420612386207,0.0,0.3903170882012522,2.2572739124298096,0.6912298892853554,19,0.0,0.0,-0.11704771976652258,-0.11884425819971511,-0.0017965384331925377,0.004664488213618646
sciq_0190,"What leaves behind crescent-shaped scars on a hillside and  may be caused by a layer of slippery, wet clay underneath the rock and soil on a hillside?",science,"The answer is: A landslide. The combination of a layer of slippery, wet clay and soil on a hillside can cause the ground to shift and move, leading to a landslide, which can result in crescent-shaped scars on the hillside.",1,0.0,0.0,-0.45466483224175136,-0.20939424633979797,-1.9664607048034668,-1.055251681804657,-0.8028925657272339,0.48412012177996594,0.0,1.1861492343313147,4.715821266174316,1.2031330606241242,50,0.0,0.0,-0.5441767754784814,-0.3651528890050213,0.17902388647346013,0.011765421143122604
sciq_0191,Do most waves strike the shore head on or at an angle?,science,"Most waves typically strike the shore at an angle, with the direction of the wave's approach varying depending on the type of wave and the angle of incidence. However, in general, the majority of waves, especially those generated by wind and ocean currents, tend to strike the shore at an angle, often between 10 to",0,0.0816326530612244,0.0408163265306122,-0.5911950055792659,-0.4494425654411316,-2.173595428466797,-1.431360948085785,-1.0067057013511658,0.5817826183255494,0.0,1.3580279241086828,3.8320987224578857,1.1680840863605162,64,0.0,0.0,-0.5678874519376222,-0.6145025592209095,-0.046615107283287216,-0.003050917488924711
sciq_0192,"Two significant parts of the heat include the atrium and its counterpart, which is what?",science,"The atrium is the upper chamber of the heart, and its counterpart is the ventricle.",0,0.1666666666666666,0.0,-0.2637608728219675,-0.16885265707969666,-1.3103857040405273,-0.6348391771316528,-0.37169772386550903,0.3244702235344589,0.0,0.9059913913704805,4.022444725036621,0.9389621474224527,20,0.0,0.0,-0.3337550189346075,-0.19376672670932749,0.13998829222528003,0.022517021521047068
sciq_0193,"In the microbiology lab, what technique refers to the procedures that are carried out under sterile conditions?",science,"In the microbiology lab, the technique referred to as ""sterile technique"" or ""sterile preparation"" refers to the procedures that are carried out under sterile conditions, meaning that all equipment, materials, and surfaces are sterilized and free from contaminants to prevent the introduction of microorganisms into the sample.",1,0.0,0.0,-0.35613205707998485,-0.16301505267620087,-1.4444200992584229,-0.9744678735733032,-0.6199684143066406,0.41012182082860194,0.0,0.8398070972868824,2.8855552673339844,0.8386682807780755,61,0.0,0.0,-0.23086398920983509,-0.4773592195349685,-0.24649523032513343,-0.005524866546387343
sciq_0194,What structures located on chromosomes control characteristics of life and are passed from parents to offspring?,science,"The structures located on chromosomes that control characteristics of life and are passed from parents to offspring are called genes. Genes are made up of DNA (deoxyribonucleic acid) and are found on the chromosomes, which are thread-like structures that carry genetic information from one generation to the next.",0,0.0425531914893616,0.0,-0.19003003102366922,-0.03192918095737696,-1.8909149169921875,-0.5574726581573486,-0.22162078320980072,0.3577733427405075,0.0,0.5421321176526362,3.4330639839172363,0.7754767831717423,60,0.0,0.0,-0.16290201923579845,-0.21715804281154003,-0.05425602357574158,-0.0020701748076591897
sciq_0195,What is essential for population of all species to expand greatly?,science,"The essential factor for the population of all species to expand greatly is a stable and sufficient food supply, which can be achieved through a balanced and diverse ecosystem, allowing for the growth and reproduction of the species.",1,0.0,0.0,-0.49031608448643876,-0.4096927046775818,-1.5809261798858643,-1.1800848245620728,-0.716672956943512,0.4693040363622687,0.0,1.212196342197031,3.1598806381225586,0.9942562116620647,41,0.0,0.0,-0.3182641987566967,-0.6541750232766693,-0.3359108245199726,-0.013384592117355239
sciq_0196,The left atrium receives oxygen-rich blood from which organs?,science,The left atrium receives oxygen-rich blood from the lungs.,0,0.2222222222222222,0.0,-0.10720487760894078,-0.009675138629972935,-0.6680223345756531,-0.31338646560907363,-0.09690924733877182,0.19238153183149892,0.0,0.3124755730580849,1.2537592649459839,0.41545621956334444,12,0.0,0.0,-0.028672388992466342,-0.18573736622541523,-0.15706497723294888,-0.03396737329176239
sciq_0197,What does the term decay in chemistry refer to with regards to atoms?,science,"In chemistry, decay refers to the process by which an unstable atomic nucleus loses energy and stability by emitting radiation, such as alpha, beta, or gamma rays, or by transforming into a more stable form, often resulting in a decrease in atomic number or mass number.",1,0.0444444444444444,0.0444444444444444,-0.3243943461031003,-0.22167858481407166,-1.386350154876709,-0.8934693932533264,-0.4936526119709015,0.37130013635192416,0.0,0.7724649810991667,2.633302688598633,0.7367903512327463,53,0.0,0.0,-0.23718923455680851,-0.4083696387032332,-0.17118040414642466,-0.007123228904130983
sciq_0198,Where fossils of the genus eomaia found?,science,Fossils of the genus Eomaia have been found in South Africa.,1,0.0,0.0,-0.24854619514277942,-0.004953643307089806,-1.3993951082229614,-0.7864959836006165,-0.3639701157808304,0.41058188085466757,0.0,0.5009586531029981,2.960042953491211,0.7912930274107153,16,0.0,0.0,-0.08879625201188901,-0.40829613827366984,-0.31949988626178083,-0.031420433923266745
sciq_0199,A food web can be broken up into what further subdivision that usually has a few links in it?,science,"A food web can be broken up into a primary food web, which is further subdivided into a secondary food web, and then a tertiary food web.",1,0.08,0.08,-0.38299822138909684,-0.21269245445728302,-1.7387077808380127,-0.9357889890670776,-0.7552667856216431,0.43615372492660515,0.0,1.0160291810452398,4.225930213928223,1.0432266191881336,31,0.0,0.0,-0.37629713101002077,-0.3892804936194807,-0.012983362609459925,-0.005594121687705232
