qid,question,category,sampled_answers,representative_answer,agreement_score,correct_sim,incorrect_sim,label,llm_calls
sciq_0000,What term means the set of processes by which metals are extracted from their ores and converted to more useful forms?,science,"['The term that means the set of processes by which metals are extracted from their ores and converted to more useful forms is ""metallurgy.""', 'The term that means the set of processes by which metals are extracted from their ores and converted to more useful forms is ""smelting and refining.""', 'The term that means the set of processes by which metals are extracted from their ores and converted to more useful forms is ""metallurgy.""', 'The term that refers to the set of processes by which metals are extracted from their ores and converted to more useful forms is ""metallurgy.""', 'The term that means the set of processes by which metals are extracted from their ores and converted to more useful forms is metallurgy.']","The term that means the set of processes by which metals are extracted from their ores and converted to more useful forms is ""metallurgy.""",0.9390194264569842,0.08695652173913045,0.0,0,5
sciq_0001,What do charged particles in motion generate?,science,"['Charged particles in motion generate electromagnetic fields and radiation.', 'Charged particles in motion generate electromagnetic waves, which include radio waves, microwaves, infrared radiation, visible light, ultraviolet radiation, X-rays, and gamma rays.', 'Charged particles in motion generate an electric current.', 'Charged particles in motion generate electromagnetic waves.', 'Charged particles in motion generate electromagnetic waves.']",Charged particles in motion generate electromagnetic waves.,0.6320238095238095,0.0,0.0,1,5
sciq_0002,"During a human pregnancy, which trimester exhibits the greatest growth of the fetus and culminates in labor and delivery?",science,"['The third trimester of pregnancy, which is the final 3 months (20-36 weeks), exhibits the greatest growth of the fetus and culminates in labor and delivery.', 'The third trimester of a human pregnancy exhibits the greatest growth of the fetus, culminating in labor and delivery.', 'The third trimester of human pregnancy exhibits the greatest growth of the fetus, culminating in labor and delivery.', 'The third trimester exhibits the greatest growth of the fetus, culminating in labor and delivery.', 'The third trimester of human pregnancy exhibits the greatest growth of the fetus, culminating in labor and delivery.']","The third trimester of a human pregnancy exhibits the greatest growth of the fetus, culminating in labor and delivery.",0.8347869674185464,0.23529411764705882,0.11764705882352941,0,5
sciq_0003,What is part of a large fungus that lives underground?,science,"['A large fungus that lives underground is part of a mycelium.', 'A large fungus that lives underground is part of a mycelium.', 'A part of a large fungus that lives underground is a mycelium.', 'A large fungus that lives underground is a mycelium.', 'A large fungus that lives underground is often part of a mycelium.']",A large fungus that lives underground is part of a mycelium.,0.9290634674922602,0.0,0.0,1,5
sciq_0004,The interaction between atomic orbitals is greatest when they have the same what?,science,"['The interaction between atomic orbitals is greatest when they have the same energy.', 'The interaction between atomic orbitals is greatest when they have the same symmetry.', 'The interaction between atomic orbitals is greatest when they have the same energy.', 'The interaction between atomic orbitals is greatest when they have the same symmetry.', 'The interaction between atomic orbitals is greatest when they have the same symmetry.']",The interaction between atomic orbitals is greatest when they have the same symmetry.,0.9454545454545455,0.0,0.0,1,5
sciq_0005,What is the general name for a group of atoms derived from an alkane?,science,"['The general name for a group of atoms derived from an alkane is an alkene.', 'The general name for a group of atoms derived from an alkane is a functional group, specifically an alkane radical.', 'The general name for a group of atoms derived from an alkane is a functional group.', 'The general name for a group of atoms derived from an alkane is a functional group.', 'The general name for a group of atoms derived from an alkane is a ""hydrocarbon.""']",The general name for a group of atoms derived from an alkane is a functional group.,0.8703591094895442,0.14285714285714285,0.14285714285714285,1,5
sciq_0006,What is one thing that cell membranes are permeable to?,science,"['One thing that cell membranes are permeable to is water molecules.', ""Cell membranes are permeable to certain small molecules and ions, allowing them to pass through and maintain the cell's internal environment."", 'One thing that cell membranes are permeable to is water.', 'One thing that cell membranes are permeable to is water.', 'Cell membranes are permeable to water molecules.']",One thing that cell membranes are permeable to is water molecules.,0.6543037107316045,0.0,0.0,1,5
sciq_0007,What evolutionary process has adapted protonephridia to different tasks in different environments?,science,"['The evolutionary process has adapted protonephridia to different tasks in different environments through variations in their structure, function, and location within organisms.', 'The evolutionary process that has adapted protonephridia to different tasks in different environments involves adaptation to specific environmental conditions, allowing these structures to function optimally in various ecosystems.', 'Protonephridia has evolved to adapt to various tasks in different environments through a process of genetic variation and natural selection.', 'The evolutionary process that has adapted protonephridia to different tasks in different environments involves a combination of genetic variation, natural selection, and developmental changes, allowing protonephridia to adapt to various environments.', 'The evolutionary process has adapted protonephridia to different tasks in different environments through adaptations such as structural modifications, changes in ion transport, and specialization for specific functions like osmoregulation or excretion.']","The evolutionary process that has adapted protonephridia to different tasks in different environments involves a combination of genetic variation, natural selection, and developmental changes, allowing protonephridia to adapt to various environments.",0.5125926655966656,0.12903225806451613,0.06451612903225806,0,5
sciq_0008,Melting ice is drastically impacting the number of what at glacier national park?,science,"['Melting ice at Glacier National Park is drastically impacting the number of glaciers.', 'Melting ice is drastically impacting the number of glaciers at Glacier National Park.', 'Melting ice is drastically impacting the number of glaciers at Glacier National Park.', 'Melting ice is drastically impacting the number of glaciers at Glacier National Park.', 'Melting ice is drastically impacting the number of glaciers in Glacier National Park.']",Melting ice at Glacier National Park is drastically impacting the number of glaciers.,0.9666666666666666,0.14285714285714285,0.0,0,5
sciq_0009,Where do mushrooms get their energy?,science,"['Mushrooms obtain their energy from organic matter, such as decaying plant and animal matter, through a process called decomposition.', ""Mushrooms obtain their energy from the organic matter they absorb from their environment, primarily through mycelium, the network of branching, thread-like structures that make up a mushroom's body."", 'Mushrooms obtain energy from breaking down organic matter in their environment, such as dead plants and animals, using enzymes.', 'Mushrooms get their energy from decomposing organic matter, such as dead plants and animals, through a process called saprotrophy.', 'Mushrooms obtain their energy from organic matter like dead plants, animals, or other fungi through a process called decomposition.']","Mushrooms get their energy from decomposing organic matter, such as dead plants and animals, through a process called saprotrophy.",0.5088666927797363,0.1904761904761905,0.09523809523809525,0,5
sciq_0010,Which part of the atmosphere do greenhouse gasses trap heat in?,science,"['Greenhouse gasses trap heat in the troposphere, the lowest layer of the atmosphere.', 'Greenhouse gasses trap heat in the troposphere, the lowest layer of the atmosphere.', 'Greenhouse gases trap heat in the lower atmosphere.', ""Greenhouse gases trap heat in the lower atmosphere, which is the layer closest to Earth's surface."", 'Greenhouse gases trap heat in the lower atmosphere.']",Greenhouse gases trap heat in the lower atmosphere.,0.6585668449197861,0.0,0.0,1,5
sciq_0011,The lens and other parts of the eye work together to focus a real image on what eye structure?,science,"['The lens and other parts of the eye work together to focus a real image on the retina.', 'The lens and other parts of the eye work together to focus a real image on the retina.', 'The lens and other parts of the eye work together to focus a real image on the retina.', 'The lens and other parts of the eye work together to focus a real image on the retina.', 'The lens and other parts of the eye work together to focus a real image on the retina.']",The lens and other parts of the eye work together to focus a real image on the retina.,1.0,0.13333333333333333,0.0,0,5
sciq_0012,Reacting with metal is one thing that distinguishes acids from what?,science,"['Reacting with metal is one characteristic that distinguishes acids from bases.', 'Reacting with metals is one distinguishing feature of acids, as acids typically react with metals to form salts and hydrogen gas.', 'Reacting with metal distinguishes acids from bases.', 'Reacting with metal is one distinguishing characteristic of acids, as opposed to bases, which react with metal to form salts.', 'Reacting with metal distinguishes acids from bases.']",Reacting with metal is one characteristic that distinguishes acids from bases.,0.5187643098589204,0.16666666666666669,0.0,0,5
sciq_0013,What takes place where septa is found?,science,"[""Septa is found in the cells of certain sponges, where it is a structural element that helps to support the sponge's body."", 'Septa is a term often used to describe the septum, a thin wall of tissue that separates the ventricles in the heart. Where septa is found, it refers to the presence of this septum in the heart.', 'Septa is found in sponges, and where it takes place is in their skeletal structure, providing support and rigidity.', 'A septum is found in the human heart.', ""Septa is found in sponges, where it serves as a skeletal structure for supporting the sponge's body and facilitating cell movement.""]","Septa is found in the cells of certain sponges, where it is a structural element that helps to support the sponge's body.",0.3420205825920112,0.16666666666666669,0.16666666666666669,1,5
sciq_0014,What branch of science explains much of what you observe and do in your daily life?,science,"['The branch of science that explains much of what you observe and do in your daily life is physics, which studies the fundamental nature of matter, energy, and the behavior of physical systems.', 'The branch of science that explains much of what you observe and do in your daily life is physics, which studies the fundamental nature of the universe, including energy, matter, motion, and the relationship between them.', 'The branch of science that explains much of what you observe and do in your daily life is physics.', 'The branch of science that explains much of what you observe and do in your daily life is physics.', 'The branch of science that explains much of what you observe and do in your daily life is physics.']",The branch of science that explains much of what you observe and do in your daily life is physics.,0.8248709677419355,0.09999999999999999,0.09999999999999999,1,5
sciq_0015,What theory states that there is no interaction between individual gas particles?,science,"['The theory that states there is no interaction between individual gas particles is the Ideal Gas Law.', 'The kinetic theory of gases states that there is no interaction between individual gas particles.', 'The theory stating that there is no interaction between individual gas particles is the kinetic theory.', 'The theory stating that there is no interaction between individual gas particles is known as the Kinetic Molecular Theory.', 'The theory that states there is no interaction between individual gas particles is the kinetic theory of gases.']",The theory that states there is no interaction between individual gas particles is the kinetic theory of gases.,0.7965431227096966,0.2222222222222222,0.1111111111111111,0,5
sciq_0016,"Most mammals are viviparous, which refers to what reproductive result?",science,"['Most mammals are viviparous, meaning they give birth to live young instead of laying eggs.', 'Most mammals are viviparous, meaning they give birth to live young.', 'Most mammals are viviparous, meaning they give birth to live young rather than laying eggs.', 'Most mammals are viviparous, which means they give birth to live young instead of laying eggs.', 'Most mammals are viviparous, meaning they give birth to live young.']","Most mammals are viviparous, meaning they give birth to live young instead of laying eggs.",0.8410182887602243,0.23529411764705882,0.23529411764705882,1,5
sciq_0017,Toxins and poisons are ______ enzyme inhibitos,science,"['Toxins and poisons can inhibit enzymes, which can disrupt normal cellular functions.', 'Toxins and poisons are substances that inhibit enzyme activity.', 'Toxins and poisons can inhibit enzymes, disrupting normal cellular processes and causing harm or death.', 'Toxins and poisons can inhibit enzymes, preventing them from carrying out their normal functions.', 'Toxins and poisons can inhibit enzymes, which are proteins that speed up chemical reactions in the body.']","Toxins and poisons can inhibit enzymes, which can disrupt normal cellular functions.",0.4519944404102648,0.0,0.0,1,5
sciq_0018,How did the first seed plants form seeds?,science,"['The first seed plants formed seeds through a process involving the development of sporangia, which are structures that produce spores, and the maturation of those spores into seeds. Over time, these sporangia evolved to produce seeds as a more reliable method of reproduction.', 'The first seed plants formed seeds through a process involving the production of a sporangium, the development of a pollinated sporangium, and the formation of a seed within the sporangium.', 'The first seed plants formed seeds through a process involving the development of a seed coat, the formation of an embryo, and the production of a seed. This process occurred over millions of years as a result of natural selection and adaptation to different environmental conditions.', 'The first seed plants formed seeds through a process that involved the formation of a protective seed coat and the development of a specialized reproductive structure called a seed. This process was likely influenced by the availability of water, nutrients, and suitable environments for seed dispersal and germination.', 'The first seed plants formed seeds through a process involving the production of seeds within their reproductive structures, which were likely surrounded by a protective covering or fruit. Over time, this process evolved into the formation of seeds with the same protective features we see in modern seed plants today.']","The first seed plants formed seeds through a process involving the production of a sporangium, the development of a pollinated sporangium, and the formation of a seed within the sporangium.",0.43745422451519456,0.0,0.0,1,5
sciq_0019,"A thermite reaction is thermodynamically spontaneous, and because it is associated with a significant release of heat, it is regarded as what?",science,"['A thermite reaction is thermodynamically spontaneous and associated with a significant release of heat, making it considered an exothermic reaction.', 'A thermite reaction is thermodynamically spontaneous and associated with a significant release of heat, which makes it considered an exothermic reaction.', 'A thermite reaction is considered thermodynamically spontaneous and releases significant heat, making it regarded as an exothermic reaction.', 'A thermite reaction is thermodynamically spontaneous and releases a significant amount of heat, making it considered an exothermic reaction.', 'A thermite reaction is thermodynamically spontaneous, releasing significant heat and thus considered a thermally exothermic process.']","A thermite reaction is thermodynamically spontaneous and associated with a significant release of heat, making it considered an exothermic reaction.",0.7499732209599383,0.1111111111111111,0.0,0,5
sciq_0020,"The right and left hip bones, with the addition of the sacrum and coccyx form what section of the skeleton?",science,"['The right and left hip bones, with the addition of the sacrum and coccyx, form the pelvis section of the human skeleton.', 'The right and left hip bones, with the addition of the sacrum and coccyx, form the pelvis section of the human skeleton.', 'The right and left hip bones, along with the sacrum and coccyx, form the pelvis, which is a part of the lower extremity of the axial skeleton.', 'The right and left hip bones, sacrum, and coccyx form the pelvic section of the skeleton.', 'The right and left hip bones, sacrum, and coccyx form the pelvic bones.']","The right and left hip bones, with the addition of the sacrum and coccyx, form the pelvis section of the human skeleton.",0.7402290653103345,0.1111111111111111,0.0,0,5
sciq_0021,Organs involved in digestion that do not have food pass through them are called?,science,"['Organs involved in digestion that do not have food passing through them are called exocrine glands.', 'The organs involved in digestion that do not have food passing through them are called accessory organs.', 'Organs involved in digestion that do not have food passing through them are called accessory organs.', 'Organs involved in digestion that do not have food pass through them are called accessory organs.', 'Organs involved in digestion that do not have food passing through them are called accessory organs.']",The organs involved in digestion that do not have food passing through them are called accessory organs.,0.925,0.2222222222222222,0.1111111111111111,0,5
sciq_0022,"Sponges exemplify what type of arrangement, where different cells are specialized for different functions, but each cell works alone?",science,"['Sponges exemplify a type of multicellular organization where different cells are specialized for different functions, but each cell works independently.', 'Sponges exhibit a type of arrangement called a pseudostratified columnar epithelium, where different cells are specialized for various functions but each cell functions independently.', 'Sponges exemplify a type of arrangement called ""cellularity,"" where different cells are specialized for different functions, but each cell works alone and independently.', 'Sponges exemplify a cellular level of organization, where different cells are specialized for different functions, but each cell works alone.', 'Sponges exemplify a pseudostratified columnar epithelium, where different cells are specialized for different functions, but each cell works alone.']","Sponges exemplify a type of multicellular organization where different cells are specialized for different functions, but each cell works independently.",0.7464994338485994,0.18181818181818182,0.09523809523809525,0,5
sciq_0023,What form the skeletons of most organic molecules?,science,"['The skeletons of most organic molecules are formed from carbon, hydrogen, oxygen, and nitrogen atoms.', 'Most organic molecules have skeletons composed of carbon atoms.', 'Most organic molecules, which are the building blocks of all living things, have skeletons composed of carbon atoms.', 'Most organic molecules form their skeletons from carbon atoms.', 'The skeletons of most organic molecules are made up of carbon, hydrogen, and oxygen atoms.']",Most organic molecules have skeletons composed of carbon atoms.,0.6050827386732015,0.1818181818181818,0.0,0,5
sciq_0024,What type of eclipse happens when a full moon moves through earth's shadow?,science,"[""A lunar eclipse occurs when a full moon moves through Earth's shadow, causing the moon to darken and sometimes appear reddish."", ""An eclipse happens when a full moon moves through Earth's shadow."", ""A lunar eclipse occurs when a full moon moves through Earth's shadow."", ""A lunar eclipse occurs when a full moon moves through Earth's shadow, making it visible from the Earth's surface."", ""An eclipse occurs when a full moon passes through Earth's shadow, resulting in a partial or total eclipse.""]",A lunar eclipse occurs when a full moon moves through Earth's shadow.,0.6532987033798393,0.16666666666666669,0.0,0,5
sciq_0025,Enzymes can catalyze up to several million reactions per what?,science,"['Enzymes can catalyze up to several million reactions per second.', 'Enzymes can catalyze up to several million reactions per second.', 'Enzymes can catalyze up to several million reactions per second.', 'Enzymes can catalyze up to several million reactions per second.', 'Enzymes can catalyze up to several million reactions per second.']",Enzymes can catalyze up to several million reactions per second.,1.0,0.18181818181818182,0.0,0,5
sciq_0026,The lithosphere is divided into a dozen major and several minor what?,science,"['The lithosphere is divided into a dozen major and several minor tectonic plates.', 'The lithosphere is divided into a dozen major and several minor tectonic plates.', 'The lithosphere is divided into a dozen major and several minor tectonic plates.', 'The lithosphere is divided into a dozen major and several minor tectonic plates.', 'The lithosphere is divided into a dozen major and several minor tectonic plates.']",The lithosphere is divided into a dozen major and several minor tectonic plates.,1.0,0.16666666666666669,0.0,0,5
sciq_0027,The energy required to remove an electron from a gaseous atom is called?,science,"['The energy required to remove an electron from a gaseous atom is called the ionization energy.', 'The energy required to remove an electron from a gaseous atom is called the ionization energy.', 'The energy required to remove an electron from a gaseous atom is called ionization energy.', 'The energy required to remove an electron from a gaseous atom is called ionization energy.', 'The energy required to remove an electron from a gaseous atom is called ionization energy.']",The energy required to remove an electron from a gaseous atom is called the ionization energy.,1.0,0.2857142857142857,0.14285714285714285,0,5
sciq_0028,"What substance, which forms igneous rock, flows out in rivers of lava when it reaches the surface?",science,"['The substance that forms igneous rock when it flows out in rivers of lava is molten rock, specifically lava.', 'The substance that forms igneous rock when it flows out in rivers of lava is magma.', 'The substance that forms igneous rock when it flows out in rivers of lava is molten rock.', 'The substance that forms igneous rock when it reaches the surface is lava.', 'Lava flows out in rivers of a substance called magma when it reaches the surface.']",The substance that forms igneous rock when it flows out in rivers of lava is magma.,0.7088171670419919,0.125,0.0,0,5
sciq_0029,What is it called when birds keep their eggs warm while the embryos inside develop?,science,"['It is called incubation when birds keep their eggs warm while the embryos inside develop.', 'It is called incubation.', 'It is called incubation.', 'It is called incubation.', 'It is called incubation, where birds keep their eggs warm while the embryos inside develop.']",It is called incubation.,0.6595238095238096,0.4,0.0,0,5
sciq_0030,The lancelet lacks what feature that distinguishes vertebrates?,science,"['Lancelets lack a vertebral column, which is a feature that distinguishes vertebrates from other animals.', 'The lancelet lacks a backbone, which is a distinguishing feature that distinguishes vertebrates from other animals.', 'The lancelet lacks a vertebral column, which distinguishes vertebrates from other animals.', 'The lancelet lacks a vertebral column, which distinguishes vertebrates from other chordates.', 'The lancelet lacks a vertebral column, which distinguishes vertebrates from other chordates.']","The lancelet lacks a vertebral column, which distinguishes vertebrates from other animals.",0.7318394648829432,0.0,0.0,1,5
sciq_0031,What are the smallest structural and functional unit of all living organisms?,science,"['The smallest structural and functional unit of all living organisms is the cell.', 'The smallest structural and functional unit of all living organisms is the cell.', 'The smallest structural and functional unit of all living organisms is the cell.', 'The smallest structural and functional unit of all living organisms is the cell.', 'The smallest structural and functional unit of all living organisms is the cell.']",The smallest structural and functional unit of all living organisms is the cell.,1.0,0.0,0.0,1,5
sciq_0032,Population size is the number of what in a population?,science,"['Population size refers to the number of individuals or organisms in a population.', 'Population size refers to the number of individuals of a particular species in a population.', 'Population size is the number of individuals in a population.', 'Population size refers to the number of individuals or organisms in a population.', 'Population size is the number of individuals in a population.']",Population size refers to the number of individuals or organisms in a population.,0.7912585812356979,0.16666666666666669,0.0,0,5
sciq_0033,What does jupiter reflect a lot of due to its size?,science,"[""Jupiter reflects a lot due to its size and its thick atmosphere, which allows it to reflect a significant portion of the Sun's light and heat back into space."", 'Jupiter reflects a lot due to its massive size, as it has a thick atmosphere that reflects sunlight, making it visible even from great distances.', 'Jupiter reflects a lot due to its size because it is the largest planet in the solar system, covering a significant portion of its surface with clouds of ammonia, water, and other substances.', 'Jupiter reflects a lot due to its size, as it has a large amount of cloud cover and is primarily composed of hydrogen and helium, making it a significant reflector of solar radiation.', 'Jupiter reflects a lot due to its massive size, which makes it the largest planet in our solar system.']","Jupiter reflects a lot due to its size because it is the largest planet in the solar system, covering a significant portion of its surface with clouds of ammonia, water, and other substances.",0.43277241372221675,0.0,0.0,1,5
sciq_0034,There are 20 different common amino acids needed to make what organic compound?,science,"['20 different common amino acids are needed to make proteins, an organic compound.', 'The 20 different common amino acids are needed to make proteins.', 'The 20 different common amino acids are used to make proteins.', 'The 20 different common amino acids are used to make proteins.', 'The 20 different common amino acids are needed to make proteins, which are organic compounds.']",The 20 different common amino acids are needed to make proteins.,0.8524941724941725,0.18181818181818182,0.0,0,5
sciq_0035,Non-human organisms that mainly consume plants/other primary producers are known as what?,science,"['Non-human organisms that mainly consume plants/other primary producers are known as herbivores.', 'Non-human organisms that mainly consume plants/other primary producers are known as herbivores.', 'Non-human organisms that mainly consume plants/other primary producers are known as herbivores.', 'Non-human organisms that mainly consume plants or other primary producers are known as herbivores.', 'Non-human organisms that mainly consume plants/other primary producers are known as herbivores.']",Non-human organisms that mainly consume plants/other primary producers are known as herbivores.,0.9862068965517242,0.13333333333333333,0.0,0,5
sciq_0036,What is the mechanism by which favorable traits become more common in organisms over the course of generations?,science,"['The mechanism by which favorable traits become more common in organisms over the course of generations is through natural selection. This occurs when organisms with traits that better enable them to survive and reproduce pass these traits to their offspring, leading to an increase in the frequency of those traits in the population over time.', 'The mechanism by which favorable traits become more common in organisms over the course of generations is known as natural selection.', 'The mechanism by which favorable traits become more common in organisms over the course of generations is through the process of natural selection.', 'The mechanism by which favorable traits become more common in organisms over the course of generations is called natural selection.', 'The mechanism by which favorable traits become more common in organisms over the course of generations is known as natural selection.']",The mechanism by which favorable traits become more common in organisms over the course of generations is known as natural selection.,0.75045288127668,0.1904761904761905,0.09523809523809525,0,5
sciq_0037,How do multicellular organisms grow in size?,science,"['Multicellular organisms grow in size by adding new cells at their tips or edges, allowing for continuous cell division and expansion.', 'Multicellular organisms grow in size by accumulating and accumulating more cells, tissues, and organs through the process of mitosis and cell division.', 'Multicellular organisms grow in size by increasing the number of cells and their division, followed by differentiation and specialization of cells into different tissues and organs.', 'Multicellular organisms grow in size through cell division, where new cells are produced at the tips of growing tissues, increasing the overall size of the organism.', 'Multicellular organisms grow in size by adding new cells and increasing the number of cells over time.']","Multicellular organisms grow in size by increasing the number of cells and their division, followed by differentiation and specialization of cells into different tissues and organs.",0.50519334126174,0.3225806451612903,0.3225806451612903,1,5
sciq_0038,A vapor light produces visible light by what process?,science,"['A vapor light produces visible light through the process of incandescence, where it heats a gas until it emits light.', 'A vapor light produces visible light through the process of incandescence, where the heat from a heated filament or gas vaporizes the material, causing it to emit light.', 'A vapor light produces visible light through a process called incandescence, where the heat from a filament or other heating element causes the vaporized particles to emit light.', 'A vapor light produces visible light through the process of incandescence.', 'A vapor light produces visible light through the process of luminescence.']",A vapor light produces visible light through the process of incandescence.,0.6042233370494241,0.0,0.0,1,5
sciq_0039,Which kind of muscle regulates air flow in lungs?,science,"['The diaphragm is the primary muscle that regulates air flow in lungs.', 'The diaphragm, a dome-shaped muscle, regulates air flow in lungs.', 'The diaphragm, a type of skeletal muscle, regulates air flow in the lungs by contracting and expanding to allow inhalation and exhalation.', 'The diaphragm, a dome-shaped muscle, is responsible for regulating air flow in the lungs.', 'The diaphragm is a type of muscle that regulates air flow in lungs.']",The diaphragm is a type of muscle that regulates air flow in lungs.,0.627080440773153,0.0,0.0,1,5
sciq_0040,"What useful tool helps scientists work with, understand and make predictions about extremely complex systems?",science,"['Scientists use tools like computational models, simulations, and statistical analysis to work with, understand, and predict complex systems.', 'Scientists use computational models and simulations to help work with, understand, and make predictions about complex systems.', 'A useful tool that helps scientists work with, understand, and make predictions about extremely complex systems is the Monte Carlo method.', 'Scientists use computational models and simulations to work with, understand, and make predictions about extremely complex systems.', 'Scientists use computational models and simulations to understand and predict complex systems, a useful tool that helps them work with, understand, and make predictions about these systems.']","Scientists use computational models and simulations to work with, understand, and make predictions about extremely complex systems.",0.6718893752956681,0.1111111111111111,0.0,0,5
sciq_0041,Water can be broken down into hydrogen and oxygen gases by the addition of what?,science,"['Water can be broken down into hydrogen and oxygen gases by the addition of heat and electricity.', 'Water can be broken down into hydrogen and oxygen gases through electrolysis, a process that involves the application of an electric current to water.', 'Water can be broken down into hydrogen and oxygen gases by the addition of an electric current or a catalyst.', 'Water can be broken down into hydrogen and oxygen gases by the addition of energy, usually heat, and a catalyst.', 'Water can be broken down into hydrogen and oxygen gases by the addition of electricity.']",Water can be broken down into hydrogen and oxygen gases by the addition of electricity.,0.7526253853392324,0.0,0.0,1,5
sciq_0042,A moraine is sediment deposited by what?,science,"['A moraine is sediment deposited by a glacier.', 'A moraine is sediment deposited by glacial ice.', 'A moraine is sediment deposited by a glacier.', 'A moraine is sediment deposited by glaciers.', 'A moraine is sediment deposited by glacial ice.']",A moraine is sediment deposited by a glacier.,0.8282051282051281,0.2857142857142857,0.0,0,5
sciq_0043,Hertz proved that what type of waves travel at the speed of light?,science,"['Hertz proved that electromagnetic waves travel at the speed of light.', 'Hertz proved that electromagnetic waves travel at the speed of light.', 'Hertz proved that electromagnetic waves travel at the speed of light.', 'Hertz proved that electromagnetic waves travel at the speed of light.', 'Hertz proved that electromagnetic waves travel at the speed of light.']",Hertz proved that electromagnetic waves travel at the speed of light.,1.0,0.18181818181818182,0.0,0,5
sciq_0044,What does a continuous string of earthquakes indicate about a volcano?,science,"['A continuous string of earthquakes indicates that magma is rising beneath a volcano, which is a sign of increased volcanic activity.', ""A continuous string of earthquakes indicates that magma is rising from the Earth's mantle and causing the volcano to be in an active state."", 'A continuous string of earthquakes indicates that a volcano is becoming increasingly active, potentially leading to an eruption.', 'A continuous string of earthquakes indicates that magma is rising from beneath the volcano, and a volcanic eruption may be imminent.', 'A continuous string of earthquakes around a volcano indicates that magma is rising to the surface, which can lead to an impending eruption.']","A continuous string of earthquakes indicates that magma is rising from beneath the volcano, and a volcanic eruption may be imminent.",0.5759436915319268,0.1904761904761905,0.09523809523809525,0,5
sciq_0045,Mollusks have a true coelom and a complete what?,science,"['Mollusks have a true coelom and a complete body cavity.', 'Mollusks have a true coelom and a complete body cavity.', 'Mollusks have a true coelom and a complete body cavity.', 'Mollusks have a true coelom and a complete body cavity.', 'Mollusks have a true coelom and a complete body cavity.']",Mollusks have a true coelom and a complete body cavity.,1.0,0.0,0.0,1,5
sciq_0046,What is a large molecule with many repeating units?,science,"['A large molecule with many repeating units is a polymer.', 'A large molecule with many repeating units is called a polymer.', 'A large molecule with many repeating units is a polymer.', 'A large molecule with many repeating units is called a polymer.', 'A large molecule with many repeating units is a polysaccharide.']",A large molecule with many repeating units is a polymer.,0.9161764705882354,0.2222222222222222,0.0,0,5
sciq_0047,How many viruses that can cause cancer in humans have been identified by scientists?,science,"['Scientists have identified several viruses that can cause cancer in humans, including the human papillomavirus (HPV) and hepatitis B and C viruses.', 'Eighteen viruses that can cause cancer in humans have been identified by scientists.', 'Three viruses, including the human papillomavirus (HPV) and hepatitis B and C viruses, have been identified as capable of causing cancer in humans.', 'Three viruses that can cause cancer in humans have been identified by scientists: hepatitis B and C, and human papillomavirus (HPV).', ""Five viruses have been identified that can cause cancer in humans: human papillomavirus (HPV), hepatitis B and C, Epstein-Barr virus, Kaposi's sarcoma-associated herpesvirus, and Merkel cell polyomavirus.""]","Three viruses that can cause cancer in humans have been identified by scientists: hepatitis B and C, and human papillomavirus (HPV).",0.6454220972825624,0.0,0.0,1,5
sciq_0048,What geologic era is also known as the age of mammals?,science,"['The geologic era known as the Age of Mammals is also referred to as the Cenozoic Era.', 'The geologic era known as the Age of Mammals is also referred to as the Cenozoic Era.', 'The geologic era known as the age of mammals is also referred to as the Cenozoic Era.', 'The geologic era known as the age of mammals is the Cenozoic Era.', 'The geologic era known as the age of mammals is also called the Cenozoic Era.']",The geologic era known as the Age of Mammals is also referred to as the Cenozoic Era.,0.8947552447552447,0.25,0.125,0,5
sciq_0049,What 3 things do animals need to live and survive?,science,"['Animals need food, water, and shelter to live and survive.', 'Animals need water, food, and shelter to live and survive.', 'Animals need air, water, and food to live and survive.', 'Animals need water, food, and oxygen to live and survive.', 'Animals need water, food, and a suitable habitat to live and survive.']","Animals need food, water, and shelter to live and survive.",0.8928571428571429,0.4285714285714285,0.4285714285714285,1,5
sciq_0050,What type of particle collides with an atom of u-235 during the basic nuclear fission process?,science,"['In the basic nuclear fission process, a neutron collides with an atom of uranium-235 (U-235).', 'During the basic nuclear fission process, a neutron collides with an atom of u-235, causing the nucleus to split into two smaller nuclei and releasing energy.', 'In the basic nuclear fission process, a neutron collides with an atom of uranium-235 (U-235) to initiate the fission reaction.', 'During the basic nuclear fission process, a neutron collides with an atom of uranium-235.', 'During the basic nuclear fission process, a neutron collides with an atom of u-235.']","During the basic nuclear fission process, a neutron collides with an atom of u-235.",0.7444887188179872,0.15384615384615385,0.0,0,5
sciq_0051,Earth's axis is an imaginary line passing through which poles?,science,"[""Earth's axis is an imaginary line passing through both its North and South poles."", ""Earth's axis is an imaginary line passing through its North and South poles."", ""Earth's axis is an imaginary line passing through its North and South poles."", ""Earth's axis is an imaginary line passing through its North and South Poles."", ""Earth's axis is an imaginary line passing through both poles, specifically the North Pole and the South Pole.""]",Earth's axis is an imaginary line passing through its North and South poles.,0.9238314176245211,0.375,0.25,0,5
sciq_0052,"In a plant, the flower contains what?",science,"['In a plant, the flower contains reproductive organs and seeds.', ""In a plant, the flower contains reproductive structures, including male and female reproductive organs, which are essential for the plant's reproductive cycle."", 'In a plant, the flower contains reproductive organs, including male and female reproductive structures that allow for pollination and fertilization to occur.', 'In a plant, the flower contains reproductive structures called stamens and pistils.', 'In a plant, the flower contains reproductive organs called stamens and pistils.']","In a plant, the flower contains reproductive organs called stamens and pistils.",0.586111111111111,0.15384615384615383,0.15384615384615383,1,5
sciq_0053,What cycle is part of cellular respiration and makes atp and naph?,science,"['The citric acid cycle is part of cellular respiration that produces ATP and NADPH.', 'The citric acid cycle, also known as the Krebs cycle or tricarboxylic acid (TCA) cycle, is a part of cellular respiration that generates ATP and NADPH.', 'The Glycolysis cycle and the Citric Acid Cycle (also known as the Krebs Cycle) are part of cellular respiration. They produce ATP and NADH, which are converted into ATP and FADH2, respectively, to generate energy for the cell.', 'The Krebs cycle is part of cellular respiration and makes ATP and NADH.', 'The citric acid cycle, also known as the Krebs cycle or tricarboxylic acid cycle, is part of cellular respiration and produces ATP and NADH, which are used to make ATP and NADH/NADPH.']","The citric acid cycle, also known as the Krebs cycle or tricarboxylic acid cycle, is part of cellular respiration and produces ATP and NADH, which are used to make ATP and NADH/NADPH.",0.5639775772621081,0.0625,0.06060606060606061,0,5
sciq_0054,What are people with osteoporosis at increased risk of?,science,"['People with osteoporosis are at increased risk of bone fractures, vertebral compression fractures, and other bone-related health issues.', 'People with osteoporosis are at increased risk of bone fractures, especially in the hips, spine, and wrists.', 'People with osteoporosis are at increased risk of fractures, particularly in the hips, spine, and wrists.', 'People with osteoporosis are at increased risk of bone fractures, especially in the hips, spine, and wrists.', 'People with osteoporosis are at increased risk of fractures, particularly in the hips, spine, and wrists.']","People with osteoporosis are at increased risk of bone fractures, especially in the hips, spine, and wrists.",0.8046516671184604,0.2222222222222222,0.0,0,5
sciq_0055,What is the most abundant metal of the earth's crust?,science,"[""The most abundant metal in the Earth's crust is iron, accounting for approximately 5% of the total crust."", ""The most abundant metal in the Earth's crust is iron."", ""The most abundant metal in the Earth's crust is aluminum."", ""The most abundant metal of the Earth's crust is iron, making up approximately 5% of the Earth's crust."", ""The most abundant metal in the Earth's crust is iron, making up approximately 5% of the Earth's crust.""]","The most abundant metal in the Earth's crust is iron, making up approximately 5% of the Earth's crust.",0.7166755336167101,0.0,0.0,1,5
sciq_0056,What is the middle layer of connective tissue called?,science,"['The middle layer of connective tissue is called the ""cancellous"" or ""spongy"" tissue.', 'The middle layer of connective tissue is called the dermis.', 'The middle layer of connective tissue is called the ""adipose tissue"" or ""fat tissue.""', 'The middle layer of connective tissue is called the adventitia.', 'The middle layer of connective tissue is called the loose connective tissue.']",The middle layer of connective tissue is called the adventitia.,0.7576025950911535,0.0,0.0,1,5
sciq_0057,About how tall can mid-ocean ridges be?,science,"['Mid-ocean ridges can reach heights of up to 4,000 meters (13,124 feet) above sea level.', 'Mid-ocean ridges can be up to 2,000 kilometers (1,242 miles) long and reach heights of up to 7,000 meters (23,000 feet) in some areas.', 'Mid-ocean ridges can be up to 2,000 kilometers (1,242 miles) long and reach heights of up to 6,000 meters (19,685 feet).', 'Mid-ocean ridges can reach heights of up to 1.7 miles (2.7 kilometers) above the seafloor.', 'Mid-ocean ridges can reach heights of up to 7,000 meters (23,000 feet) in some areas.']","Mid-ocean ridges can be up to 2,000 kilometers (1,242 miles) long and reach heights of up to 7,000 meters (23,000 feet) in some areas.",0.6272193641896544,0.0625,0.125,1,5
sciq_0058,"Competition that occurs between members of the same species, which improves the species’ adaptations, is called what?",science,"[""Competition between members of the same species, which improves the species' adaptations, is called interspecies competition."", ""Competition between members of the same species that improves the species' adaptations is called intra-specific competition."", ""Competition between members of the same species, which improves the species' adaptations, is called intraspecific competition."", 'Competition between members of the same species, which improves their adaptations, is called interspecies competition.', ""Competition between members of the same species, which improves the species' adaptations, is called interspecific competition.""]","Competition between members of the same species, which improves the species' adaptations, is called interspecies competition.",0.8669950738916257,0.125,0.25,1,5
sciq_0059,What is the term for a measure of both speed and direction?,science,"['The term for a measure of both speed and direction is velocity.', 'The term for a measure of both speed and direction is velocity.', 'The term for a measure of both speed and direction is velocity.', 'The term for a measure of both speed and direction is velocity.', 'The term for a measure of both speed and direction is velocity.']",The term for a measure of both speed and direction is velocity.,1.0,0.18181818181818182,0.0,0,5
sciq_0060,"Cnidarians are an example of organisms that possess a simple type of what system, used for sensing touch?",science,"['Cnidarians possess a simple sensory system for detecting touch.', 'Cnidarians possess a simple type of sensory system, known as mechanoreception, used for sensing touch.', 'Cnidarians are an example of organisms that possess a simple type of mechanoreception system, used for sensing touch.', 'Cnidarians possess a simple sensory system for detecting touch.', 'Cnidarians possess a simple type of sensory system called a cnidocyte system, used for sensing touch.']","Cnidarians possess a simple type of sensory system, known as mechanoreception, used for sensing touch.",0.6731168831168831,0.125,0.125,1,5
sciq_0061,"The lens focuses light on the retina , which covers the back of the inside of the eye. the retina has light-sensing photoreceptor cells called?",science,"['The retina has light-sensing photoreceptor cells called rods and cones.', 'The retina has light-sensitive photoreceptor cells called rods and cones.', 'The retina has photoreceptor cells called rods and cones.', 'The retina has light-sensitive photoreceptor cells called rods and cones.', 'The retina has light-sensitive photoreceptor cells called rods and cones.']",The retina has light-sensitive photoreceptor cells called rods and cones.,0.9255555555555557,0.4615384615384615,0.30769230769230765,0,5
sciq_0062,What is the the process by which remains or traces of living things become fossils called?,science,"['The process by which remains or traces of living things become fossils is called fossilization.', 'The process by which remains or traces of living things become fossils is called permineralization.', 'The process by which remains or traces of living things become fossils is called permineralization.', 'The process by which remains or traces of living things become fossils is called permineralization.', 'The process by which remains or traces of living things become fossils is called fossilization.']",The process by which remains or traces of living things become fossils is called permineralization.,0.9571428571428571,0.0,0.0,1,5
sciq_0063,How does increasing the temperature of reactants affect the rate of their reaction?,science,"['Increasing the temperature of reactants typically increases the rate of their reaction as it provides more energy for particles to collide and react.', 'Increasing the temperature of reactants generally increases the rate of their reaction, as higher temperatures provide more kinetic energy and increase the likelihood of successful collisions between reactant particles.', 'Increasing the temperature of reactants generally increases the rate of their reaction. This is because higher temperatures provide more energy, which increases the kinetic energy of the particles, leading to more frequent and energetic collisions between reactant particles.', 'Increasing the temperature of reactants generally increases the rate of their reaction as it provides more kinetic energy, leading to more frequent and energetic collisions between reactant particles.', 'Increasing the temperature of reactants generally increases the rate of their reaction, as higher temperatures provide more energy for particles to collide and react with each other.']","Increasing the temperature of reactants generally increases the rate of their reaction as it provides more kinetic energy, leading to more frequent and energetic collisions between reactant particles.",0.6785120596541283,0.13793103448275862,0.06896551724137931,0,5
sciq_0064,Soap acts as what kind of agent between grease and water?,science,"['Soap acts as an emulsifier between grease and water, allowing them to mix and reducing the formation of soap scum.', 'Soap acts as a surfactant between grease and water.', 'Soap acts as a surfactant, reducing the surface tension between grease and water, allowing them to mix and dissolve.', 'Soap acts as a surfactant, reducing the surface tension between grease and water, allowing them to mix and creating a slippery substance called a micelle.', 'Soap acts as a surfactant, which reduces the surface tension between grease and water, allowing them to mix and making it easier to wash away the grease.']","Soap acts as a surfactant, reducing the surface tension between grease and water, allowing them to mix and dissolve.",0.6451617304242686,0.0,0.0,1,5
sciq_0065,"""incident"" and ""reflected"" are two types of what?",science,"['""Incident"" and ""reflected"" are two types of reflections.', '""Incident"" and ""reflected"" are two types of electromagnetic waves.', '""Incident"" and ""reflected"" are two types of nouns.', '""Incident"" and ""reflected"" are two types of phenomena in physics, where ""incident"" refers to the direction or path of a wave or particle entering a medium or surface, and ""reflected"" refers to the return of a wave or particle to its original medium or surface after hitting the boundary.', '""Incident"" and ""reflected"" are two types of electromagnetic radiation.']","""Incident"" and ""reflected"" are two types of electromagnetic waves.",0.6145487682252389,0.0,0.0,1,5
sciq_0066,"In the inner ear, the vibrations are changed to electrical signals by hair cells lining what?",science,"['In the inner ear, the vibrations are changed to electrical signals by hair cells lining the cochlea.', 'In the inner ear, the vibrations are changed to electrical signals by hair cells lining the cochlea.', 'In the inner ear, the vibrations are changed to electrical signals by hair cells lining the cochlea.', 'The vibrations in the inner ear are changed to electrical signals by hair cells lining the organ of Corti.', 'The vibrations in the inner ear are changed to electrical signals by hair cells lining the cochlea.']","In the inner ear, the vibrations are changed to electrical signals by hair cells lining the cochlea.",0.9466666666666667,0.13333333333333333,0.125,0,5
sciq_0067,What part of the neuron is a large structure with a central nucleus?,science,"['The large structure with a central nucleus in a neuron is the cell body or the soma.', 'The part of the neuron with a large structure and a central nucleus is the cell body or the soma.', 'The large structure with a central nucleus in a neuron is the cell body or the soma.', 'The large structure with a central nucleus in a neuron is the cell body or soma.', 'The part of the neuron that is a large structure with a central nucleus is the cell body or the soma.']",The large structure with a central nucleus in a neuron is the cell body or the soma.,0.8879457707043914,0.2857142857142857,0.14285714285714285,0,5
sciq_0068,"When equal amounts of a strong acid such as hydrochloric acid are mixed with a strong base such as sodium hydroxide, the result is what kind of solution?",science,"['When equal amounts of a strong acid like hydrochloric acid and a strong base like sodium hydroxide are mixed, the result is a neutral solution with a pH of 7, as they react to form water and a salt.', 'When equal amounts of a strong acid like hydrochloric acid are mixed with a strong base like sodium hydroxide, the result is a neutral solution, as the acid and base neutralize each other, resulting in no acidic or basic properties.', 'When equal amounts of a strong acid like hydrochloric acid are mixed with a strong base like sodium hydroxide, the resulting solution is neutral.', 'When equal amounts of a strong acid like hydrochloric acid are mixed with a strong base like sodium hydroxide, the result is a neutral solution.', 'When equal amounts of a strong acid, such as hydrochloric acid, are mixed with a strong base, such as sodium hydroxide, the resulting solution is neutral.']","When equal amounts of a strong acid like hydrochloric acid are mixed with a strong base like sodium hydroxide, the resulting solution is neutral.",0.7697414841938168,0.08695652173913042,0.0,0,5
sciq_0069,Light is a form of what kind of energy?,science,"['Light is a form of electromagnetic energy.', 'Light is a form of electromagnetic energy.', 'Light is a form of electromagnetic energy.', 'Light is a form of electromagnetic energy.', 'Light is a form of electromagnetic energy.']",Light is a form of electromagnetic energy.,1.0,0.5,0.25,0,5
sciq_0070,What organs are considered the female gonads?,science,"['The female gonads are considered to be the ovaries.', 'The female gonads are ovaries, which are the organs responsible for producing eggs and producing female sex hormones.', 'The female gonads are the ovaries.', 'The female gonads are the ovaries, which are responsible for producing eggs and hormones like estrogen and progesterone.', 'The female gonads are ovaries.']",The female gonads are the ovaries.,0.5500197628458499,0.4,0.0,0,5
sciq_0071,The type of bond that forms between molecules is called what?,science,"['The type of bond that forms between molecules is called a chemical bond.', 'The type of bond that forms between molecules is called a chemical bond.', 'The type of bond that forms between molecules is called a chemical bond.', 'The type of bond that forms between molecules is called a chemical bond.', 'The type of bond that forms between molecules is called a chemical bond.']",The type of bond that forms between molecules is called a chemical bond.,1.0,0.15384615384615385,0.15384615384615385,1,5
sciq_0072,What crucial role does beneficial fungi play?,science,"['Beneficial fungi play a crucial role in decomposing organic matter and forming symbiotic relationships with plant roots, enhancing nutrient uptake and promoting plant health.', 'Beneficial fungi play a crucial role in decomposing organic matter, forming symbiotic relationships with plant roots, and aiding in nutrient cycling and plant growth.', 'Beneficial fungi play a crucial role in decomposing organic matter, aiding plant growth, and forming symbiotic relationships with plant roots.', 'Beneficial fungi play a crucial role in decomposing organic matter, forming symbiotic relationships with plant roots, and facilitating nutrient cycling.', 'Beneficial fungi play a crucial role in decomposing organic matter, facilitating nutrient cycling, and forming symbiotic relationships with plant roots, promoting plant health and growth.']","Beneficial fungi play a crucial role in decomposing organic matter, facilitating nutrient cycling, and forming symbiotic relationships with plant roots, promoting plant health and growth.",0.8557308875743346,0.0,0.0,1,5
sciq_0073,What do ecologists study at every level?,science,"['Ecologists study every level, including ecosystems, populations, communities, and individual organisms, at a specific level of organization, such as molecular, cellular, organismal, population, community, ecosystem, and biosphere.', 'Ecologeists study the interactions and relationships between organisms and their environments at every level, including the local, regional, and global scales.', 'Ecologeists study the interactions between organisms and their environment at every level, from individual species to ecosystems, and from local to global scales.', 'Ecologeists study various aspects of ecosystems at every level, including the interactions within species, between species, and between organisms and their environments.', 'Ecologists study various aspects of ecosystems at different levels, including populations, communities, ecosystems, and the biosphere.']","Ecologeists study various aspects of ecosystems at every level, including the interactions within species, between species, and between organisms and their environments.",0.4477425118864664,0.0909090909090909,0.0,0,5
sciq_0074,What phase does the nuclear envelope begin to break down?,science,"['The nuclear envelope begins to break down in the late G2 phase of the cell cycle, specifically during the prophase stage.', 'The nuclear envelope begins to break down during the prophase stage of mitosis.', 'The nuclear envelope begins to break down during the prophase stage of mitosis.', 'The nuclear envelope begins to break down during the prophase phase of mitosis.', 'The nuclear envelope begins to break down during the prophase stage of mitosis.']",The nuclear envelope begins to break down during the prophase stage of mitosis.,0.8584415584415584,0.15384615384615385,0.0,0,5
sciq_0075,How do prokaryotic cells divide?,science,"['Prokaryotic cells divide through a process called binary fission.', 'Prokaryotic cells divide through binary fission, where the cell replicates its DNA and then separates into two identical daughter cells.', 'Prokaryotic cells divide through binary fission, where the cell splits into two identical daughter cells.', 'Prokaryotic cells divide through a process called binary fission, where the cell replicates its genetic material, then splits into two identical daughter cells.', 'Prokaryotic cells divide through a process called binary fission, where the cell replicates its DNA and then splits into two identical daughter cells.']","Prokaryotic cells divide through a process called binary fission, where the cell replicates its DNA and then splits into two identical daughter cells.",0.7085987958401752,0.17391304347826084,0.08695652173913042,0,5
sciq_0076,What is the name of the molecule which has one carbon and four hydrogen atoms?,science,"['The name of the molecule with one carbon and four hydrogen atoms is Methane.', 'The name of the molecule with one carbon and four hydrogen atoms is methane.', 'The name of the molecule with one carbon and four hydrogen atoms is methane.', 'The name of the molecule with one carbon and four hydrogen atoms is methane.', 'The name of the molecule with one carbon and four hydrogen atoms is Methane.']",The name of the molecule with one carbon and four hydrogen atoms is Methane.,1.0,0.15384615384615385,0.14285714285714285,0,5
sciq_0077,Most fungi get organic compounds from what?,science,"['Most fungi obtain organic compounds from dead or decaying organic matter.', 'Fungi obtain organic compounds from organic matter in their environment.', 'Most fungi obtain organic compounds, such as carbon, from their surroundings through a process called saprotrophy.', 'Most fungi obtain organic compounds, such as carbon, nitrogen, and other nutrients, from decaying organic matter or by forming symbiotic relationships with plants.', 'Most fungi obtain organic compounds, such as sugars and amino acids, from dead or decaying organic matter.']",Most fungi obtain organic compounds from dead or decaying organic matter.,0.5548599861324319,0.15384615384615385,0.0,0,5
sciq_0078,"What nervous system is divided into two parts, the sensory division and the motor division?",science,"['The nervous system that is divided into two parts, the sensory division and the motor division, is the peripheral nervous system.', 'The nervous system that is divided into two parts is the peripheral nervous system. The sensory division handles sensory information, while the motor division controls voluntary movements and involuntary functions.', 'The nervous system divided into two parts is the peripheral nervous system, which includes the sensory division and the motor division.', 'The nervous system divided into two parts is the peripheral nervous system, which consists of the sensory division and the motor division.', 'The nervous system divided into two parts, the sensory division and the motor division, is the peripheral nervous system.']","The nervous system divided into two parts, the sensory division and the motor division, is the peripheral nervous system.",0.8339770013610559,0.125,0.0,0,5
sciq_0079,We must remember that the formal charge calculated for an atom is not the actual charge of the atom in the molecule. formal charge is only a useful bookkeeping procedure; it does not indicate the presence of these?,science,"[""The actual charge of an atom in a molecule is not indicated by the calculated formal charge. Formal charge is a useful bookkeeping method, not a direct measure of the atom's actual charge."", 'The actual charge of an atom in a molecule is not indicated by the formal charge calculated for that atom, but rather by the actual distribution of electrons in the molecule.', 'The actual charge of the atom in a molecule is not indicated by the calculated formal charge, which is a useful bookkeeping procedure.', 'Formal charge is a bookkeeping procedure used to calculate the charge of atoms in a molecule, but it does not indicate the actual presence of other charged particles, such as ions.', 'The actual charge of the atom in the molecule is not indicated by the formal charge calculated.']","The actual charge of the atom in a molecule is not indicated by the calculated formal charge, which is a useful bookkeeping procedure.",0.5873440312394788,0.09999999999999999,0.0,0,5
sciq_0080,What are most cells surrounded by?,science,"['Most cells are surrounded by a plasma membrane.', 'Most cells are surrounded by a plasma membrane.', 'Most cells are surrounded by a plasma membrane.', 'Most cells are surrounded by a plasma membrane.', 'Most cells are surrounded by a plasma membrane, which acts as a barrier and regulates the movement of substances in and out of the cell.']",Most cells are surrounded by a plasma membrane.,0.8,0.0,0.0,1,5
sciq_0081,Humans are among the most versatile of mammals with what type of diet?,science,"['Humans are among the most versatile mammals with a omnivorous diet.', 'Humans have a diverse diet consisting of both plant and animal sources, including fruits, vegetables, grains, meat, and dairy products.', 'Humans have a omnivorous diet, consuming a wide variety of plant and animal foods.', 'Humans are among the most versatile of mammals with a diet that includes both plant-based and animal-based foods.', 'Humans are among the most versatile mammals with a diet that includes a wide variety of foods, ranging from plants and fruits to animals and processed foods.']",Humans are among the most versatile of mammals with a diet that includes both plant-based and animal-based foods.,0.40896767296617254,0.0,0.0,1,5
sciq_0082,What particles ancient greeks propose that matter consists of ?,science,"['According to the ancient Greeks, matter is composed of atoms, a concept proposed by philosophers and scientists like Democritus and Epicurus.', 'Ancient Greeks proposed that matter consists of atoms, which are particles that cannot be broken down into smaller particles.', 'Ancient Greeks propose that matter consists of particles called atoms.', 'Ancient Greeks proposed that matter consists of four basic particles: earth (akineticos), air (aer), fire (pyro), and water (hydor).', 'Ancient Greeks proposed that matter consists of four fundamental particles: earth, air, fire, and water.']","Ancient Greeks proposed that matter consists of four fundamental particles: earth, air, fire, and water.",0.4639000747304366,0.0,0.0,1,5
sciq_0083,Solute potential is also called osmotic potential because solutes affect the direction of what?,science,"['Solute potential is also called osmotic potential because it affects the direction of water movement.', 'Solute potential is affected by the direction of osmosis, which is the movement of water molecules into or out of a cell due to differences in solute concentrations.', 'Solute potential is also called osmotic potential because it affects the direction of osmosis.', 'Solute potential is also called osmotic potential because it affects the direction of water movement in a plant cell.', 'Solute potential is also called osmotic potential because it affects the direction of water movement.']",Solute potential is also called osmotic potential because it affects the direction of water movement.,0.6846539010885361,0.0,0.0,1,5
sciq_0084,"The components of a mixture keep their own identity when they combine, so they retain what type of properties, such as boiling point and ability to dissolve?",science,"['The components of a mixture keep their own identity when they combine, so they retain their properties like boiling point and ability to dissolve, maintaining their original characteristics.', 'The components of a mixture keep their own identity and retain properties like boiling point and ability to dissolve, as they do not change their chemical composition upon mixing.', 'When components of a mixture combine, they retain their own individual properties, including boiling point and ability to dissolve, which remain distinct from the properties of the mixture.', 'The components of a mixture keep their own identity when they combine, so they retain their individual properties, such as boiling point and ability to dissolve.', 'When components of a mixture combine, they retain their own properties, such as boiling point and ability to dissolve, as these properties are determined by the individual components and not by the mixture itself.']","The components of a mixture keep their own identity when they combine, so they retain their individual properties, such as boiling point and ability to dissolve.",0.6602008630638322,0.0,0.0,1,5
sciq_0085,What term is used to describe  is the spontaneous emission of particles and radiation from atomic nuclei?,science,"['The term used to describe the spontaneous emission of particles and radiation from atomic nuclei is radioactive decay.', 'The term used to describe the spontaneous emission of particles and radiation from atomic nuclei is ""radioactivity.""', 'The term used to describe the spontaneous emission of particles and radiation from atomic nuclei is ""radioactivity.""', 'The term used to describe the spontaneous emission of particles and radiation from atomic nuclei is radioactive decay.', 'The term used to describe spontaneous emission of particles and radiation from atomic nuclei is ""radioactivity.""']","The term used to describe the spontaneous emission of particles and radiation from atomic nuclei is ""radioactivity.""",0.9419354838709676,0.125,0.0,0,5
sciq_0086,What are atoms with unstable nuclei are considered to be?,science,"['Atoms with unstable nuclei are considered to be radioactive.', 'Atoms with unstable nuclei are considered radioactive.', 'Atoms with unstable nuclei are considered to be radioactive.', 'Atoms with unstable nuclei are considered radioactive.', 'Atoms with unstable nuclei are considered radioactive.']",Atoms with unstable nuclei are considered radioactive.,0.925,0.25,0.25,1,5
sciq_0087,What type of organism generally lives in or on its host?,science,"['A parasite is generally a type of organism that lives in or on its host.', 'A parasite is generally a type of organism that lives in or on its host.', 'A parasite typically lives in or on its host organism, depending on whether it is a parasitic flatworm or a parasitic roundworm.', 'A parasite typically lives in or on its host.', ""A parasitic organism typically lives in or on its host, relying on it for survival and often causing harm or damage to the host's body.""]",A parasite is generally a type of organism that lives in or on its host.,0.5803322217566403,0.14285714285714288,0.0,0,5
sciq_0088,Cardiac muscle is found only in which part of the heart?,science,"['Cardiac muscle is found only in the heart.', 'Cardiac muscle is found only in the heart.', 'Cardiac muscle is found only in the heart.', 'Cardiac muscle is found only in the heart.', 'Cardiac muscle is found only in the heart.']",Cardiac muscle is found only in the heart.,1.0,0.0,0.0,1,5
sciq_0089,"What occurs not only as organisms grow, but as they reproduce.",science,"['As organisms grow, they also reproduce, resulting in the transfer of genetic information and the continuation of their lineage.', 'As organisms grow, they also reproduce, resulting in the continuation of their species.', 'As organisms grow, they also undergo cell division during reproduction.', 'Reproduction occurs not only as organisms grow, but as they reproduce.', 'As organisms grow, they also reproduce, which leads to the continuation of their genetic material.']","As organisms grow, they also reproduce, resulting in the continuation of their species.",0.5005788105896923,0.0,0.0,1,5
sciq_0090,"What anatomical structures insulate, protect and provide sensory input?",science,"['The anatomical structures that insulate, protect, and provide sensory input include the skeletal system, which forms bones and joints; the circulatory system, which provides blood; and the nervous system, which includes the brain and sensory organs.', 'The anatomical structures that insulate, protect, and provide sensory input include the skin, bones, and organs.', 'The anatomical structures that insulate, protect, and provide sensory input include the skeletal system, skin, and sensory receptors.', 'The anatomical structures that insulate, protect, and provide sensory input include the dermis, subcutaneous fat, and the integumentary system.', 'The anatomical structures that insulate, protect, and provide sensory input include the skull, which insulates and protects the brain, and the skin, which provides sensory input and protects the body.']","The anatomical structures that insulate, protect, and provide sensory input include the skeletal system, skin, and sensory receptors.",0.6396467555393347,0.0,0.0,1,5
sciq_0091,"Control of the body can be somatic or autonomic, offering one way to divide what organ system by function?",science,"['The control of the body can be divided into somatic and autonomic functions, with the somatic function being divided into voluntary and involuntary actions.', 'The body control can be divided into somatic and autonomic functions, offering one way to categorize the organ system.', 'The organ system that can be divided by function into somatic and autonomic control is the nervous system.', ""The control of the body can be divided into somatic and autonomic functions, offering one way to classify the organization of the body's organ system by function."", 'The body control can be divided into somatic and autonomic, with the somatic system offering one way to categorize the control of the body by function.']","The body control can be divided into somatic and autonomic, with the somatic system offering one way to categorize the control of the body by function.",0.6268122016326853,0.08333333333333334,0.08333333333333334,1,5
sciq_0092,What blood-carrying structures contain one-way valves that contribute to the return of blood to the heart?,science,"['The blood-carrying structures that contain one-way valves that contribute to the return of blood to the heart are veins.', 'The blood-carrying structures that contain one-way valves that contribute to the return of blood to the heart are veins.', 'The blood-carrying structures that contain one-way valves to facilitate the return of blood to the heart are veins.', 'The blood-carrying structures that contain one-way valves and contribute to the return of blood to the heart are veins.', 'The blood-carrying structures that contain one-way valves contributing to the return of blood to the heart are veins.']",The blood-carrying structures that contain one-way valves that contribute to the return of blood to the heart are veins.,0.9315779645191411,0.10526315789473684,0.0,0,5
sciq_0093,"In astronomy, what are so dense that not even light can escape their gravity?",science,"['In astronomy, objects like black holes, neutron stars, and some white dwarfs are so dense that not even light can escape their gravity.', 'In astronomy, objects with such high density, like black holes, do not allow light to escape their gravitational pull.', 'In astronomy, objects such as black holes and neutron stars are so dense that not even light can escape their gravity.', 'Black holes are so dense that not even light can escape their gravity.', 'In astronomy, objects with such a strong gravitational pull that not even light can escape are referred to as black holes.']","In astronomy, objects such as black holes and neutron stars are so dense that not even light can escape their gravity.",0.615494252067523,0.17391304347826084,0.08695652173913042,0,5
sciq_0094,"Water is considered a what since it is a polar molecule with slightly positive and slightly negative charges, so ions and polar molecules can readily dissolve in it?",science,"['Water is considered a polar molecule due to its slightly positive and slightly negative charges, making it an ideal solvent for ions and polar molecules.', 'Water is considered a polar molecule due to its slightly positive and slightly negative charges, making it an ideal solvent for ions and polar molecules.', 'Water is considered a polar molecule due to its slightly positive and slightly negative charges, making it an ideal solvent for ions and polar molecules.', 'Water is considered a polar molecule due to its slightly positive and negative charges, making it a suitable solvent for dissolving ions and polar molecules.', 'Water is considered a polar molecule due to its slightly positive and negative charges, making it suitable for dissolving ions and polar molecules.']","Water is considered a polar molecule due to its slightly positive and slightly negative charges, making it an ideal solvent for ions and polar molecules.",0.9383574879227053,0.08333333333333333,0.0,0,5
sciq_0095,What kind of weather can you expect if a center of low pressure is moving your way?,science,"['If a center of low pressure is moving towards you, you can expect weather characterized by cloudy skies, light precipitation, and mild temperatures.', 'If a center of low pressure is moving towards you, you can expect favorable weather conditions with clear skies, light winds, and generally pleasant temperatures.', 'If a center of low pressure is moving towards you, expect fair weather with some clouds and possibly light rain.', 'If a center of low pressure is moving towards you, you can expect warm, moist air and potentially heavy rainfall, thunderstorms, or even tornadoes in the short term, as low-pressure systems often bring rising air and precipitation.', 'If a center of low pressure is moving your way, you can expect weather that is typically characterized by warm air at the surface, rising air, and precipitation, such as rain or thunderstorms.']","If a center of low pressure is moving towards you, you can expect weather characterized by cloudy skies, light precipitation, and mild temperatures.",0.5390097072283858,0.0,0.0,1,5
sciq_0096,What type of climate does the coast of california have?,science,"['The coast of California has a Mediterranean climate with mild, wet winters and warm, dry summers.', 'The coast of California has a Mediterranean climate, characterized by warm, dry summers and cool, wet winters.', 'The coastal region of California has a Mediterranean climate, characterized by mild, wet winters and warm, dry summers.', 'The coast of California has a Mediterranean climate, characterized by mild and wet winters and warm and dry summers.', 'The coastal region of California has a Mediterranean climate, characterized by warm to hot summers and cool to mild winters.']","The coastal region of California has a Mediterranean climate, characterized by mild, wet winters and warm, dry summers.",0.7890006834971828,0.11764705882352941,0.0,0,5
sciq_0097,What rock group offers the richest source of fossils?,science,"['The rock group that offers the richest source of fossils is the band Led Zeppelin.', 'The rock group that offers the richest source of fossils is the band Led Zeppelin, as many of their recordings have led to the discovery of fossils and other archaeological findings.', 'The rock group that offers the richest source of fossils is the band Led Zeppelin.', 'The rock group offering the richest source of fossils is the group known as ""The Beatles.""', 'The rock group that offers the richest source of fossils is the band The Beatles.']",The rock group that offers the richest source of fossils is the band Led Zeppelin.,0.6768790705861644,0.0,0.0,1,5
sciq_0098,What is another name for the vertebral column?,science,"['The vertebral column is also known as the spine.', 'The vertebral column is also known as the spine.', 'The vertebral column is also known as the spine or backbone.', 'The vertebral column is also known as the spine or backbone.', 'The vertebral column is also commonly known as the spine.']",The vertebral column is also known as the spine.,0.9013725490196081,0.0,0.22222222222222224,1,5
sciq_0099,The sex of developing crocodilians is determined by what during incubation?,science,"['The sex of developing crocodilians is determined by temperature during incubation.', 'The sex of developing crocodilians is determined by temperature during incubation.', 'During incubation, the sex of developing crocodilians is determined by temperature.', 'During incubation, the sex of developing crocodilians is determined by temperature.', 'The sex of developing crocodilians is determined by temperature during incubation.']",The sex of developing crocodilians is determined by temperature during incubation.,1.0,0.30769230769230765,0.15384615384615383,0,5
sciq_0100,"Like the frame of a house, what gives the cell an internal structure?",science,"[""The cell's internal structure is provided by its cell membrane, which acts as a protective barrier, regulates what enters and leaves the cell, and maintains its shape."", ""The cell's internal structure is provided by its cell wall, cell membrane, and organelles."", ""The cell's internal structure is provided by its cell membrane, which acts as a protective barrier and maintains the cell's shape, while also allowing necessary substances to pass in and out."", ""Like the frame of a house, the cell's internal structure is provided by the cell wall."", ""The cell gives an internal structure through the cell wall and the cell membrane, which provide support, protection, and a framework for the cell's organelles and contents.""]","The cell's internal structure is provided by its cell wall, cell membrane, and organelles.",0.5056484207535017,0.0,0.0,1,5
sciq_0101,About half of what type of radiation is absorbed in the first 15 meters of water?,science,"['Half of the radiation is absorbed in the first 15 meters of water.', 'Half of the radiation absorbed in the first 15 meters of water is gamma radiation.', 'About 50% of ionizing radiation is absorbed in the first 15 meters of water.', 'Half of the radiation is absorbed in the first 15 meters of water.', 'About half of the radiation from a nuclear power plant is absorbed in the first 15 meters of water.']",Half of the radiation is absorbed in the first 15 meters of water.,0.8416101778170744,0.0,0.0,1,5
sciq_0102,What kind of muscle is the heart mainly composed of?,science,"['The heart is mainly composed of cardiac muscle.', 'The heart is mainly composed of cardiac muscle.', 'The heart is mainly composed of cardiac muscle.', 'The heart is mainly composed of cardiac muscle.', 'The heart is mainly composed of cardiac muscle, a type of involuntary muscle responsible for its rhythmic contractions.']",The heart is mainly composed of cardiac muscle.,0.8434782608695652,0.4444444444444445,0.22222222222222224,0,5
sciq_0103,What is the term for the force that a magnet exerts on certain materials?,science,"['The term for the force that a magnet exerts on certain materials is magnetic force.', 'The term for the force a magnet exerts on certain materials is magnetism.', 'The term for the force that a magnet exerts on certain materials is magnetism.', 'The term for the force that a magnet exerts on certain materials is magnetism.', 'The term for the force that a magnet exerts on certain materials is magnetism.']",The term for the force that a magnet exerts on certain materials is magnetism.,0.9284020327498588,0.15384615384615385,0.15384615384615385,1,5
sciq_0104,Silk and cotton are examples of what kind of fiber?,science,"['Silk and cotton are examples of natural fibers.', 'Silk and cotton are examples of natural fibers.', 'Silk and cotton are examples of natural fibers.', 'Silk and cotton are examples of natural fibers.', 'Silk and cotton are examples of natural fibers.']",Silk and cotton are examples of natural fibers.,1.0,0.2222222222222222,0.0,0,5
sciq_0105,"The small, rocky bodies that orbit the sun are called what?",science,"['The small, rocky bodies that orbit the sun are called planets.', 'The small, rocky bodies that orbit the sun are called planets.', 'The small, rocky bodies that orbit the sun are called asteroids.', 'The small, rocky bodies that orbit the sun are called planets.', 'The small, rocky bodies that orbit the sun are called planets.']","The small, rocky bodies that orbit the sun are called planets.",0.9555555555555555,0.0,0.0,1,5
sciq_0106,About what percentage of the earth's water is fresh water?,science,"[""About 2.5% of the Earth's water is fresh water, while the remaining 97.5% is saltwater."", ""About 2.5% of the Earth's water is fresh water."", ""About 2.5% of the Earth's water is fresh water."", ""About 2.5% of the Earth's water is fresh water."", ""About 2.5% of the Earth's water is fresh water, with the remaining 97.5% being saltwater.""]",About 2.5% of the Earth's water is fresh water.,0.8490384615384615,0.0,0.0,1,5
sciq_0107,Hydrophilic molecules generally avoid what other kinds of molecules?,science,"['Hydrophilic molecules generally avoid hydrophobic molecules.', 'Hydrophilic molecules generally avoid hydrophobic molecules.', 'Hydrophilic molecules generally avoid nonpolar or hydrophobic molecules.', 'Hydrophilic molecules generally avoid hydrophobic molecules.', 'Hydrophilic molecules generally avoid hydrophobic molecules, as they have a tendency to interact with water and other polar molecules.']",Hydrophilic molecules generally avoid hydrophobic molecules.,0.7532967032967033,0.2857142857142857,0.0,0,5
sciq_0108,Why do fish have short esophaguses?,science,"['Fish have short esophaguses due to their unique feeding behavior, which involves swallowing and digesting food in a different way compared to other animals.', 'Fish have short esophaguses due to their evolutionary adaptation to their aquatic environment, which allows them to quickly swallow and digest their food.', 'Fish have short esophaguses due to their aquatic lifestyle, where food is consumed and digested primarily through swallowing and absorption in the mouth, pharynx, and stomach, without the need for a long digestive tract like other animals.', 'Fish have short esophaguses due to their aquatic environment and diet. They primarily consume small invertebrates and plankton, which require a simpler digestive system.', 'Fish have short esophaguses due to their streamlined body shape and aquatic environment, which requires efficient digestion and absorption of nutrients.']","Fish have short esophaguses due to their streamlined body shape and aquatic environment, which requires efficient digestion and absorption of nutrients.",0.4430441716940573,0.0,0.0,1,5
sciq_0109,Malonate plays what negative role on the enzyme succinate dehydrogenase?,science,"['Malonate negatively impacts the enzyme succinate dehydrogenase by inhibiting its activity.', 'Malonate negatively affects the enzyme succinate dehydrogenase by inhibiting its activity.', 'Malonate negatively affects the enzyme succinate dehydrogenase by inhibiting its activity.', 'Malonate plays a negative role by inhibiting the enzyme succinate dehydrogenase.', 'Malonate negatively impacts the enzyme succinate dehydrogenase by inhibiting its activity.']",Malonate negatively impacts the enzyme succinate dehydrogenase by inhibiting its activity.,0.8126315789473685,0.0,0.0,1,5
sciq_0110,What term describes the process of vesicles fusing with the plasma membrane and releasing their contents to the outside of the cell?,science,"['The term that describes the process of vesicles fusing with the plasma membrane and releasing their contents to the outside of the cell is exocytosis.', 'The term describing the process of vesicles fusing with the plasma membrane and releasing their contents to the outside of the cell is exocytosis.', 'The term that describes the process of vesicles fusing with the plasma membrane and releasing their contents to the outside of the cell is exocytosis.', 'The term describing the process of vesicles fusing with the plasma membrane and releasing their contents is exocytosis.', 'The term that describes the process of vesicles fusing with the plasma membrane and releasing their contents to the outside of the cell is exocytosis.']",The term that describes the process of vesicles fusing with the plasma membrane and releasing their contents to the outside of the cell is exocytosis.,0.9051583710407239,0.09523809523809523,0.0,0,5
sciq_0111,"Asteroids, comets, and planets move around the sun in curved paths called what?",science,"['Asteroids, comets, and planets move around the sun in curved paths called orbits.', 'Asteroids, comets, and planets move around the sun in curved paths called orbits.', 'Asteroids, comets, and planets move around the sun in curved paths called orbits.', 'Asteroids, comets, and planets move around the sun in curved paths called orbits.', 'Asteroids, comets, and planets move around the sun in curved paths called elliptical orbits.']","Asteroids, comets, and planets move around the sun in curved paths called orbits.",0.9840000000000002,0.15384615384615385,0.0,0,5
sciq_0112,What is the process of filtering waste from the kidneys?,science,"['The process of filtering waste from the kidneys is called excretion.', 'The process of filtering waste from the kidneys is called glomerular filtration. It occurs in the nephrons of the kidneys, where blood is filtered through tiny pores in the glomerulus, separating waste and excess substances from the blood.', 'The process of filtering waste from the kidneys involves the filtration of blood by the glomeruli, which are tiny blood vessels within the nephrons of the kidneys. The filtration of waste and excess fluids creates urine, which is then collected and excreted from the body.', 'The process of filtering waste from the kidneys is called excretion. The kidneys filter waste products from the blood and excrete them in the form of urine.', 'The process of filtering waste from the kidneys involves the nephrons, which are tiny units within the kidneys, where the filtration of blood occurs through a series of steps. Blood enters the nephron, and then passes through a filtration barrier where waste and excess substances are removed and transported to the renal tubules for further processing.']","The process of filtering waste from the kidneys is called glomerular filtration. It occurs in the nephrons of the kidneys, where blood is filtered through tiny pores in the glomerulus, separating waste and excess substances from the blood.",0.44379918263415635,0.0,0.0,1,5
sciq_0113,"Without particles, water vapor could not do what?",science,"['Without particles, water vapor could not condense into liquid water or freeze into ice.', 'Water vapor could not condense into clouds or form precipitation without particles to act as condensation nuclei.', 'Without particles, water vapor could not condense into liquid water.', 'Without particles, water vapor could not condense into clouds, leading to precipitation.', 'Without particles, water vapor could not condense and form clouds, leading to precipitation.']","Without particles, water vapor could not condense into clouds, leading to precipitation.",0.6848396623554528,0.15384615384615385,0.0,0,5
sciq_0114,"What is a therian mammal in which the embryo is born at an early, immature stage?",science,"['Therian mammals with an embryo born at an early, immature stage are called placental mammals.', 'A therian mammal in which the embryo is born at an early, immature stage is a placental mammal, such as a human or mouse.', 'A therian mammal with an early, immature embryo is called a marsupial.', 'A therian mammal that is born at an early, immature stage is called a marsupial.', 'A therian mammal with an early, immature embryo is a placental mammal.']","A therian mammal with an early, immature embryo is called a marsupial.",0.5652189172834334,0.19999999999999998,0.0,0,5
sciq_0115,"One important phenomenon related to the relative strength of cohesive and adhesive forces is capillary action—the tendency of a fluid to be raised or suppressed in a narrow tube, or called this?",science,"['Capillary action is the tendency of a fluid to be raised or suppressed in a narrow tube.', 'Capillary action refers to the phenomenon of a fluid being raised or suppressed in a narrow tube due to the interaction between cohesive and adhesive forces.', 'Capillary action is the tendency of a fluid to be raised or suppressed in a narrow tube, or called capillary action.', 'Capillary action refers to the phenomenon where a fluid tends to rise or fall in a narrow tube due to the balance between adhesive and cohesive forces.', 'Capillary action refers to the phenomenon where a fluid rises or falls in a narrow tube due to the balance between adhesive and cohesive forces.']",Capillary action refers to the phenomenon of a fluid being raised or suppressed in a narrow tube due to the interaction between cohesive and adhesive forces.,0.6136076306992359,0.16666666666666669,0.16666666666666669,1,5
sciq_0116,"Digestive enzymes are released, or secreted, by the organs of which body system?",science,"['Digestive enzymes are released by the digestive system, which is part of the body system that processes food.', 'Digestive enzymes are released by the digestive system, which includes the mouth, stomach, small intestine, and large intestine.', 'Digestive enzymes are released by the exocrine pancreas, which is part of the digestive system.', 'Digestive enzymes are released by the digestive system, which is part of the body system.', 'Digestive enzymes are released by the organs of the digestive system, which includes the mouth, esophagus, stomach, small intestine, and large intestine.']","Digestive enzymes are released by the digestive system, which is part of the body system.",0.6658345964380447,0.2666666666666667,0.13333333333333336,0,5
sciq_0117,What functions in removing phosphorylated amino acids from proteins?,science,"['Protein phosphatases function in removing phosphorylated amino acids from proteins.', 'The function of removing phosphorylated amino acids from proteins is performed by protein phosphatases.', 'Protein kinases and phosphatases are involved in removing phosphorylated amino acids from proteins.', 'Protein phosphatases remove phosphorylated amino acids from proteins.', 'Phosphatase enzymes function in removing phosphorylated amino acids from proteins to regulate cellular processes.']",Protein phosphatases function in removing phosphorylated amino acids from proteins.,0.6449962276049231,0.0,0.0,1,5
sciq_0118,What type of map reveals the shape of a landscape?,science,"['A topographic map reveals the shape of a landscape.', 'A topographic map reveals the shape of a landscape by showing the elevation, contours, and other features of the terrain.', 'A topographic map reveals the shape of a landscape.', 'A topographic map reveals the shape of a landscape.', 'A topographic map reveals the shape of a landscape.']",A topographic map reveals the shape of a landscape.,0.8285714285714286,0.2857142857142857,0.0,0,5
sciq_0119,What is another name for anther pollen sacs?,science,"['Another name for anther pollen sacs is microsporangia.', 'The other name for anther pollen sacs is microsporangium.', 'Another name for anther pollen sacs is microsporangia.', 'Another name for anther pollen sacs is microsporangia.', 'Another name for anther pollen sacs is microsporangia.']",Another name for anther pollen sacs is microsporangia.,0.9,0.2222222222222222,0.0,0,5
sciq_0120,"Illustrating how form follows function, long, slender protein strands that make up what tissue are essential for contracting and relaxing?",science,"['The long, slender protein strands that make up what tissue are essential for contracting and relaxing are muscle tissue.', 'The long, slender protein strands that make up muscle tissue are essential for contracting and relaxing.', 'The long, slender protein strands that make up what tissue are essential for contracting and relaxing are actin filaments, found in muscle tissue.', 'The long, slender protein strands that make up muscle tissue are essential for contracting and relaxing.', 'The long, slender protein strands that make up what tissue are essential for contracting and relaxing are actin filaments.']","The long, slender protein strands that make up what tissue are essential for contracting and relaxing are muscle tissue.",0.8825662025662027,0.10526315789473684,0.0,0,5
sciq_0121,Biological features from a common evolutionary origin are known as what?,science,"['Biological features that share a common evolutionary origin are known as homologous features.', 'Biological features that share a common evolutionary origin are known as homologous features.', 'Biological features from a common evolutionary origin are known as homologies.', 'Biological features that share a common evolutionary origin are known as homologous features.', 'Biological features that share a common evolutionary origin are known as homologous features.']",Biological features that share a common evolutionary origin are known as homologous features.,0.890909090909091,0.15384615384615385,0.0,0,5
sciq_0122,Corrosion is usually defined as the degradation of metals due to what?,science,"['Corrosion is usually defined as the degradation of metals due to chemical reactions with their environment, such as oxygen, water, or acids.', 'Corrosion is usually defined as the degradation of metals due to chemical reactions with their surroundings, typically involving the loss of electrons.', 'Corrosion is usually defined as the degradation of metals due to chemical reactions with their environment.', 'Corrosion is usually defined as the degradation of metals due to electrochemical reactions involving the interaction of metals with their environment.', 'Corrosion is typically defined as the degradation of metals due to chemical reactions with their environment, often involving oxygen and moisture.']",Corrosion is usually defined as the degradation of metals due to chemical reactions with their environment.,0.7608676378618989,0.0,0.0,1,5
sciq_0123,Which membranous organelles in a cell sequence enzyme and electron molecules for efficient cellular respiration?,science,"['Mitochondria in a cell sequence enzymes and electron molecules for efficient cellular respiration.', 'Mitochondria in a cell sequence enzyme and electron molecules for efficient cellular respiration.', 'Mitochondria in a cell sequence enzyme and electron molecules for efficient cellular respiration.', 'The membranous organelles in a cell that sequence enzyme and electron molecules for efficient cellular respiration are the mitochondria.', 'Mitochondria sequence enzyme and electron molecules for efficient cellular respiration.']",Mitochondria in a cell sequence enzyme and electron molecules for efficient cellular respiration.,0.8738927738927739,0.15384615384615385,0.0,0,5
sciq_0124,How many families are known quarks divided into?,science,"['Quarks are divided into six families.', 'Quarks are divided into six families, which are denoted by the letters U(1)JSSM, SU(2)JSSM, SU(3)JSSM, U(1)SU(2)JSSM, SU(3)SU(3)JSSM, and U', 'There are four known families of quarks.', 'There are six known families of quarks, which are grouped into two generations: up, down, charm, strange, top, and bottom.', 'There are six known families of quarks, with each family consisting of three quarks.']",There are four known families of quarks.,0.3625032546610148,0.0,0.25,1,5
sciq_0125,Does lava flow quickly or slowly when thick?,science,"['Lava flows quickly when thick.', 'Lava flows slowly when thick, as it is more resistant to flow due to its high viscosity.', 'Lava flows slowly when thick.', 'Lava flows slowly when thick.', 'Lava flows can be either slow or fast depending on the thickness and viscosity of the lava. Thicker, more viscous lava flows slowly, while thinner, less viscous lava flows more rapidly.']",Lava flows slowly when thick.,0.4560706812369217,0.33333333333333337,0.0,0,5
sciq_0126,What phase does the cell make final preparations to divide?,science,"['The cell makes final preparations to divide during the G1, G2, and G1/S phases.', 'The cell makes final preparations to divide during the G1, S, and G2 phases of the cell cycle.', 'The cell prepares for division in the G2 phase.', 'The cell prepares to divide in the G2 phase.', 'The cell makes final preparations to divide during the G2 phase, which is the second stage of the cell cycle.']","The cell makes final preparations to divide during the G1, S, and G2 phases of the cell cycle.",0.4673936848082033,0.0,0.0,1,5
sciq_0127,"What is land with permafrost, no trees, and small hardy plants?",science,"['Land with permafrost, no trees, and small hardy plants is known as tundra.', 'Land with permafrost, no trees, and small hardy plants is called tundra.', 'Land with permafrost, no trees, and small hardy plants is tundra.', 'Land with permafrost, no trees, and small hardy plants is called tundra.', 'Land with permafrost, no trees, and small hardy plants is called tundra.']","Land with permafrost, no trees, and small hardy plants is called tundra.",0.9426231884057972,0.15384615384615385,0.0,0,5
sciq_0128,Hydrogen-based fuel cells were and are used to provide what for manned space vehicles?,science,"['Hydrogen-based fuel cells were and are used to provide power and oxygen for manned space vehicles.', 'Hydrogen-based fuel cells were and are used to provide power for manned space vehicles.', 'Hydrogen-based fuel cells were used to provide power and electricity for manned space vehicles, such as those used in the Apollo missions.', 'Hydrogen-based fuel cells were and are used to provide power and electricity for manned space vehicles.', 'Hydrogen-based fuel cells were and are used to provide power for manned space vehicles.']",Hydrogen-based fuel cells were and are used to provide power for manned space vehicles.,0.8691869471281237,0.0,0.0,1,5
sciq_0129,What is the most important function of enzymes in animals?,science,"['The most important function of enzymes in animals is to speed up chemical reactions in the body, allowing for efficient metabolism and proper bodily functions.', 'The most important function of enzymes in animals is to speed up chemical reactions that are necessary for life, such as digestion and metabolism.', 'The most important function of enzymes in animals is to facilitate chemical reactions necessary for life, such as digestion, metabolism, and energy production.', 'The most important function of enzymes in animals is to speed up chemical reactions within the body, allowing for efficient metabolism, growth, and overall biological processes.', 'The most important function of enzymes in animals is to speed up the rate of chemical reactions necessary for growth, metabolism, and overall cellular function.']","The most important function of enzymes in animals is to speed up chemical reactions that are necessary for life, such as digestion and metabolism.",0.7127782917052111,0.0,0.0,1,5
sciq_0130,What process takes place when plants release water vapor through pores in their leaves called stomata?,science,"['When plants release water vapor through pores in their leaves called stomata, the process is called transpiration.', 'The process that takes place when plants release water vapor through pores in their leaves called stomata is called transpiration.', 'When plants release water vapor through stomata, a process called transpiration occurs.', 'When plants release water vapor through their stomata, a process called transpiration occurs, which is the evaporation of water from the leaves into the atmosphere.', 'When plants release water vapor through pores in their leaves called stomata, the process that takes place is called transpiration.']","When plants release water vapor through pores in their leaves called stomata, the process is called transpiration.",0.7592848205348205,0.11764705882352941,0.0,0,5
sciq_0131,The concept that atoms tend to have eight electrons in their valence electron shell is called what?,science,"['The concept that atoms tend to have eight electrons in their valence electron shell is called the ""octet rule.""', 'The concept that atoms tend to have eight electrons in their valence electron shell is called octet rule.', 'The concept that atoms tend to have eight electrons in their valence electron shell is called the ""octet rule.""', 'The concept that atoms tend to have eight electrons in their valence electron shell is called octet rule.', 'The concept that atoms tend to have eight electrons in their valence electron shell is called octet rule.']","The concept that atoms tend to have eight electrons in their valence electron shell is called the ""octet rule.""",1.0,0.21052631578947367,0.10526315789473684,0,5
sciq_0132,What is the force that opposes motion between two surfaces that are touching?,science,"['The force that opposes motion between two surfaces that are touching is friction.', 'The force that opposes motion between two surfaces that are touching is friction.', 'The force that opposes motion between two surfaces that are touching is friction.', 'The force that opposes motion between two surfaces that are touching is friction.', 'The force that opposes motion between two surfaces that are touching is friction.']",The force that opposes motion between two surfaces that are touching is friction.,1.0,0.15384615384615385,0.0,0,5
sciq_0133,"In the case of the moose, predation is an additional factor that regulates what?",science,"['In the case of the moose, predation is an additional factor that regulates population growth and stability.', 'In the case of the moose, predation is an additional factor that regulates population size and distribution.', 'In the case of the moose, predation is an additional factor that regulates their population.', 'In the case of moose, predation is an additional factor that regulates population size.', 'In the case of the moose, predation is an additional factor that regulates their population.']","In the case of the moose, predation is an additional factor that regulates their population.",0.8844322344322343,0.15384615384615385,0.0,0,5
sciq_0134,"A sealed, vacuum-insulated reaction flask approximates what condition, in which neither matter nor heat can be exchanged between system and surroundings?",science,"['A sealed, vacuum-insulated reaction flask approximates an adiabatic condition, where neither matter nor heat can be exchanged between the system and its surroundings.', 'A sealed, vacuum-insulated reaction flask approximates an adiabatic condition, where neither matter nor heat can be exchanged between the system and the surroundings.', 'A sealed, vacuum-insulated reaction flask approximates an isothermal, adiabatic condition, where neither matter nor heat can be exchanged between the system (the reaction inside the flask) and the surroundings.', 'A sealed, vacuum-insulated reaction flask approximates an isolated system, in which neither matter nor heat can be exchanged between the system and the surroundings.', 'A sealed, vacuum-insulated reaction flask approximates a thermally isolated system, where neither matter nor heat can be exchanged between the system and the surroundings.']","A sealed, vacuum-insulated reaction flask approximates an adiabatic condition, where neither matter nor heat can be exchanged between the system and the surroundings.",0.8607890754232217,0.09090909090909091,0.09090909090909091,1,5
sciq_0135,"Temperature, water, soil, and air are examples of nonliving factors of an ecosystem, also termed what?",science,"['Nonliving factors in an ecosystem, such as temperature, water, soil, and air, are referred to as abiotic factors.', 'Nonliving factors of an ecosystem are termed abiotic factors.', 'Nonliving factors of an ecosystem are referred to as biotic and abiotic components.', 'Nonliving factors of an ecosystem, also known as biotic and abiotic factors, include temperature, water, soil, and air.', 'Nonliving factors in an ecosystem, such as temperature, water, soil, and air, are referred to as abiotic factors.']","Nonliving factors in an ecosystem, such as temperature, water, soil, and air, are referred to as abiotic factors.",0.6127221095334685,0.21052631578947367,0.10526315789473684,0,5
sciq_0136,What are the little sacs at the end of the bronchioles called?,science,"['The little sacs at the end of the bronchioles are called alveoli.', 'The little sacs at the end of the bronchioles are called alveoli.', 'The little sacs at the end of the bronchioles are called alveoli.', 'The little sacs at the end of the bronchioles are called alveoli.', 'The little sacs at the end of the bronchioles are called alveoli.']",The little sacs at the end of the bronchioles are called alveoli.,1.0,0.19999999999999998,0.1818181818181818,0,5
sciq_0137,What kind of organisms helps hold soil in place to slow erosion?,science,"['Organisms like plants and fungi help hold soil in place to slow erosion by forming a network of roots and mycelium that binds soil particles together.', 'Plants, such as grasses and trees, help hold soil in place to slow erosion by their roots.', 'Certain types of organisms like bacteria, fungi, and plant roots help hold soil in place to slow erosion by forming strong bonds and stabilizing the soil structure.', 'Soil organisms, such as earthworms, fungi, and bacteria, help hold soil in place to slow erosion.', 'Some organisms that help hold soil in place to slow erosion include earthworms, fungi, and plant roots.']","Soil organisms, such as earthworms, fungi, and bacteria, help hold soil in place to slow erosion.",0.6199225773948006,0.0,0.11764705882352941,1,5
sciq_0138,"By the year 2050, 25 percent of the population of the united states will be 60 years of age or older. the cdc estimates that 80 percent of those 60 years and older have one or more chronic disease associated with deficiencies of this?",science,"['By 2050, 25% of the U.S. population will be 60 years or older, and the CDC estimates that 80% of these individuals will have one or more chronic diseases related to vitamin deficiencies.', 'By 2050, 25 percent of the US population will be 60 years old or older, and the CDC estimates that 80% of those aged 60 years and older will have at least one chronic disease associated with deficiencies of vitamin D.', 'By 2050, 25% of the US population will be 60 years old or older, and 80% of those individuals will have one or more chronic diseases linked to deficiencies in vitamin D, which plays a crucial role in bone health and immune function.', 'By 2050, 25% of the US population will be 60 years or older, and the CDC estimates that 80% of those individuals will have at least one chronic disease linked to deficiencies in Vitamin D.', 'According to the CDC, 80 percent of people aged 60 years and older in the United States will have one or more chronic diseases related to vitamin deficiencies.']","By 2050, 25% of the US population will be 60 years or older, and the CDC estimates that 80% of those individuals will have at least one chronic disease linked to deficiencies in Vitamin D.",0.6425167800712235,0.0,0.0,1,5
sciq_0139,"Nephrons, renal tubules and the loop of henle are part of the process of blood filtration by what organs?",science,"['Nephrons, renal tubules, and the loop of Henle are part of the process of blood filtration by the kidneys.', 'Nephrons, renal tubules, and the loop of Henle are part of the process of blood filtration by the kidneys.', 'The nephrons, renal tubules, and the loop of Henle are part of the process of blood filtration in the kidneys, which are the organs responsible for this process.', 'Nephrons, renal tubules, and the loop of Henle are part of the process of blood filtration by the kidneys.', 'The nephrons, renal tubules, and the loop of Henle are part of the process of blood filtration by the kidneys.']","Nephrons, renal tubules, and the loop of Henle are part of the process of blood filtration by the kidneys.",0.9076923076923077,0.11764705882352941,0.0,0,5
sciq_0140,The overall voltage of the battery is therefore the sum of ________ of the individual cells.,science,"['The overall voltage of the battery is the sum of the voltages of the individual cells.', 'The overall voltage of the battery is the sum of the voltages of the individual cells.', 'The overall voltage of the battery is the sum of the voltages of the individual cells.', ""The overall voltage of the battery is the sum of the individual cells' voltages."", 'The overall voltage of the battery is the sum of the voltages of the individual cells.']",The overall voltage of the battery is the sum of the voltages of the individual cells.,0.980952380952381,0.16666666666666669,0.0,0,5
sciq_0141,"What system of the body is responsible for transmitting, processing, and responding to most of the sensory information that is created by various stimuli?",science,"['The sensory system is responsible for transmitting, processing, and responding to most sensory information created by various stimuli.', 'The sensory system responsible for transmitting, processing, and responding to most of the sensory information is the nervous system.', 'The sensory system in the body is responsible for transmitting, processing, and responding to most of the sensory information that is created by various stimuli.', 'The system responsible for transmitting, processing, and responding to most sensory information is the nervous system, specifically the central nervous system.', 'The sensory system responsible for transmitting, processing, and responding to most sensory information is the nervous system, specifically the central nervous system (CNS), including the brain and spinal cord.']","The sensory system responsible for transmitting, processing, and responding to most of the sensory information is the nervous system.",0.7246915190223883,0.2222222222222222,0.1111111111111111,0,5
sciq_0142,What lines the passages of the nose and senses chemicals in the air?,science,"['The nasal passages sense chemicals in the air through the olfactory epithelium, which contains specialized cells called olfactory receptors.', 'The nasal passages are lined by mucous membranes, which sense chemicals in the air through specialized cells called olfactory receptor neurons.', 'The nasal passages sense chemicals in the air by lining the passages with tiny, sensitive nerve endings called olfactory receptor cells.', 'The lining of the passages of the nose and the sense of chemicals in the air is provided by the olfactory epithelium.', 'The passages of the nose and the sense of smell are lined with tiny hairs called olfactory receptor cells that sense chemicals in the air.']","The nasal passages are lined by mucous membranes, which sense chemicals in the air through specialized cells called olfactory receptor neurons.",0.5204884417384418,0.0,0.0,1,5
sciq_0143,Proteins are polymers of what kind of acids?,science,"['Proteins are polymers of amino acids.', 'Proteins are polymers of amino acids.', 'Proteins are polymers of amino acids.', 'Proteins are polymers of amino acids.', 'Proteins are polymers of amino acids.']",Proteins are polymers of amino acids.,1.0,0.2857142857142857,0.0,0,5
sciq_0144,What makes marginal lands unsuitable for farming?,science,"['Marginal lands are unsuitable for farming due to their poor soil quality, limited water availability, inadequate sunlight, and unsuitable climate conditions.', 'Marginal lands are unsuitable for farming due to their poor soil quality, lack of arable land, and unfavorable climate conditions, such as extreme temperatures, poor drainage, or limited sunlight.', 'Marginal lands are unsuitable for farming due to poor soil quality, limited water availability, inadequate sunlight, and other environmental factors.', 'Marginal lands are unsuitable for farming due to poor soil quality, limited water availability, or unfavorable climate conditions, making them less productive for agriculture.', 'Marginal lands are unsuitable for farming due to factors such as poor soil quality, limited water availability, extreme weather conditions, and unsuitable topography.']","Marginal lands are unsuitable for farming due to their poor soil quality, limited water availability, inadequate sunlight, and unsuitable climate conditions.",0.6841002541917385,0.0,0.0,1,5
sciq_0145,"When a nerve impulse reaches the end of an axon, what are the chemicals released by the axon called?",science,"['The chemicals released by the axon at the end of an impulse are called neurotransmitters.', 'When a nerve impulse reaches the end of an axon, the chemicals released by the axon are called neurotransmitters.', 'When a nerve impulse reaches the end of an axon, the chemicals released are called neurotransmitters.', 'The chemicals released by the axon upon reaching the end are called neurotransmitters.', 'The chemicals released by the axon at the end of a nerve impulse are called neurotransmitters.']",The chemicals released by the axon at the end of a nerve impulse are called neurotransmitters.,0.7933902329554503,0.15384615384615385,0.0,0,5
sciq_0146,What is the most important source of electromagnetic waves on earth?,science,"['The most important source of electromagnetic waves on Earth is the Sun.', 'The most important source of electromagnetic waves on Earth is the sun.', 'The most important source of electromagnetic waves on Earth is the sun.', 'The most important source of electromagnetic waves on Earth is the sun.', 'The most important source of electromagnetic waves on Earth is the Sun.']",The most important source of electromagnetic waves on Earth is the Sun.,1.0,0.18181818181818182,0.0,0,5
sciq_0147,All of the elements in group 9 have nine of which electrons?,science,"['All elements in group 9 have 5 electrons in their outermost energy level.', 'All elements in group 9 have 7 electrons in their outermost shell.', 'All elements in group 9 have nine outermost electrons.', 'All elements in group 9 have 5 electrons.', 'All elements in group 9 have nine outermost electrons.']",All elements in group 9 have nine outermost electrons.,0.7887318563789152,0.0,0.0,1,5
sciq_0148,What form of reproduction creates offspring that are genetically identical to the parent?,science,"['This form of reproduction creates offspring that are genetically identical to the parent through asexual reproduction.', 'Asexual reproduction creates offspring that are genetically identical to the parent.', 'The form of reproduction that creates offspring that are genetically identical to the parent is asexual reproduction.', 'The form of reproduction that creates offspring genetically identical to the parent is asexual reproduction.', 'The form of reproduction that creates offspring that are genetically identical to the parent is asexual reproduction.']",The form of reproduction that creates offspring that are genetically identical to the parent is asexual reproduction.,0.8630227743271222,0.125,0.0,0,5
sciq_0149,Ecological succession refers to the change in the numbers and types of species that live in what groups?,science,"['Ecological succession refers to the change in the numbers and types of species that live in ecosystems.', 'Ecological succession refers to the change in the numbers and types of species that live in ecosystems over time.', 'Ecological succession refers to the change in the numbers and types of species that live in ecosystems over time.', 'Ecological succession refers to the change in the numbers and types of species that live in communities or ecosystems over time.', 'Ecological succession refers to the change in the numbers and types of species that live in ecosystems over time.']",Ecological succession refers to the change in the numbers and types of species that live in ecosystems over time.,0.9528186274509804,0.0,0.0,1,5
sciq_0150,The chains in cellulose stack in parallel rows held together by hydrogen bonds between which groups?,science,"['The chains in cellulose stack in parallel rows held together by hydrogen bonds between oxygen and carbon groups.', 'The chains in cellulose stack in parallel rows held together by hydrogen bonds between oxygen and hydrogen atoms.', 'The chains in cellulose stack in parallel rows held together by hydrogen bonds between the oxygen and hydrogen atoms in the β-1,4-glycanose structure.', 'The chains in cellulose stack in parallel rows held together by hydrogen bonds between oxygen and carbon groups.', 'The chains in cellulose stack in parallel rows held together by hydrogen bonds between the O-H groups.']",The chains in cellulose stack in parallel rows held together by hydrogen bonds between oxygen and carbon groups.,0.8266221033868094,0.10526315789473684,0.21052631578947367,1,5
sciq_0151,Where does the energy produced by plants come from?,science,"['The energy produced by plants comes from the sun through photosynthesis, a process where plants convert sunlight, carbon dioxide, and water into glucose and oxygen.', 'The energy produced by plants comes from the sun through the process of photosynthesis.', 'The energy produced by plants comes from the energy they absorb from sunlight through photosynthesis.', 'The energy produced by plants comes from the energy stored in the sunlight they absorb during photosynthesis.', ""The energy produced by plants comes from the sun's energy through a process called photosynthesis.""]",The energy produced by plants comes from the sun's energy through a process called photosynthesis.,0.6295934435934436,0.0,0.0,1,5
sciq_0152,What is citrate an ionized form of?,science,"['Citrate is an ionized form of citric acid.', 'Citrate is an ionized form of citric acid.', 'Citrate is an ionized form of citric acid.', 'Citrate is an ionized form of citric acid.', 'Citrate is an ionized form of citric acid.']",Citrate is an ionized form of citric acid.,1.0,0.4444444444444445,0.22222222222222224,0,5
sciq_0153,What is first stage of cellular respiration?,science,"['The first stage of cellular respiration is glycolysis, where glucose is broken down into pyruvate, producing a small amount of ATP and NADH.', 'The first stage of cellular respiration is glycolysis.', 'The first stage of cellular respiration is glycolysis, which breaks down glucose into two pyruvate molecules.', 'The first stage of cellular respiration is glycolysis.', 'The first stage of cellular respiration is glycolysis, where glucose is broken down into pyruvate, producing a small amount of ATP and NADH.']",The first stage of cellular respiration is glycolysis.,0.6494949494949495,0.0,0.0,1,5
sciq_0154,What prevents new ovarian follicles from developing and suppresses uterine contractility?,science,"['Hormonal changes, specifically the reduction of estrogen and progesterone levels, prevent new ovarian follicles from developing and suppress uterine contractility.', 'The development of new ovarian follicles is prevented by the suppression of gonadotropin-releasing hormone (GnRH) by the hormone prolactin, and the suppression of uterine contractility is caused by the action of prostaglandins.', ""The development of new ovarian follicles and suppression of uterine contractility can be prevented and suppressed by the hormone-regulating mechanisms of the body. Specifically, the pituitary gland's regulation of gonadotropin-releasing hormone (GnRH), follicle-stimulating hormone (FSH), and luteinizing hormone (L"", 'The pituitary gland, specifically the inhibitory hormones it produces, prevents new ovarian follicles from developing and suppresses uterine contractility.', 'The presence of anti-Müllerian hormone (AMH) and estrogen prevent new ovarian follicles from developing and suppress uterine contractility.']",The presence of anti-Müllerian hormone (AMH) and estrogen prevent new ovarian follicles from developing and suppress uterine contractility.,0.40869377056977463,0.0,0.10526315789473684,1,5
sciq_0155,What are atoms of the same element that differ in their numbers of neutrons called?,science,"['Atoms of the same element that differ in their numbers of neutrons are called isotopes.', 'Atoms of the same element that differ in their numbers of neutrons are called isotopes.', 'Atoms of the same element that differ in their numbers of neutrons are called isotopes.', 'Atoms of the same element that differ in their numbers of neutrons are called isotopes.', 'Atoms of the same element that differ in their numbers of neutrons are called isotopes.']",Atoms of the same element that differ in their numbers of neutrons are called isotopes.,1.0,0.13333333333333333,0.0,0,5
sciq_0156,The amniotic egg is a shared ancestral character for which clade?,science,"['The amniotic egg is a shared ancestral character for the clade Archosauria, which includes birds and their dinosaur ancestors.', 'The amniotic egg is a shared ancestral character for the clade called Mammalia (mammals).', 'The amniotic egg is a shared ancestral character for the clade called Mammalia (mammals).', 'The amniotic egg is a shared ancestral character for the clade Eukarya.', 'The amniotic egg is a shared ancestral character for the clade known as Amniota, which consists of modern reptiles, birds, and mammals.']",The amniotic egg is a shared ancestral character for the clade called Mammalia (mammals).,0.6825185185185184,0.0,0.0,1,5
sciq_0157,The three-dimensional spaces with specific shapes that are components of electrons shells are known as what?,science,"['The three-dimensional spaces with specific shapes that are components of electrons shells are known as electron shells.', 'The three-dimensional spaces with specific shapes that are components of electrons shells are known as orbitals.', 'The three-dimensional spaces with specific shapes that are components of electrons shells are known as atomic orbitals.', 'The three-dimensional spaces with specific shapes that are components of electrons shells are known as electron orbitals.', 'The three-dimensional spaces with specific shapes that are components of electron shells are known as orbitals.']",The three-dimensional spaces with specific shapes that are components of electrons shells are known as electron orbitals.,0.9338569518716578,0.1111111111111111,0.0,0,5
sciq_0158,What type of bonds are formed by the side-to-side overlap of p orbitals?,science,"['P-orbital bonding is formed by the side-to-side overlap of p orbitals.', 'The type of bonds formed by the side-to-side overlap of p orbitals is covalent bonds.', 'The type of bonds formed by the side-to-side overlap of p orbitals is covalent bonds.', 'The type of bonds formed by the side-to-side overlap of p orbitals is called covalent bonds.', 'Polar covalent bonds are formed by the side-to-side overlap of p orbitals.']",The type of bonds formed by the side-to-side overlap of p orbitals is covalent bonds.,0.80760674253444,0.11764705882352941,0.11764705882352941,1,5
sciq_0159,How many types of basic sensory receptors are there?,science,"['There are five basic types of sensory receptors, which are responsible for detecting different types of stimuli, including light, sound, pressure, temperature, and taste.', 'There are five main types of basic sensory receptors, which include photoreceptors, mechanoreceptors, thermoreceptors, nociceptors, and chemoreceptors.', 'There are five types of basic sensory receptors, including photoreceptors, mechanoreceptors, thermoreceptors, nociceptors, and chemoreceptors.', 'There are three primary types of basic sensory receptors: photoreceptors, mechanoreceptors, and thermoreceptors.', 'There are five types of basic sensory receptors, which are: photoreceptors (in the eyes), mechanoreceptors (in the skin), thermoreceptors (to sense temperature), nociceptors (to sense pain), and mechanoreceptors (in the inner ear).']","There are five types of basic sensory receptors, including photoreceptors, mechanoreceptors, thermoreceptors, nociceptors, and chemoreceptors.",0.6003349897921118,0.125,0.125,1,5
sciq_0160,"Breathing involves differences in what, measured in torr, between the inside of the lungs and the air outside?",science,"['Breathing involves differences in pressure, measured in torr, between the inside of the lungs and the air outside.', 'Breathing involves differences in pressure, measured in torr, between the inside of the lungs and the air outside.', 'Breathing involves differences in pressure, measured in torr, between the inside of the lungs and the air outside.', 'Breathing involves differences in pressure, measured in torr, between the inside of the lungs and the air outside.', 'Breathing involves differences in pressures between the inside of the lungs and the air outside, measured in torr.']","Breathing involves differences in pressure, measured in torr, between the inside of the lungs and the air outside.",0.9733333333333334,0.125,0.0,0,5
sciq_0161,Oxygen is an element in what form of matter?,science,"['Oxygen is an element in a gaseous form of matter.', 'Oxygen is an element in a gaseous form of matter.', 'Oxygen is an element in gaseous matter.', 'Oxygen is a chemical element that exists in the form of a gas.', 'Oxygen is an element in a gaseous form of matter.']",Oxygen is an element in a gaseous form of matter.,0.8071428571428572,0.0,0.0,1,5
sciq_0162,"Fungi often make specialized reproductive structures, such as what?",science,"['Fungi often make specialized reproductive structures, such as mushrooms.', 'Fungi often make specialized reproductive structures, such as ascocarps.', 'Fungi often make specialized reproductive structures, such as mushrooms or basidiomycetous fruiting bodies.', 'Fungi often make specialized reproductive structures, such as mushrooms.', 'Fungi often make specialized reproductive structures called mushrooms.']","Fungi often make specialized reproductive structures, such as mushrooms.",0.8161021984551396,0.19999999999999998,0.0,0,5
sciq_0163,Which is a more reliable trait or measure to identify minerals?,science,"['A more reliable trait or measure to identify minerals is their physical properties, such as hardness, luster, and color, as well as their chemical composition, which can be determined through techniques like X-ray diffraction or electron microprobe analysis.', 'Reliability in identifying minerals can be measured by their chemical composition, physical properties such as hardness, and their ability to grow crystals under specific conditions.', 'A more reliable trait or measure to identify minerals is their physical properties, such as crystal form, hardness, and optical properties, as these are often more consistent and definitive than chemical tests.', 'A more reliable trait or measure to identify minerals is their chemical composition and crystal structure, as these factors are essential for distinguishing between different minerals.', 'A more reliable trait or measure to identify minerals is their physical properties, such as color, luster, hardness, and cleavage, as these characteristics are consistent and specific to a particular mineral.']","A more reliable trait or measure to identify minerals is their physical properties, such as color, luster, hardness, and cleavage, as these characteristics are consistent and specific to a particular mineral.",0.4775252515888466,0.0,0.06666666666666667,1,5
sciq_0164,What are located along convergent and divergent plate boundaries?,science,"['Along convergent plate boundaries, mountain ranges and volcanic arcs are formed, while along divergent plate boundaries, mid-ocean ridges and rift valleys are created.', 'Convergent plate boundaries are characterized by the collision of two continental plates or a continental plate and an oceanic plate, resulting in the formation of mountains or volcanic arcs. Divergent plate boundaries, on the other hand, are marked by the separation of two plates, leading to the creation of mid-ocean ridges or rift valleys', 'Along convergent plate boundaries, deep-sea trenches are located, while mid-ocean ridges and volcanic arcs are located along divergent plate boundaries.', 'Along convergent plate boundaries, mountain ranges and volcanic arcs are formed. Divergent plate boundaries, on the other hand, are characterized by the creation of mid-ocean ridges and rift valleys.', 'Convergent plate boundaries are characterized by subduction, where one plate is forced beneath another, resulting in mountain-building processes and volcanic activity. Divergent plate boundaries, on the other hand, are marked by the creation of new crust as magma rises from the mantle to fill the gap, resulting in mid-ocean ridges']","Along convergent plate boundaries, mountain ranges and volcanic arcs are formed. Divergent plate boundaries, on the other hand, are characterized by the creation of mid-ocean ridges and rift valleys.",0.5451146050745592,0.0,0.0,1,5
sciq_0165,What term is used to describe organic compounds such as sugars and starches?,science,"['The term used to describe organic compounds such as sugars and starches is biomolecules or biomolecules like carbohydrates.', 'The term used to describe organic compounds such as sugars and starches is organic compounds.', 'The term used to describe organic compounds such as sugars and starches is biomolecules.', 'The term used to describe organic compounds such as sugars and starches is biomolecules.', 'The term used to describe organic compounds such as sugars and starches is biomolecules.']",The term used to describe organic compounds such as sugars and starches is biomolecules.,0.9040860215053763,0.0,0.0,1,5
sciq_0166,Where are liverworts most often found?,science,"['Liverworts are most often found in damp, shaded areas, such as forests, woodlands, and near water sources, due to their preference for moist environments.', 'Liverworts are most often found in moist, shaded areas such as mossy forests, swamps, and near water sources.', 'Liverworts are most often found in moist, shaded environments such as forests, bogs, and shaded gardens.', 'Liverworts are most often found in damp, shaded environments, such as forests, gardens, and wetlands.', 'Liverworts are most often found in moist, shaded environments, such as forests, woodlands, and damp gardens.']","Liverworts are most often found in moist, shaded environments, such as forests, woodlands, and damp gardens.",0.7523938284991416,0.0,0.1111111111111111,1,5
sciq_0167,What are the structural and functional units of the kidneys?,science,"['The structural and functional units of the kidneys are nephrons, which are small units responsible for filtering waste and excess substances from the blood.', 'The structural and functional units of the kidneys are nephrons, which are tiny units that filter waste and excess fluids from blood.', 'The structural and functional units of the kidneys are nephrons, which are specialized units responsible for filtering blood, regulating electrolyte balance, and removing waste products.', 'The structural and functional units of the kidneys are nephrons, which are tiny, specialized units that filter blood and remove waste products.', 'The structural and functional units of the kidneys are nephrons, which are tiny units that filter blood and produce urine.']","The structural and functional units of the kidneys are nephrons, which are tiny units that filter waste and excess fluids from blood.",0.7466514278528786,0.09523809523809523,0.0,0,5
sciq_0168,What are plants that grow on other plants called?,science,"['Plants that grow on other plants are called epiphytes.', 'Plants that grow on other plants are called epiphytes.', 'Plants that grow on other plants, such as ivy or mosses, are called epiphytes.', 'Plants that grow on other plants are called epiphytes.', 'Plants that grow on other plants are called epiphytes.']",Plants that grow on other plants are called epiphytes.,0.9130434782608695,0.19999999999999998,0.0,0,5
sciq_0169,Lyme disease is caused by what kind of organim?,science,"['Lyme disease is caused by a spirochete, specifically the bacterium Borrelia burgdorferi.', 'Lyme disease is caused by a type of tick-borne bacterial infection, specifically Borrelia burgdorferi.', 'Lyme disease is caused by the bacterium Borrelia burgdorferi.', 'Lyme disease is caused by a type of bacteria called Borrelia burgdorferi.', 'Lyme disease is caused by the bacterium Borrelia burgdorferi.']",Lyme disease is caused by the bacterium Borrelia burgdorferi.,0.75775225943647,0.0,0.2222222222222222,1,5
sciq_0170,"In an ecosystem, what do you call organisms like lions that capture and kill other animals for food?",science,"['In an ecosystem, organisms like lions that capture and kill other animals for food are called predators.', 'In an ecosystem, organisms like lions that capture and kill other animals for food are called predators.', 'In an ecosystem, organisms like lions that capture and kill other animals for food are called predators.', 'In an ecosystem, organisms like lions that capture and kill other animals for food are called predators.', 'In an ecosystem, organisms that capture and kill other animals for food are called predators.']","In an ecosystem, organisms like lions that capture and kill other animals for food are called predators.",0.9733333333333334,0.11764705882352941,0.0,0,5
sciq_0171,"What is the term for the ability of an atom to emit, or give off, charged particles and energy from its nucleus?",science,"['The term for the ability of an atom to emit, or give off, charged particles and energy from its nucleus is radioactive decay.', 'The term for the ability of an atom to emit, or give off, charged particles and energy from its nucleus is radioactivity.', 'The term for the ability of an atom to emit, or give off, charged particles and energy from its nucleus is radioactivity.', 'The term for the ability of an atom to emit, or give off, charged particles and energy from its nucleus is radioactivity.', 'The term for the ability of an atom to emit, or give off, charged particles and energy from its nucleus is radioactivity.']","The term for the ability of an atom to emit, or give off, charged particles and energy from its nucleus is radioactivity.",0.9692307692307693,0.1,0.0,0,5
sciq_0172,What do you call the study of how organisms interact with their environment and each other?,science,"['The study of how organisms interact with their environment and each other is called ecology.', 'You call the study of how organisms interact with their environment and each other ""ecology"".', 'The study of how organisms interact with their environment and each other is called ecology.', 'The study of how organisms interact with their environment and each other is called ecology.', 'The study of how organisms interact with their environment and each other is called ecology.']",The study of how organisms interact with their environment and each other is called ecology.,0.9428571428571428,0.13333333333333333,0.0,0,5
sciq_0173,Carnivores that eat herbivores are what kind of consumers?,science,"['Carnivores that eat herbivores are primary consumers.', 'Carnivores that eat herbivores are primary consumers.', 'Carnivores that eat herbivores are primary consumers.', 'Carnivores that eat herbivores are heterotrophic consumers.', 'Carnivores that eat herbivores are heterotrophic consumers, as they obtain their energy from consuming other organisms.']",Carnivores that eat herbivores are primary consumers.,0.7745341614906831,0.0,0.25,1,5
sciq_0174,What term is used to describe the development of new technology?,science,"['The term used to describe the development of new technology is ""innovation.""', 'The term used to describe the development of new technology is innovation.', 'The term used to describe the development of new technology is innovation.', 'The term used to describe the development of new technology is innovation.', 'The term used to describe the development of new technology is technological innovation.']","The term used to describe the development of new technology is ""innovation.""",0.980952380952381,0.0,0.0,1,5
sciq_0175,"Most modern seed plants are angiosperms, which produce seeds in the ovaries of what basic structure?",science,"['Most modern seed plants are angiosperms, which produce seeds in the ovaries of a modified leaf called a ""perianth.""', 'Most modern seed plants are angiosperms, and the basic structure that produces seeds in the ovaries is a flower.', 'Most modern seed plants are angiosperms, which produce seeds in the ovary of a flower.', 'Most modern seed plants are angiosperms, which produce seeds in the ovary of a flower.', 'Most modern seed plants, including angiosperms, produce seeds in the ovaries of a flower.']","Most modern seed plants are angiosperms, which produce seeds in the ovary of a flower.",0.727826354679803,0.0,0.0,1,5
sciq_0176,Hormones are often regulated through what?,science,"['Hormones are often regulated through the endocrine system, which involves a network of glands that produce and secrete hormones into the bloodstream.', 'Hormones are often regulated through the endocrine system, which involves a network of glands and organs that produce and release hormones into the bloodstream.', 'Hormones are often regulated through feedback mechanisms in the endocrine system, which involves the interaction of hormones, receptors, and regulatory factors to maintain balance and control various bodily functions.', 'Hormones are often regulated through negative feedback loops.', 'Hormones are often regulated through a complex process involving negative feedback mechanisms, where feedback from the target tissue or system helps to control hormone production and release.']","Hormones are often regulated through the endocrine system, which involves a network of glands and organs that produce and release hormones into the bloodstream.",0.4534788148993546,0.0,0.0,1,5
sciq_0177,"What process, which is in many ways the opposite of photosynthesis, shows the interdependence of producers and consumers?",science,"['The process that shows the interdependence of producers and consumers is decomposition.', 'The process in question is cellular respiration, which is the opposite of photosynthesis and demonstrates the interdependence between producers (plants and algae) and consumers.', 'The process that shows the interdependence of producers and consumers is decomposition.', 'The process that shows the interdependence of producers and consumers is decomposition.', 'The process that shows the interdependence of producers and consumers is decomposition, where dead organisms are broken down by decomposers into simpler substances.']",The process that shows the interdependence of producers and consumers is decomposition.,0.6623655913978495,0.0,0.18181818181818182,1,5
sciq_0178,A battery is a multiple connection of what kind of cells?,science,"['A battery is a multiple connection of electrochemical cells.', 'A battery is a multiple connection of electrochemical cells.', 'A battery is a multiple connection of cells.', 'A battery is a multiple connection of electrochemical cells.', 'A battery is a multiple connection of cells.']",A battery is a multiple connection of electrochemical cells.,0.9538461538461538,0.22222222222222224,0.22222222222222224,1,5
sciq_0179,What are chromosomes made of?,science,"['Chromosomes are made of DNA and proteins.', 'Chromosomes are made up of proteins and DNA, which together form a thread-like structure.', 'Chromosomes are made of DNA and proteins.', 'Chromosomes are made of DNA, which is a long molecule that carries genetic information.', 'Chromosomes are made up of DNA (deoxyribonucleic acid) and proteins.']",Chromosomes are made of DNA and proteins.,0.6526285876669509,0.6,0.4,0,5
sciq_0180,"Radiation, chemicals, and infectious agents are examples of what?",science,"['Radiation, chemicals, and infectious agents are examples of environmental contaminants.', 'Radiation, chemicals, and infectious agents are examples of environmental stressors.', 'Radiation, chemicals, and infectious agents are examples of environmental pollutants.', 'Radiation, chemicals, and infectious agents are examples of environmental stressors.', 'Radiation, chemicals, and infectious agents are examples of environmental stressors.']","Radiation, chemicals, and infectious agents are examples of environmental stressors.",0.93,0.0,0.0,1,5
sciq_0181,What is the blood in the body pumped with?,science,"['The blood in the body is pumped with the heart.', 'The blood in the body is pumped with oxygen-rich blood from the heart.', ""The blood in the body is pumped with the heart's pumping action."", 'The blood in the body is pumped with oxygenated blood from the heart.', 'The blood in the body is pumped by the heart.']",The blood in the body is pumped with the heart.,0.758422035480859,0.25,0.0,0,5
sciq_0182,What do you call the basic units of the structure and function of living things?,science,"['You call the basic units of the structure and function of living things cells.', 'The basic units of the structure and function of living things are called cells.', 'You call the basic units of the structure and function of living things cells.', 'The basic units of the structure and function of living things are called cells.', 'The basic units of the structure and function of living things are cells.']",The basic units of the structure and function of living things are cells.,0.8985507246376813,0.16666666666666669,0.0,0,5
sciq_0183,What is the measurement of something along it's greatest dimension called?,science,"['The measurement of something along its greatest dimension is called its length.', 'The measurement of something along its greatest dimension is called its ""length.""', 'The measurement of something along its greatest dimension is called its ""length.""', 'The measurement of something along its greatest dimension is called its length.', 'The measurement of something along its greatest dimension is called the length.']",The measurement of something along its greatest dimension is called its length.,0.980952380952381,0.16666666666666669,0.0,0,5
sciq_0184,"The male gametophyte releases what, which swim - propelled by their flagella - to reach and fertilize the female gamete or egg?",science,"['The male gametophyte releases sperm, which swim - propelled by their flagella - to reach and fertilize the female gamete or egg.', 'The male gametophyte releases sperm cells, which swim to the female gamete or egg using their flagella and fertilize it.', 'The male gametophyte releases sperm cells, which swim - propelled by their flagella - to reach and fertilize the female gamete or egg.', 'The male gametophyte releases sperm, which swim - propelled by their flagella - to reach and fertilize the female gamete or egg.', 'The male gametophyte releases sperm cells, which swim - propelled by their flagella - to reach and fertilize the female gamete or egg.']","The male gametophyte releases sperm cells, which swim - propelled by their flagella - to reach and fertilize the female gamete or egg.",0.9288288288288291,0.1,0.0,0,5
sciq_0185,What are the hormones that cause a plant to grow?,science,"['The hormones that cause a plant to grow include auxins, gibberellins, cytokinins, abscisic acid, and ethylene.', 'The hormones that cause a plant to grow are auxins, gibberellins, and ethylene.', 'The hormones that cause a plant to grow are auxins, gibberellins, cytokinins, ethylene, and abscisic acid.', 'The hormones that cause a plant to grow are auxins, gibberellins, and cytokinins. These hormones regulate cell elongation and cell division, promoting plant growth and development.', 'The hormones that cause a plant to grow include auxins, gibberellins, cytokinins, abscisic acid, and ethylene.']","The hormones that cause a plant to grow are auxins, gibberellins, cytokinins, ethylene, and abscisic acid.",0.7540150375939849,0.13333333333333333,0.0,0,5
sciq_0186,Traits controlled by genes on the sex chromosomes are called what?,science,"['Traits controlled by genes on the sex chromosomes are called sex-linked traits.', 'Traits controlled by genes on the sex chromosomes are called sex-linked traits.', 'Sex-linked traits are controlled by genes on the sex chromosomes.', 'Traits controlled by genes on the sex chromosomes are called sex-linked traits.', 'Sex-linked traits are controlled by genes on the sex chromosomes.']",Traits controlled by genes on the sex chromosomes are called sex-linked traits.,0.9454545454545455,0.4,0.26666666666666666,0,5
sciq_0187,"In the u. s. , the majority of electricity is produced by burning coal or what else?",science,"['The majority of electricity in the U.S. is produced by burning coal.', 'In the United States, the majority of electricity is produced by burning coal or natural gas.', 'In the United States, the majority of electricity is produced by burning coal, with a significant portion also generated by natural gas and nuclear energy.', 'In the United States, the majority of electricity is produced by burning coal.', 'In the U.S., the majority of electricity is produced by burning coal.']","In the United States, the majority of electricity is produced by burning coal.",0.7436161616161617,0.0,0.0,1,5
sciq_0188,What type of bombs put a much larger fraction of their output into thermal energy than do conventional bombs?,science,"['Thermite bombs are designed to put a larger fraction of their output into thermal energy due to their composition and design.', 'Thermite bombs put a much larger fraction of their output into thermal energy compared to conventional bombs.', 'Thermite bombs put a much larger fraction of their output into thermal energy compared to conventional bombs.', 'Nuclear bombs put a much larger fraction of their output into thermal energy compared to conventional bombs.', 'Thermite bombs and nuclear bombs put a much larger fraction of their output into thermal energy compared to conventional bombs.']",Thermite bombs put a much larger fraction of their output into thermal energy compared to conventional bombs.,0.8228968253968254,0.0,0.1111111111111111,1,5
sciq_0189,The softer connective tissue that fills the interior of most bone is referred to as what?,science,"['The softer connective tissue filling the interior of most bone is called bone marrow.', 'The softer connective tissue that fills the interior of most bone is called bone marrow.', 'The softer connective tissue that fills the interior of most bone is called bone marrow.', 'The softer connective tissue that fills the interior of most bone is called bone marrow.', 'The softer connective tissue filling the interior of most bone is referred to as bone marrow.']",The softer connective tissue that fills the interior of most bone is called bone marrow.,0.8708376068376069,0.2666666666666667,0.13333333333333336,0,5
sciq_0190,"What leaves behind crescent-shaped scars on a hillside and  may be caused by a layer of slippery, wet clay underneath the rock and soil on a hillside?",science,"['A waterfall may leave crescent-shaped scars on a hillside and may be caused by a layer of slippery, wet clay underneath the rock and soil on a hillside.', 'The leaves behind crescent-shaped scars on a hillside may be caused by a layer of slippery, wet clay underneath the rock and soil.', 'The leaves behind crescent-shaped scars on a hillside may be caused by a layer of slippery, wet clay underneath the rock and soil on a hillside.', 'A crescent-shaped scar may be left behind on a hillside due to a layer of slippery, wet clay underneath the rock and soil, causing it to become dislodged and slide during heavy rainfall or earthquakes.', 'A crescent-shaped scar on a hillside might be caused by a layer of slippery, wet clay underneath the rock and soil, which can lead to the formation of these scars.']","The leaves behind crescent-shaped scars on a hillside may be caused by a layer of slippery, wet clay underneath the rock and soil.",0.7098721673406831,0.0,0.0,1,5
sciq_0191,Do most waves strike the shore head on or at an angle?,science,"['Most waves strike the shore head on.', 'Most waves strike the shore at an angle rather than head-on.', 'Most waves strike the shore head on.', 'Most waves strike the shore at an angle rather than head-on.', 'Most waves generally strike the shore at an angle, rather than head-on.']",Most waves strike the shore at an angle rather than head-on.,0.8316526610644257,0.33333333333333337,0.33333333333333337,1,5
sciq_0192,"Two significant parts of the heat include the atrium and its counterpart, which is what?",science,"['The significant parts of the heat include the atrium and its counterpart, which is the hypothalamus.', 'The significant parts of the heat include the atrium and its counterpart, which is the condenser.', 'The two significant parts of the heat include the atrium and its counterpart, which is the radiator.', 'The two significant parts of the heat include the atrium and its counterpart, which is the cooling tower.', 'The two significant parts of the heat include the atrium and its counterpart, which is the radiators.']","The two significant parts of the heat include the atrium and its counterpart, which is the radiators.",0.882982905982906,0.0,0.0,1,5
sciq_0193,"In the microbiology lab, what technique refers to the procedures that are carried out under sterile conditions?",science,"['In the microbiology lab, the technique that refers to the procedures carried out under sterile conditions is aseptic technique.', 'The technique that refers to the procedures carried out under sterile conditions in the microbiology lab is aseptic technique.', 'In the microbiology lab, the technique that refers to the procedures carried out under sterile conditions is aseptic technique.', 'In a microbiology lab, the technique that refers to procedures carried out under sterile conditions is asepsis.', 'In the microbiology lab, the technique that refers to the procedures carried out under sterile conditions is aseptic technique.']","In the microbiology lab, the technique that refers to the procedures carried out under sterile conditions is aseptic technique.",0.9612903225806452,0.11764705882352941,0.0,0,5
sciq_0194,What structures located on chromosomes control characteristics of life and are passed from parents to offspring?,science,"['Chromosomes contain structures called genes that control the characteristics of life, and these genes are passed from parents to offspring during reproduction.', 'Structures located on chromosomes that control characteristics of life and are passed from parents to offspring are genes.', 'Chromosomes control the characteristics of life and are passed from parents to offspring through genes.', 'Chromosomes, specifically genes, located on them control the characteristics of life and are passed from parents to offspring through heredity.', 'Chromosomes control characteristics of life and are passed from parents to offspring through genes.']",Chromosomes control the characteristics of life and are passed from parents to offspring through genes.,0.8037725562725562,0.13333333333333333,0.0,0,5
sciq_0195,What is essential for population of all species to expand greatly?,science,"['For the population of all species to expand greatly, there must be an increase in resources such as food, water, and shelter, as well as a decrease in threats like predation, disease, and environmental stress.', 'For a population of all species to expand greatly, essential factors include a stable or increasing food supply, suitable living conditions, and effective reproduction and survival mechanisms.', 'For the population of all species to expand greatly, there needs to be an increase in birth rates, a decrease in death rates, or a combination of both.', ""A species' population expands greatly when it has access to ample resources, favorable environmental conditions, and a suitable reproductive rate."", ""For a species' population to expand greatly, essential factors include a favorable environment, abundant resources, stable climate, low predation, and a stable food supply.""]","For a population of all species to expand greatly, essential factors include a stable or increasing food supply, suitable living conditions, and effective reproduction and survival mechanisms.",0.3617586344392651,0.0,0.0,1,5
sciq_0196,The left atrium receives oxygen-rich blood from which organs?,science,"['The left atrium receives oxygen-rich blood from the lungs.', 'The left atrium receives oxygen-rich blood from the lungs.', 'The left atrium receives oxygen-rich blood from the heart and lungs.', 'The left atrium receives oxygen-rich blood from the lungs.', 'The left atrium receives oxygen-rich blood from the lungs.']",The left atrium receives oxygen-rich blood from the lungs.,0.9555555555555555,0.2222222222222222,0.0,0,5
sciq_0197,What does the term decay in chemistry refer to with regards to atoms?,science,"['In chemistry, ""decay"" refers to the process of atoms losing or gaining particles such as electrons or protons, leading to changes in their composition and stability.', 'In chemistry, ""decay"" refers to the process by which an atom loses or gains electrons, resulting in a change in its atomic structure.', 'In chemistry, the term ""decay"" refers to the process of atoms losing or gaining electrons, resulting in the formation of a different element or a different form of the same element.', 'In chemistry, ""decay"" refers to the process by which atoms lose or gain electrons, resulting in changes to their atomic structure and stability.', 'In chemistry, the term ""decay"" refers to the process by which an atom loses or gains electrons, resulting in a change in its atomic structure and properties.']","In chemistry, the term ""decay"" refers to the process by which an atom loses or gains electrons, resulting in a change in its atomic structure and properties.",0.5649393314640717,0.07692307692307691,0.07692307692307691,1,5
sciq_0198,Where fossils of the genus eomaia found?,science,"['Fossils of the genus Eomaia were found in the Early Eocene epoch in China.', 'Fossils of the genus Eomaia were found in the 1990s in the Liaoning region of northeastern China.', 'Fossils of the genus Eomaia were found in China.', 'Fossils of the genus Eomaia were found in the early Eocene epoch in China.', 'Fossils of the genus Eomaia were found in the Yixian Formation in China.']",Fossils of the genus Eomaia were found in the Early Eocene epoch in China.,0.7839210766350354,0.15384615384615385,0.0,0,5
sciq_0199,A food web can be broken up into what further subdivision that usually has a few links in it?,science,"['A food web can be broken down into a food chain, which is a series of interconnected links that show the flow of energy and nutrients from one organism to another.', 'A food web can be broken up into a food chain, which typically has a few links in it.', 'A food web can be broken down into a food chain or a series of interconnected food chains.', 'A food web can be broken up into a food chain, which typically consists of a few links and shows the flow of energy from one organism to another.', 'A food web can be broken down into a food chain, which usually has a few links in it.']","A food web can be broken down into a food chain, which usually has a few links in it.",0.5909909427571313,0.2222222222222222,0.1111111111111111,0,5
