qid,question,category,sampled_answers,representative_answer,agreement_score,correct_sim,incorrect_sim,label,llm_calls
sciq_0000,What term means the set of processes by which metals are extracted from their ores and converted to more useful forms?,science,"['The term is smelting.', 'The term for this process is metallurgy.', 'The term that refers to the process of extracting metals from ore and converting them into useful forms is metallurgy.', 'The term is ""mining process.""', 'The term that means the set of processes by which metals are extracted from their ores and converted to more useful forms is metallurgy.']","The term is ""mining process.""",0.34905416805416806,0.0,0.0,1,5
sciq_0001,What do charged particles in motion generate?,science,"['Charged particles in motion generate electromagnetic fields.', 'Charged particles in motion generate electromagnetic radiation such as light or radio waves.', 'Charged particles in motion generate electromagnetic radiation such as light.', 'Charged particles in motion generate electromagnetic fields.', 'Charged particles in motion generate electromagnetic waves, including light.']",Charged particles in motion generate electromagnetic fields.,0.7445444755809542,0.22222222222222224,0.22222222222222224,1,5
sciq_0002,"During a human pregnancy, which trimester exhibits the greatest growth of the fetus and culminates in labor and delivery?",science,"['The third trimester exhibits the greatest growth of the fetus and culminates in labor and delivery.', 'The third trimester exhibits the greatest growth of the fetus and culminates in labor and delivery.', 'The second trimester exhibits the greatest growth of the fetus and culminates in labor and delivery.', 'The third trimester exhibits the greatest growth of the fetus and culminates in labor and delivery.', 'The second trimester is when the greatest fetal growth occurs and culminates in labor and delivery.']",The third trimester exhibits the greatest growth of the fetus and culminates in labor and delivery.,0.8509971509971509,0.2666666666666667,0.13333333333333336,0,5
sciq_0003,What is part of a large fungus that lives underground?,science,"['Hyphae are part of a large fungus that lives underground.', 'Hyphae, which form extensive networks underground.', 'Part of a large fungus living underground includes mycelium networks.', 'Hyphae.', 'Mycelium is part of a large fungus that lives underground.']",Hyphae are part of a large fungus that lives underground.,0.3152380952380952,0.0,0.0,1,5
sciq_0004,The interaction between atomic orbitals is greatest when they have the same what?,science,"['The interaction between atomic orbitals is greatest when they have the same spin.', 'The interaction between atomic orbitals is greatest when they have the same orientation.', 'The interaction between atomic orbitals is greatest when they have the same orientation.', 'The interaction between atomic orbitals is greatest when they have the same spin.', 'The interaction between atomic orbitals is greatest when they have the same orientation.']",The interaction between atomic orbitals is greatest when they have the same orientation.,0.9454545454545455,0.0,0.0,1,5
sciq_0005,What is the general name for a group of atoms derived from an alkane?,science,"['A general name for a group of atoms derived from an alkane is an alkyl group.', 'A general name for a group of atoms derived from an alkane is an alkyl group.', 'A general name for a group of atoms derived from an alkane is an alkyl group.', 'A general name for a group of atoms derived from an alkane is a hydrocarbon group.', 'A general name for a group of atoms derived from an alkane is an alkyl group.']",A general name for a group of atoms derived from an alkane is an alkyl group.,0.9666666666666666,0.2857142857142857,0.14285714285714285,0,5
sciq_0006,What is one thing that cell membranes are permeable to?,science,"['One thing that cell membranes are permeable to is small molecules such as oxygen and carbon dioxide for gas exchange.', 'One thing that cell membranes are permeable to is small molecules like water and ions.', 'One thing that cell membranes are permeable to is small molecules such as water and oxygen.', 'Cell membranes are permeable to small molecules like water, oxygen, and carbon dioxide.', 'One thing that cell membranes are permeable to is water.']",One thing that cell membranes are permeable to is small molecules such as water and oxygen.,0.7119334749498699,0.0,0.0,1,5
sciq_0007,What evolutionary process has adapted protonephridia to different tasks in different environments?,science,"['The evolution of protonephridia involves specialization for specific functions based on environmental needs, such as nitrogen excretion and osmoregulation.', 'Protonephridia evolved as an adaptive trait that allows for efficient waste removal and excretion under various environmental conditions through specialized functions such as filtration and absorption.', 'Protonephridia have evolved through modification of the primitive gut into specialized excretory systems that can adapt to various environmental needs.', 'The evolution of protonephridia involves their adaptation to various functions in response to environmental pressures.', 'The evolution of protonephridia, which allows for more efficient waste removal compared to simpler systems, enables organisms to adapt their functions according to environmental needs.']","The evolution of protonephridia, which allows for more efficient waste removal compared to simpler systems, enables organisms to adapt their functions according to environmental needs.",0.31961475383183724,0.0,0.0,1,5
sciq_0008,Melting ice is drastically impacting the number of what at glacier national park?,science,"['Melting ice is dramatically altering the ecosystem by affecting the species that depend on glaciers for habitat and resources.', 'Melting ice is drastically affecting the number of glaciers in Glacier National Park.', 'Melting ice is drastically affecting the number of glaciers in Glacier National Park.', 'Melting ice is drastically impacting the number of glaciers at Glacier National Park.', 'Melting ice is drastically affecting the number of glaciers at Glacier National Park.']",Melting ice is drastically affecting the number of glaciers in Glacier National Park.,0.6727011494252875,0.14285714285714285,0.0,0,5
sciq_0009,Where do mushrooms get their energy?,science,"['Mushrooms obtain their energy through photosynthesis from sunlight absorbed by chlorophyll in their cells.', 'Mushrooms obtain their energy from absorbing nutrients through their mycelium network from the surrounding environment, primarily breaking down organic matter.', 'Mushrooms obtain their energy from organic matter through decomposition or parasitism.', 'Mushrooms obtain their energy from decomposing organic matter through a symbiotic relationship with mycorrhizal fungi.', 'Mushrooms obtain energy through photosynthesis from sunlight and organic matter absorbed by their hyphae network.']",Mushrooms obtain energy through photosynthesis from sunlight and organic matter absorbed by their hyphae network.,0.5377171361430996,0.0,0.0,1,5
sciq_0010,Which part of the atmosphere do greenhouse gasses trap heat in?,science,"[""Greenhouse gases trap heat in the lower portion of the atmosphere, specifically between the Earth's surface and about 15-30 km above it."", 'Greenhouse gases trap heat in the lower atmosphere, specifically within the troposphere.', 'Greenhouse gases trap heat in the lower atmosphere, specifically within the troposphere.', 'Greenhouse gases trap heat in the lower portion of the atmosphere, primarily in the troposphere.', ""Greenhouse gases trap heat in the lower portion of the atmosphere, specifically between the Earth's surface and about 20 kilometers up.""]","Greenhouse gases trap heat in the lower atmosphere, specifically within the troposphere.",0.6516351501668521,0.18181818181818182,0.0,0,5
sciq_0011,The lens and other parts of the eye work together to focus a real image on what eye structure?,science,"['The lens and other parts of the eye work together to focus a real image on the retina.', 'The lens and other parts of the eye work together to focus a real image on the retina.', 'The lens and other parts of the eye work together to focus a real image on the retina.', 'The lens and other parts of the eye work together to focus a real image onto the retina.', 'The lens and other parts of the eye work together to focus a real image on the retina.']",The lens and other parts of the eye work together to focus a real image on the retina.,0.9714285714285715,0.13333333333333333,0.0,0,5
sciq_0012,Reacting with metal is one thing that distinguishes acids from what?,science,"['Acids react with metals to produce hydrogen gas.', 'Acids distinguish themselves from bases by reacting with metals to release hydrogen gas.', 'Acids from bases.', 'Acids react with metals to produce hydrogen gas.', 'Acids distinguish themselves from bases by reacting with metals to release hydrogen gas.']",Acids distinguish themselves from bases by reacting with metals to release hydrogen gas.,0.5399350649350649,0.14285714285714288,0.14285714285714288,1,5
sciq_0013,What takes place where septa is found?,science,"['Septa typically refers to partitions or walls within buildings that divide spaces.', 'Septa refers to partitions or walls that divide spaces within buildings. They are typically located inside structures such as houses, offices, schools, or other types of dwellings.', 'Septa typically refers to partitions or walls that divide spaces within buildings or structures.', 'Septa take place inside cells.', 'Septums are typically found within the human body, particularly in organs like the heart and lungs, though they can also be present in other parts of the body such as intestines and blood vessels.']",Septa typically refers to partitions or walls that divide spaces within buildings or structures.,0.3027072798116457,0.0,0.0,1,5
sciq_0014,What branch of science explains much of what you observe and do in your daily life?,science,"['Physics explains much of what we observe and do in our daily lives.', 'The branch of science that explains much of what you observe and do in your daily life is psychology.', 'Physics.', 'Physics.', 'Physics explains much of what you observe and do in your daily life.']",Physics explains much of what you observe and do in your daily life.,0.369549805033676,0.0,0.0,1,5
sciq_0015,What theory states that there is no interaction between individual gas particles?,science,"['The theory that states there is no interaction between individual gas particles is known as the kinetic molecular theory.', 'The Kinetic Theory of Gases states that there is no significant interaction between individual gas particles.', 'The theory that states there is no interaction between individual gas particles is known as the kinetic molecular theory of gases.', 'The theory stating that there is no interaction between individual gas particles is known as the Kinetic Molecular Theory.', 'The theory that states there is no interaction between individual gas particles is called the kinetic molecular theory.']",The theory that states there is no interaction between individual gas particles is known as the kinetic molecular theory.,0.8424451378791986,0.21052631578947367,0.10526315789473684,0,5
sciq_0016,"Most mammals are viviparous, which refers to what reproductive result?",science,"['Most mammals reproduce via live birth (viviparity).', 'Most mammals are viviparous, which means they give birth to live young instead of laying eggs.', 'Most mammals reproduce by giving birth to live young rather than laying eggs.', 'Most mammals reproduce by giving birth to live young rather than laying eggs.', 'Most mammals are viviparous, which means they have live birth instead of laying eggs.']",Most mammals reproduce by giving birth to live young rather than laying eggs.,0.5587782299326528,0.2666666666666667,0.2666666666666667,1,5
sciq_0017,Toxins and poisons are ______ enzyme inhibitos,science,"['They are substances that inhibit enzymes.', 'Toxins and poisons inhibit enzymes.', 'Toxins and poisons inhibit enzymes.', 'poisonous to', 'Toxins and poisons inhibit enzymes.']",Toxins and poisons inhibit enzymes.,0.40909090909090906,0.0,0.0,1,5
sciq_0018,How did the first seed plants form seeds?,science,"['The first seed plants formed seeds by evolving reproductive structures that enclosed their eggs, allowing for increased protection and dispersal of viable embryos.', 'The first seed plants developed from spore-producing ancestors that evolved reproductive structures to produce viable offspring.', 'The first seed plants evolved to produce seeds as an adaptation for land colonization due to environmental pressures that favored spore production over direct reproduction methods on land.', 'The first seed plants formed seeds through an evolutionary process that involved specialized organs for reproduction leading to their development of seed structures.', 'The first seed plants developed seeds as an adaptation to terrestrial environments, reducing their reliance on water for reproduction by producing spores that could survive dry conditions.']",The first seed plants formed seeds through an evolutionary process that involved specialized organs for reproduction leading to their development of seed structures.,0.36338054122876795,0.0,0.0,1,5
sciq_0019,"A thermite reaction is thermodynamically spontaneous, and because it is associated with a significant release of heat, it is regarded as what?",science,"['It is considered an exothermic reaction.', 'It is considered an exothermic reaction.', 'It is considered an exothermic process due to its high thermal output.', 'It is considered an exothermic process due to its significant release of heat energy.', 'It is regarded as an exothermic reaction.']",It is considered an exothermic reaction.,0.5678831660255809,0.33333333333333337,0.0,0,5
sciq_0020,"The right and left hip bones, with the addition of the sacrum and coccyx form what section of the skeleton?",science,"['It forms part of the pelvis, which is an important structure connecting the trunk to the lower limbs.', 'The right and left hip bones, along with the sacrum and coccyx, form the pelvis section of the skeleton.', 'They form the pelvis.', 'The pelvis is formed by the right and left hip bones, along with the sacrum and coccyx.', 'They form the pelvis.']",They form the pelvis.,0.2954441546733636,0.5,0.0,0,5
sciq_0021,Organs involved in digestion that do not have food pass through them are called?,science,"['The organs involved in digestion that do not have food passing through them are called exocrine glands.', 'The organs involved in digestion that do not have food passing through them are called exocrine glands.', 'The organs involved in digestion that do not contain food are called the intestines.', 'The organs involved in digestion that do not have food passing through them are called exocrine glands.', 'The organs involved in digestion that do not contain food are called absorptive glands or absorptive epithelia.']",The organs involved in digestion that do not have food passing through them are called exocrine glands.,0.7991071428571429,0.1111111111111111,0.1111111111111111,1,5
sciq_0022,"Sponges exemplify what type of arrangement, where different cells are specialized for different functions, but each cell works alone?",science,"['Sponges exemplify an animal body plan known as radial symmetry, where cells are specialized for different functions within the same individual, though they work independently.', 'Sponges exemplify an unorganized, decentralized arrangement where different cells specialize for various functions, but each works independently.', 'Sponges exemplify an organized, but decentralized arrangement where individual cells specialize for various functions, yet they work independently.', 'Sponges exemplify simple multicellular arrangements where different cells are specialized for different functions, though they work independently.', 'Sponges exemplify an animal body plan known as radial symmetry, where all cells work independently.']","Sponges exemplify an animal body plan known as radial symmetry, where cells are specialized for different functions within the same individual, though they work independently.",0.5112018971506636,0.0,0.0,1,5
sciq_0023,What form the skeletons of most organic molecules?,science,"['Most organic molecules are composed primarily of carbon atoms.', 'Most organic molecules have carbon-based skeletons.', 'Most organic molecules are composed primarily of carbon atoms bonded to hydrogen atoms.', 'Most organic molecules are built from carbon atoms forming covalent bonds with other atoms, primarily hydrogen, oxygen, nitrogen, and sulfur.', 'Most organic molecules consist of carbon-based chains and rings that form their skeletal structure.']",Most organic molecules are composed primarily of carbon atoms.,0.4556760544691579,0.1818181818181818,0.0,0,5
sciq_0024,What type of eclipse happens when a full moon moves through earth's shadow?,science,"[""A lunar eclipse occurs when a full moon passes through Earth's umbra (shadow)."", ""A lunar eclipse occurs when a full moon passes through Earth's umbra, the darkest part of its shadow."", ""A lunar eclipse occurs when a full moon passes through Earth's umbra (dark outer part) during its orbit around the Sun."", ""A lunar eclipse occurs when a full moon passes through Earth's umbra, the darker outer part of its shadow."", ""A lunar eclipse occurs when a full moon passes through Earth's umbra, the darkest part of its shadow.""]","A lunar eclipse occurs when a full moon passes through Earth's umbra, the darkest part of its shadow.",0.8333223222210986,0.11764705882352941,0.0,0,5
sciq_0025,Enzymes can catalyze up to several million reactions per what?,science,"['Enzymes can catalyze up to several million reactions per second.', 'Enzymes can catalyze up to several million reactions per second.', 'Enzymes can catalyze up to several million reactions per second.', 'enzymes can catalyze up to several million reactions per second.', 'Enzymes can catalyze up to several million reactions per second.']",Enzymes can catalyze up to several million reactions per second.,1.0,0.18181818181818182,0.0,0,5
sciq_0026,The lithosphere is divided into a dozen major and several minor what?,science,"['The lithosphere is divided into a dozen major tectonic plates and several minor fault zones.', 'The lithosphere is divided into a dozen major tectonic plates and several minor subdivisions.', 'The lithosphere is divided into a dozen major tectonic plates and several minor fault zones.', 'The lithosphere is divided into a dozen major plates and several minor subdivisions.', 'The lithosphere is divided into a dozen major and several minor tectonic plates.']",The lithosphere is divided into a dozen major and several minor tectonic plates.,0.9082134387351777,0.16666666666666669,0.0,0,5
sciq_0027,The energy required to remove an electron from a gaseous atom is called?,science,"['The energy required to remove an electron from a gaseous atom is called ionization energy.', 'The energy required to remove an electron from a gaseous atom is called ionization energy.', 'Ionization energy.', 'The energy required to remove an electron from a gaseous atom is called ionization energy.', 'The energy required to remove an electron from a gaseous atom is called ionization energy.']",The energy required to remove an electron from a gaseous atom is called ionization energy.,0.7142857142857142,0.2857142857142857,0.14285714285714285,0,5
sciq_0028,"What substance, which forms igneous rock, flows out in rivers of lava when it reaches the surface?",science,"[""Molten magma is the substance that forms igneous rocks and flows as lava when reaching the Earth's surface."", ""Molten rock that has erupted onto the Earth's surface is called lava."", ""Magma is the substance that, when it reaches the Earth's surface as lava, forms igneous rocks through cooling and solidification processes."", ""Molten rock called magma is what flows out in rivers of lava when it reaches the Earth's surface."", ""Magma is the substance that, when it reaches the Earth's surface as lava from an eruption, forms igneous rocks.""]",Molten magma is the substance that forms igneous rocks and flows as lava when reaching the Earth's surface.,0.5639414146489516,0.1111111111111111,0.0,0,5
sciq_0029,What is it called when birds keep their eggs warm while the embryos inside develop?,science,"['It is called incubation.', ""It's called incubation."", 'It is called incubation.', ""It's called incubation."", 'It is called incubation.']",It is called incubation.,0.85,0.4,0.0,0,5
sciq_0030,The lancelet lacks what feature that distinguishes vertebrates?,science,"['Lancelets lack a backbone that distinguishes them from other vertebrates.', 'The lancelet lacks a backbone, which is a key feature that distinguishes vertebrates from other animals.', 'Lancelets lack a backbone that distinguishes them from other vertebrates.', 'Lancelets lack a backbone that distinguishes them from other vertebrates.', 'The lancelet lacks a backbone that distinguishes it from other vertebrates.']",Lancelets lack a backbone that distinguishes them from other vertebrates.,0.7363636363636364,0.19999999999999998,0.0,0,5
sciq_0031,What are the smallest structural and functional unit of all living organisms?,science,"['The smallest structural and functional unit of all living organisms is the cell.', 'The smallest structural and functional unit of all living organisms is the cell.', 'The smallest structural and functional unit of all living organisms is the cell.', 'The smallest structural and functional unit of all living organisms is the cell.', 'The smallest structural and functional unit of all living organisms is the cell.']",The smallest structural and functional unit of all living organisms is the cell.,1.0,0.0,0.0,1,5
sciq_0032,Population size is the number of what in a population?,science,"['The population size refers to the total count of individuals within a given group or area.', 'The number of individuals in a population.', 'Population size is the number of individuals in a population.', 'The number of individuals in a population.', 'Population size is the number of individuals within a given area or time period.']",The number of individuals in a population.,0.5767257056668822,0.33333333333333337,0.0,0,5
sciq_0033,What does jupiter reflect a lot of due to its size?,science,"['Jupiter reflects a lot of light due to its size because it has a strong magnetic field that causes charged particles from the sun to be attracted towards it, which then bounce off into space and back again, effectively making Jupiter glow brightly.', 'Jupiter reflects a lot of sunlight due to its large size.', 'Jupiter reflects a lot of light due to its size, with an average albedo (reflectivity) of about 0.42, making it one of the brightest objects in the night sky after the moon.', 'Jupiter reflects a lot of light due to its size because it is composed mainly of hydrogen and helium gases that scatter sunlight effectively.', 'Jupiter reflects a lot of sunlight due to its immense size, which makes it the brightest object in the night sky other than the moon.']","Jupiter reflects a lot of sunlight due to its immense size, which makes it the brightest object in the night sky other than the moon.",0.44203416219856156,0.0909090909090909,0.0,0,5
sciq_0034,There are 20 different common amino acids needed to make what organic compound?,science,"['There are 20 different common amino acids needed to make proteins.', 'There are 20 different common amino acids needed to make proteins.', 'There are 20 different common amino acids needed to make proteins.', 'There are 20 different common amino acids needed to make proteins.', 'There are 20 different common amino acids that are used to make proteins.']",There are 20 different common amino acids needed to make proteins.,0.9333333333333333,0.16666666666666669,0.0,0,5
sciq_0035,Non-human organisms that mainly consume plants/other primary producers are known as what?,science,"['Herbivores', 'Herbivores.', 'Herbivores.', 'Herbivores.', 'Herbivores.']",Herbivores,1.0,1.0,0.0,0,5
sciq_0036,What is the mechanism by which favorable traits become more common in organisms over the course of generations?,science,"['Favorable traits become more common through natural selection, where individuals with those traits are more likely to survive and reproduce.', 'Favorable traits become more common through natural selection, where individuals with these traits are more likely to survive and reproduce, passing them on to their offspring.', 'Favorable traits become more common through natural selection, where individuals with these traits have an advantage that increases their survival and reproduction rates.', 'Favorable traits become more common through natural selection, where individuals with these traits have better chances of survival and reproduction, passing them on to their offspring.', 'Favorable traits become more common through natural selection, where individuals with these traits have higher survival rates and reproduce more successfully, passing them on to their offspring.']","Favorable traits become more common through natural selection, where individuals with these traits have higher survival rates and reproduce more successfully, passing them on to their offspring.",0.7273983296845413,0.13793103448275862,0.06896551724137931,0,5
sciq_0037,How do multicellular organisms grow in size?,science,"['Multicellular organisms grow through cell division, differentiation, and increased cell number over time, often driven by nutrient availability and environmental factors.', 'Multicellular organisms grow through cell division and differentiation into new cells that add to their body size and structure over time.', 'Multicellular organisms grow by increasing cell numbers through mitosis and expanding their volume through cellular expansion.', 'Multicellular organisms typically grow by increasing their cell number through division and maintaining an adequate supply of nutrients to support growth.', 'Multicellular organisms grow by increasing their cell number through cell division and maintaining an overall increase in body size due to growth factors.']",Multicellular organisms grow by increasing their cell number through cell division and maintaining an overall increase in body size due to growth factors.,0.48222217522005567,0.28571428571428575,0.28571428571428575,1,5
sciq_0038,A vapor light produces visible light by what process?,science,"['A vapor light produces visible light through the incandescence of heated gases.', 'A vapor light produces visible light through the process of incandescence.', 'A vapor light produces visible light through plasma emission.', 'A vapor light produces visible light through the thermal emission of ultraviolet radiation when an electric current passes through a gas discharge tube containing inert gases like neon or argon.', 'A vapor light produces visible light through the process of electroluminescence.']",A vapor light produces visible light through the process of incandescence.,0.6202476780185759,0.0,0.0,1,5
sciq_0039,Which kind of muscle regulates air flow in lungs?,science,"['The diaphragm is the primary muscle that regulates air flow in the lungs.', 'The diaphragm is the primary muscle that regulates air flow in the lungs.', 'The diaphragm is the primary muscle that regulates air flow in the lungs.', 'The diaphragm is the primary muscle that regulates air flow in the lungs.', 'The diaphragm is the primary muscle that regulates air flow into and out of the lungs.']",The diaphragm is the primary muscle that regulates air flow in the lungs.,0.9130434782608695,0.0,0.0,1,5
sciq_0040,"What useful tool helps scientists work with, understand and make predictions about extremely complex systems?",science,"['Computational tools help scientists work with, understand, and make predictions about extremely complex systems.', 'Scientists use computer simulations to help work with, understand, and make predictions about extremely complex systems.', 'Computer simulations help scientists work with, understand, and make predictions about extremely complex systems.', 'Computational modeling is a useful tool that helps scientists work with, understand, and make predictions about extremely complex systems.', 'A computer model is a useful tool that helps scientists work with, understand, and make predictions about extremely complex systems.']","Computer simulations help scientists work with, understand, and make predictions about extremely complex systems.",0.7707306255835669,0.0,0.0,1,5
sciq_0041,Water can be broken down into hydrogen and oxygen gases by the addition of what?,science,"['Electrolysis with electricity is used to break water down into hydrogen and oxygen gases.', 'Electrolysis with electricity.', 'Electrolysis', 'Electrolysis with electricity.', 'Electrolysis']",Electrolysis with electricity.,0.4972549019607843,0.0,0.0,1,5
sciq_0042,A moraine is sediment deposited by what?,science,"['A moraine is sediment deposited by glacial movement.', 'A moraine is sediment deposited by glaciers.', 'A moraine is sediment deposited by glacial movement.', 'A moraine is sediment deposited by flowing ice.', 'A moraine is sediment deposited by glaciers.']",A moraine is sediment deposited by glaciers.,0.8043956043956044,0.0,0.0,1,5
sciq_0043,Hertz proved that what type of waves travel at the speed of light?,science,"['Hertz proved that electromagnetic waves travel at the speed of light.', 'Hertz proved that electromagnetic waves travel at the speed of light.', 'Hertz proved that electromagnetic waves travel at the speed of light.', 'Hertz proved that electromagnetic waves travel at the speed of light.', 'Hertz proved that electromagnetic waves travel at the speed of light.']",Hertz proved that electromagnetic waves travel at the speed of light.,1.0,0.18181818181818182,0.0,0,5
sciq_0044,What does a continuous string of earthquakes indicate about a volcano?,science,"['A continuous string of earthquakes indicates that a volcano is likely to be erupting or may soon do so.', 'A continuous string of earthquakes indicates that a volcano is likely to erupt soon.', 'A continuous string of earthquakes typically indicates that a volcano is experiencing increased activity and potential danger.', 'A continuous string of earthquakes indicates that magma is actively moving beneath the volcano, suggesting an imminent eruption or ongoing volcanic activity.', ""A continuous string of earthquakes indicates that a volcano is likely to be erupting or has recently erupted, as magma rises through the Earth's crust.""]",A continuous string of earthquakes indicates that a volcano is likely to erupt soon.,0.5515425758409707,0.13333333333333333,0.13333333333333333,1,5
sciq_0045,Mollusks have a true coelom and a complete what?,science,"['Mollusks have a true coelom and a complete digestive system.', 'Mollusks have a true coelom and a complete digestive system.', 'Mollusks have a true coelom and a complete digestive system.', 'Mollusks have a true coelom and a complete digestive system.', 'Mollusks have a true coelom and a complete digestive system.']",Mollusks have a true coelom and a complete digestive system.,1.0,0.4,0.2,0,5
sciq_0046,What is a large molecule with many repeating units?,science,"['A large molecule composed of many repeating units is called a polymer.', 'A polymer is a large molecule composed of many repeated subunits.', 'A large molecule with many repeating units is called a polymer.', 'A polymer is a large molecule composed of many repeating units.', 'A macromolecule with many repeating units is a polymer.']",A polymer is a large molecule composed of many repeating units.,0.6975662194702442,0.19999999999999998,0.0,0,5
sciq_0047,How many viruses that can cause cancer in humans have been identified by scientists?,science,"['There are at least 40 viruses known to cause cancer in humans.', 'Approximately 100 different viruses have been identified as capable of causing cancer in humans.', 'Scientists have identified over 100 viruses that can cause cancer in humans.', 'Scientists have identified over 100 viruses known to potentially cause cancer in humans.', 'Scientists have identified over 50 types of viruses known to cause cancer in humans.']",Scientists have identified over 100 viruses known to potentially cause cancer in humans.,0.5686923076923077,0.0,0.0,1,5
sciq_0048,What geologic era is also known as the age of mammals?,science,"['The Mesozoic Era, also known as the Age of Dinosaurs.', 'The Mesozoic Era, often referred to as the Age of Dinosaurs and later as the Age of Mammals due to their dominance after the extinction of dinosaurs at the end of the Cretaceous Period.', 'The geologic era also known as the Age of Mammals is the Pleistocene Epoch.', 'The Mesozoic Era is also known as the Age of Mammals.', 'The Paleogene period is also known as the age of mammals.']",The Mesozoic Era is also known as the Age of Mammals.,0.5505459615366737,0.1818181818181818,0.3636363636363636,1,5
sciq_0049,What 3 things do animals need to live and survive?,science,"['Animals need food, water, and shelter for survival.', 'Animals require food, water, and shelter for survival.', 'Animals need food for energy, water for hydration, and shelter from predators and extreme weather conditions.', 'Animals require food for energy, water for hydration, and shelter from predators and extreme weather conditions.', 'Animals need food, water, and shelter to survive and thrive.']","Animals need food, water, and shelter for survival.",0.6201388888888889,0.5,0.5,1,5
sciq_0050,What type of particle collides with an atom of u-235 during the basic nuclear fission process?,science,"['Neutrons collide with an atom of U-235 during the basic nuclear fission process.', 'Neutrons collide with an atom of U-235 during the basic nuclear fission process.', 'Neutron.', 'Neutrons collide with an atom of U-235 during the basic nuclear fission process.', 'Neutrons collide with an atom of U-235 during the basic nuclear fission process.']",Neutrons collide with an atom of U-235 during the basic nuclear fission process.,0.6,0.0,0.0,1,5
sciq_0051,Earth's axis is an imaginary line passing through which poles?,science,"[""The Earth's axis is an imaginary line passing through its geographic north and south poles."", ""The Earth's axis is an imaginary line passing through its North Pole and South Pole."", ""Earth's axis is an imaginary line passing through its North Pole and South Pole."", ""The Earth's axis is an imaginary line that passes through its north and south poles."", ""The Earth's axis is an imaginary line passing through its geographic north and south poles.""]",The Earth's axis is an imaginary line passing through its geographic north and south poles.,0.8714285714285713,0.35294117647058826,0.23529411764705882,0,5
sciq_0052,"In a plant, the flower contains what?",science,"['A flower contains reproductive parts such as petals, sepals, stamens (male), and pistils (female).', 'The flower contains reproductive organs including stamens for male pollen production and carpels for female ovary storage.', 'The flower contains reproductive organs for sexual reproduction in plants.', 'The flower contains reproductive parts of a plant including petals, sepals, stamens (male), and carpels (female).', 'The flower contains reproductive organs such as stamens (male parts) and carpels (female parts).']",The flower contains reproductive organs such as stamens (male parts) and carpels (female parts).,0.5177319654081274,0.125,0.125,1,5
sciq_0053,What cycle is part of cellular respiration and makes atp and naph?,science,"['The Calvin Cycle is part of cellular respiration and makes ATP and NADPH.', 'The electron transport chain is part of cellular respiration that generates ATP and NADH.', 'The electron transport chain (ETC) is part of cellular respiration that makes ATP and NADH.', 'The Calvin Cycle is part of cellular respiration and produces ATP and NADPH.', 'The electron transport chain (ETC) is part of cellular respiration that generates ATP and NADH.']",The electron transport chain is part of cellular respiration that generates ATP and NADH.,0.7047859177859178,0.0,0.0,1,5
sciq_0054,What are people with osteoporosis at increased risk of?,science,"['People with osteoporosis are at increased risk of fractures, especially of the hip, spine, and wrist.', 'People with osteoporosis are at increased risk of fractures, especially in the hip, spine, and wrist.', 'People with osteoporosis are at increased risk of fractures, especially in the hip, spine, and wrist.', 'People with osteoporosis are at increased risk of fractures, especially hip, spine, and wrist fractures.', 'People with osteoporosis are at increased risk of fractures, particularly of the hip, spine, and wrist.']","People with osteoporosis are at increased risk of fractures, especially of the hip, spine, and wrist.",0.9200000000000002,0.11764705882352941,0.0,0,5
sciq_0055,What is the most abundant metal of the earth's crust?,science,"[""The most abundant metal in the Earth's crust is aluminum."", ""Iron is the most abundant metal in the Earth's crust."", ""Iron is the most abundant metal in the Earth's crust."", ""The most abundant metal in the Earth's crust is aluminum."", ""Iron is the most abundant metal in Earth's crust.""]",Iron is the most abundant metal in the Earth's crust.,0.9333333333333333,0.0,0.0,1,5
sciq_0056,What is the middle layer of connective tissue called?,science,"['The middle layer of connective tissue is called the reticular layer.', 'The middle layer of connective tissue is called the dermis.', 'The middle layer of connective tissue is called the dermis.', 'The middle layer of connective tissue is called the dermis.', 'The middle layer of connective tissue is called the dermis.']",The middle layer of connective tissue is called the dermis.,0.9294117647058824,0.0,0.0,1,5
sciq_0057,About how tall can mid-ocean ridges be?,science,"['Mid-ocean ridges can extend for hundreds of kilometers and reach depths exceeding 10 km deep.', 'Mid-ocean ridges can reach heights of several kilometers above sea level.', 'Mid-ocean ridges can be up to several kilometers wide and extend for thousands of kilometers along oceanic crust.', 'Mid-ocean ridges can reach heights of several kilometers above sea level.', 'Mid-ocean ridges typically extend for hundreds to thousands of kilometers, with some reaching over 7000 meters in depth at their peaks.']",Mid-ocean ridges can reach heights of several kilometers above sea level.,0.4865823836677824,0.0,0.0,1,5
sciq_0058,"Competition that occurs between members of the same species, which improves the species’ adaptations, is called what?",science,"['Natural selection.', 'It is called natural selection.', 'Natural selection.', 'Intraspecific competition is the term used for competition occurring between members of the same species.', 'Intraspecific competition.']",Natural selection.,0.25206349206349205,0.0,0.0,1,5
sciq_0059,What is the term for a measure of both speed and direction?,science,"['The term for a measure of both speed and direction is velocity.', 'The term for a measure of both speed and direction is velocity.', 'The term for a measure of both speed and direction is velocity.', 'The term for a measure of both speed and direction is velocity.', 'The term for a measure of both speed and direction is velocity.']",The term for a measure of both speed and direction is velocity.,1.0,0.18181818181818182,0.0,0,5
sciq_0060,"Cnidarians are an example of organisms that possess a simple type of what system, used for sensing touch?",science,"['Cnidarians possess a simple nervous system used for sensing touch.', 'Cnidarians have a simple nervous system used for sensing touch.', 'Cnidarians have a simple nervous system used for sensing touch.', 'Cnidarians have a simple nervous system used for sensing touch.', 'Cnidarians have a simple nervous system used for sensing touch.']",Cnidarians have a simple nervous system used for sensing touch.,0.9555555555555555,0.3636363636363636,0.1818181818181818,0,5
sciq_0061,"The lens focuses light on the retina , which covers the back of the inside of the eye. the retina has light-sensing photoreceptor cells called?",science,"['The retina has light-sensing photoreceptor cells called rods and cones.', 'The retina has light-sensing photoreceptor cells called rods and cones.', 'The retina has light-sensing photoreceptor cells called rods and cones.', 'The retina has light-sensing photoreceptor cells called rods and cones.', 'The retina has light-sensing photoreceptor cells called rods and cones.']",The retina has light-sensing photoreceptor cells called rods and cones.,1.0,0.4615384615384615,0.30769230769230765,0,5
sciq_0062,What is the the process by which remains or traces of living things become fossils called?,science,"['The process by which remains or traces of living things become fossils is called fossilization.', 'The process by which remains or traces of living things become fossils is called fossilization.', 'The process by which remains or traces of living things become fossils is called fossilization.', 'The process by which remains or traces of living things become fossils is called fossilization.', 'The process by which remains or traces of living things become fossils is called fossilization.']",The process by which remains or traces of living things become fossils is called fossilization.,1.0,0.13333333333333333,0.0,0,5
sciq_0063,How does increasing the temperature of reactants affect the rate of their reaction?,science,"['Increasing the temperature of reactants generally increases the rate of their reaction by providing more kinetic energy to molecules, allowing them to collide with greater frequency and energy.', 'Increasing the temperature of reactants generally increases the rate of their reaction by providing more frequent collisions between molecules.', 'Increasing the temperature of reactants generally increases the rate of their reaction by providing more frequent and energetic collisions between particles.', 'Increasing the temperature of reactants generally increases the rate of their reaction by providing more kinetic energy to molecules, leading to more frequent and energetic collisions between them.', 'Increasing the temperature of reactants generally increases the rate of their reaction by providing more kinetic energy to molecules, leading to increased collisions and higher likelihood of successful reactions.']","Increasing the temperature of reactants generally increases the rate of their reaction by providing more kinetic energy to molecules, leading to more frequent and energetic collisions between them.",0.736562840258397,0.06896551724137931,0.0,0,5
sciq_0064,Soap acts as what kind of agent between grease and water?,science,"['Soap acts as an emulsifying agent between grease and water.', 'Soap acts as an emulsifier between grease and water.', 'Soap acts as an emulsifier between grease and water.', 'Soap acts as an emulsifier between grease and water.', 'Soap acts as an emulsifier between grease and water.']",Soap acts as an emulsifier between grease and water.,0.9294117647058824,0.0,0.0,1,5
sciq_0065,"""incident"" and ""reflected"" are two types of what?",science,"['Incident and reflected are both forms of light.', '""incident"" is an event, while ""reflected"" is to bounce back or appear as a copy.', 'Words.', 'Words.', '""incident"" is an event, and ""reflected"" is a verb.']",Words.,0.20904761904761907,0.0,0.0,1,5
sciq_0066,"In the inner ear, the vibrations are changed to electrical signals by hair cells lining what?",science,"['The vibrations are changed to electrical signals by hair cells lining the organ of Corti in the inner ear.', 'The cochlea is lined with hair cells that change vibrations into electrical signals for hearing.', 'The vibrations are changed to electrical signals by hair cells lining the organ of Corti.', 'The hair cells in the inner ear line the cochlea.', 'The hairs on the sensory epithelium of the organ of Corti.']",The vibrations are changed to electrical signals by hair cells lining the organ of Corti in the inner ear.,0.3056466607965858,0.0,0.1111111111111111,1,5
sciq_0067,What part of the neuron is a large structure with a central nucleus?,science,"['The cell body of the neuron is a large structure with a central nucleus.', 'The cell body is a large structure with a central nucleus in neurons.', 'The cell body of the neuron is a large structure with a central nucleus.', 'The cell body is a large structure with a central nucleus in neurons.', 'The cell body, also known as the soma, is a large structure with a central nucleus found in neurons.']",The cell body is a large structure with a central nucleus in neurons.,0.808,0.33333333333333337,0.16666666666666669,0,5
sciq_0068,"When equal amounts of a strong acid such as hydrochloric acid are mixed with a strong base such as sodium hydroxide, the result is what kind of solution?",science,"['The result is an acidic solution.', 'When equal amounts of a strong acid and a strong base are mixed, they neutralize each other to form water and salt, resulting in a neutral solution.', 'The result is a neutral solution.', 'A neutralization reaction produces water and salt.', 'The result is an acidic solution.']",The result is an acidic solution.,0.2985714285714286,0.0,0.0,1,5
sciq_0069,Light is a form of what kind of energy?,science,"['Light is a form of electromagnetic energy.', 'Light is a form of electromagnetic energy.', 'Light is a form of electromagnetic energy.', 'Light is a form of electromagnetic energy.', 'Light is a form of electromagnetic energy.']",Light is a form of electromagnetic energy.,1.0,0.5,0.25,0,5
sciq_0070,What organs are considered the female gonads?,science,"['The ovaries and uterus are considered the female gonads.', 'The ovaries and uterus are considered the female gonads.', 'The ovaries are considered the primary female gonads that produce eggs and hormones.', 'The ovaries and the uterus are considered the female gonads.', 'The ovaries and uterus are considered the female gonads.']",The ovaries and uterus are considered the female gonads.,0.8666666666666666,0.25,0.25,1,5
sciq_0071,The type of bond that forms between molecules is called what?,science,"['The type of bond that forms between molecules is called a chemical bond.', 'The type of bond that forms between molecules is called a chemical bond.', 'The type of bond that forms between molecules is called a chemical bond.', 'The type of bond that forms between molecules is called a chemical bond.', 'The type of bond that forms between molecules is called a chemical bond.']",The type of bond that forms between molecules is called a chemical bond.,1.0,0.15384615384615385,0.15384615384615385,1,5
sciq_0072,What crucial role does beneficial fungi play?,science,"['Beneficial fungi play a crucial role by aiding plant nutrient uptake, improving soil structure, and providing essential nutrients to plants.', 'Beneficial fungi play a crucial role by aiding in nutrient cycling, providing essential nutrients to plants, and supporting various ecological processes such as decomposition and soil structure improvement.', 'Beneficial fungi play a crucial role in nutrient cycling, soil structure improvement, and as decomposers, aiding plant growth by breaking down organic matter.', 'Beneficial fungi play a crucial role by forming symbiotic relationships with plants, assisting in nutrient uptake and disease resistance.', 'Beneficial fungi play a crucial role by promoting plant health through nutrient uptake and soil stabilization.']","Beneficial fungi play a crucial role by aiding plant nutrient uptake, improving soil structure, and providing essential nutrients to plants.",0.5489873248611674,0.0,0.09523809523809525,1,5
sciq_0073,What do ecologists study at every level?,science,"['Ecologists study ecosystems at all levels of biological organization: from molecules to populations, communities, and biomes.', 'Ecologists study ecosystems across various scales from molecular interactions to global processes.', 'Ecologists study all levels of biological organization from molecules to ecosystems.', 'Ecologists study ecosystems and organisms across all levels of biological organization, from genes to entire ecosystems.', 'Ecologists study ecosystems at various levels including populations, communities, ecosystems, and biomes.']","Ecologists study ecosystems at all levels of biological organization: from molecules to populations, communities, and biomes.",0.521614044168392,0.11764705882352941,0.0,0,5
sciq_0074,What phase does the nuclear envelope begin to break down?,science,"['The nuclear envelope begins to break down during mitosis, specifically during prophase I when chromatin condenses into chromosomes.', 'Mitosis begins when the nuclear envelope breaks down.', 'The nuclear envelope begins to break down during mitosis (M) phase.', 'The nuclear envelope begins to break down during mitosis.', 'The nuclear envelope begins to break down during mitosis.']",The nuclear envelope begins to break down during mitosis.,0.707193899782135,0.0,0.0,1,5
sciq_0075,How do prokaryotic cells divide?,science,"['Prokaryotic cells divide by binary fission, where the cell splits into two identical daughter cells.', 'Prokaryotic cells typically divide through binary fission, where the cell splits into two identical daughter cells by duplication of their DNA followed by cell wall synthesis.', 'Prokaryotic cells divide through binary fission, where DNA replicates and then divides into two identical daughter cells, each containing complete genetic material.', 'Prokaryotic cells divide by binary fission, where the cell elongates and then splits into two daughter cells.', ""Prokaryotic cells divide through binary fission, where the cell's genetic material duplicates and then divides into two identical daughter cells.""]","Prokaryotic cells divide by binary fission, where the cell splits into two identical daughter cells.",0.683004943638502,0.25,0.125,0,5
sciq_0076,What is the name of the molecule which has one carbon and four hydrogen atoms?,science,"['The molecule with one carbon and four hydrogen atoms is methane (CH4).', 'The molecule with one carbon and four hydrogen atoms is methane (CH4).', 'The molecule with one carbon and four hydrogen atoms is methane (CH4).', 'The molecule with one carbon and four hydrogen atoms is methane (CH4).', 'The molecule with one carbon and four hydrogen atoms is methane (CH4).']",The molecule with one carbon and four hydrogen atoms is methane (CH4).,1.0,0.16666666666666669,0.15384615384615385,0,5
sciq_0077,Most fungi get organic compounds from what?,science,"['Most fungi obtain organic compounds from decaying matter such as dead plants and animals.', 'Most fungi absorb organic compounds through their cell walls.', 'Most fungi obtain organic compounds from dead organisms or decaying matter.', 'Most fungi obtain organic compounds from dead organic matter such as decaying plants and animals.', 'Most fungi obtain organic compounds through photosynthesis or by absorbing dissolved nutrients from their environment.']",Most fungi obtain organic compounds from decaying matter such as dead plants and animals.,0.5311238995886672,0.125,0.0,0,5
sciq_0078,"What nervous system is divided into two parts, the sensory division and the motor division?",science,"['The autonomic nervous system is divided into two parts: the somatic division (motor) and the visceral division (sensory).', 'The autonomic nervous system is divided into two parts: the sympathetic division for arousal and readiness, and the parasympathetic division for rest and digestion.', 'The autonomic nervous system is divided into two parts: the sensory division and the motor division.', 'The autonomic nervous system is divided into two main parts: the sympathetic division (fight-or-flight response) and the parasympathetic division (rest-and-digest response).', 'The nervous system that is divided into two parts, the sensory division and the motor division, is the central nervous system (CNS).']",The autonomic nervous system is divided into two parts: the sensory division and the motor division.,0.6621868593462963,0.0,0.0,1,5
sciq_0079,We must remember that the formal charge calculated for an atom is not the actual charge of the atom in the molecule. formal charge is only a useful bookkeeping procedure; it does not indicate the presence of these?,science,"['Electrons in chemical bonds.', 'Electrons.', 'Electrons in shared bonds.', 'The formal charge on an atom in a molecule does not indicate the actual charge distribution within the molecule.', 'The presence of lone pairs of electrons on atoms in a molecule.']",Electrons in chemical bonds.,0.2775468975468975,0.0,0.3333333333333333,1,5
sciq_0080,What are most cells surrounded by?,science,"['Most cells are surrounded by a cell membrane.', 'Most cells are surrounded by a cell membrane.', 'Most cells are surrounded by a membrane.', 'Most cells are surrounded by a cell membrane.', 'Most cells are surrounded by a cell membrane.']",Most cells are surrounded by a cell membrane.,0.9692307692307691,0.0,0.0,1,5
sciq_0081,Humans are among the most versatile of mammals with what type of diet?,science,"['Humans have an omnivorous diet.', 'Humans are omnivorous, meaning they can consume both plants and animals as part of their diet.', 'Humans have a omnivorous diet.', 'Humans have omnivorous diets, capable of consuming both plant and animal products.', 'Humans have an omnivorous diet, capable of consuming both plant-based and animal-based foods.']",Humans have an omnivorous diet.,0.4765262515262515,0.0,0.0,1,5
sciq_0082,What particles ancient greeks propose that matter consists of ?,science,"['Ancient Greeks proposed that matter consisted of four basic elements: fire, earth, air, and water.', 'Ancient Greeks proposed that matter consisted of four basic elements: earth, air, fire, and water.', 'Ancient Greeks proposed four basic elements: earth, air, fire, and water.', 'Ancient Greeks proposed four basic elements: earth, air, fire, and water.', 'Ancient Greeks proposed four basic elements: earth, air, fire, and water.']","Ancient Greeks proposed four basic elements: earth, air, fire, and water.",0.9076923076923077,0.0,0.0,1,5
sciq_0083,Solute potential is also called osmotic potential because solutes affect the direction of what?,science,"['The direction of water movement across a semipermeable membrane due to concentration gradients.', 'The movement of water across a semipermeable membrane due to concentration gradients.', 'The movement of water across a semipermeable membrane due to concentration gradients.', 'The movement of water across a semipermeable membrane due to concentration gradients.', 'Solute potential is also known as osmotic potential because it affects the direction of water movement across a semipermeable membrane.']",The movement of water across a semipermeable membrane due to concentration gradients.,0.7625615763546799,0.0,0.0,1,5
sciq_0084,"The components of a mixture keep their own identity when they combine, so they retain what type of properties, such as boiling point and ability to dissolve?",science,"['Mixture components retain physical properties like boiling points and solubility even after mixing.', 'Mixture components retain physical properties like boiling points and solubility during mixing.', 'They retain physical properties such as boiling points and solubility.', 'The components of a mixture retain physical properties like boiling points and solubility when combined.', 'When a component of a mixture retains its own identity, it maintains distinct physical and chemical properties, including boiling point and solubility characteristics.']",Mixture components retain physical properties like boiling points and solubility during mixing.,0.5812732130504591,0.15384615384615385,0.0,0,5
sciq_0085,What term is used to describe  is the spontaneous emission of particles and radiation from atomic nuclei?,science,"['The term used to describe this phenomenon is radioactive decay.', 'Nuclear decay is the term used to describe the spontaneous emission of particles and radiation from atomic nuclei.', 'The term used to describe this phenomenon is radioactive decay.', 'The term used to describe this phenomenon is radioactive decay.', 'The term used to describe this process is radioactive decay.']",The term used to describe this phenomenon is radioactive decay.,0.7586666666666668,0.0,0.0,1,5
sciq_0086,What are atoms with unstable nuclei are considered to be?,science,"['Atoms with unstable nuclei are considered radioactive.', 'Atoms with unstable nuclei are considered radioactive.', 'Radioactive elements.', 'Radioactive elements.', 'Radioactive elements.']",Radioactive elements.,0.5333333333333334,0.6666666666666666,0.0,0,5
sciq_0087,What type of organism generally lives in or on its host?,science,"['Parasites generally live in or on their hosts.', 'A parasite is an organism that generally lives in or on its host.', 'Most parasites live in or on their hosts.', 'Pathogens generally live in or on their hosts.', 'Pathogens generally live in or on their hosts.']",Parasites generally live in or on their hosts.,0.6703947368421053,0.0,0.0,1,5
sciq_0088,Cardiac muscle is found only in which part of the heart?,science,"['Cardiac muscle is found exclusively within the myocardium layer of the heart.', 'Cardiac muscle is found exclusively in the myocardium, which constitutes most of the walls of the heart.', ""Cardiac muscle is found only in the myocardium, the middle layer of the heart's wall."", 'Cardiac muscle is found exclusively within the myocardium layer of the heart.', 'Cardiac muscle is found only in the myocardium (the muscular layer) of the heart.']",Cardiac muscle is found exclusively within the myocardium layer of the heart.,0.731437313089487,0.0,0.0,1,5
sciq_0089,"What occurs not only as organisms grow, but as they reproduce.",science,"['Metabolism is a process that occurs both during growth and reproduction in living organisms.', 'Cell division occurs both during growth and reproduction in organisms.', 'Cell division is an ongoing process that occurs both during growth and reproduction in living organisms.', 'Cell division is the process that occurs both during growth and reproduction in living organisms.', 'Cell division is a process that occurs during both growth and reproduction in organisms.']",Cell division is the process that occurs both during growth and reproduction in living organisms.,0.8647787949736976,0.25,0.125,0,5
sciq_0090,"What anatomical structures insulate, protect and provide sensory input?",science,"['The bones, muscles, skin, and nervous system together insulate, protect, and provide sensory input to the body.', 'The primary anatomical structures that insulate, protect, and provide sensory input are the skin, hair, nails, and sweat glands.', 'The skin, hair follicles, and internal organs such as muscles, bones, blood vessels, and nerves collectively serve to insulate, protect, and provide sensory input.', 'The skin, hair, fat, and internal organs insulate, protect, and provide sensory input to the body.', 'The structures that insulate, protect, and provide sensory input are the bones, muscles, nerves, skin, and blood vessels.']","The structures that insulate, protect, and provide sensory input are the bones, muscles, nerves, skin, and blood vessels.",0.5959724307763065,0.0,0.0,1,5
sciq_0091,"Control of the body can be somatic or autonomic, offering one way to divide what organ system by function?",science,"[""The control of the body's functions is divided into somatic (voluntary) and autonomic (involuntary) systems, which manage different aspects of bodily activities."", 'The nervous system can be divided into somatic (voluntary) and autonomic (involuntary) functions based on control over different organs.', 'The autonomic nervous system controls non-conscious bodily functions like heart rate and digestion, while the somatic nervous system is responsible for conscious voluntary movements such as walking or talking.', 'The control of bodily functions can be divided into somatic (voluntary) and autonomic (involuntary) systems, which operate independently but together regulate various physiological processes.', ""The body's organs can be divided into somatic (skeletal) and autonomic systems based on their functions.""]",The nervous system can be divided into somatic (voluntary) and autonomic (involuntary) functions based on control over different organs.,0.42425731524041044,0.19999999999999998,0.09999999999999999,0,5
sciq_0092,What blood-carrying structures contain one-way valves that contribute to the return of blood to the heart?,science,"['The veins contain one-way valves that help with the return of blood to the heart.', 'Arteries contain one-way valves that help maintain blood flow towards the heart against gravity.', 'The veins contain one-way valves which aid in the return of blood from the body back to the heart.', 'The veins contain one-way valves that help propel deoxygenated blood back towards the heart.', 'Arteries contain one-way valves.']",The veins contain one-way valves that help with the return of blood to the heart.,0.5389103321226733,0.14285714285714288,0.0,0,5
sciq_0093,"In astronomy, what are so dense that not even light can escape their gravity?",science,"['Black holes are objects in space with such strong gravitational fields that nothing, not even light, can escape them.', 'Black holes are astronomical objects with such strong gravitational fields that not even light can escape them.', 'Black holes are astronomical objects characterized by an incredibly strong gravitational field from which nothing, not even light, can escape.', 'Black holes are so dense that not even light can escape their gravitational pull.', 'Black holes are astronomical objects with such strong gravitational fields that nothing, not even light, can escape from them.']","Black holes are astronomical objects with such strong gravitational fields that nothing, not even light, can escape from them.",0.716589494263518,0.1904761904761905,0.09523809523809525,0,5
sciq_0094,"Water is considered a what since it is a polar molecule with slightly positive and slightly negative charges, so ions and polar molecules can readily dissolve in it?",science,"['Water is considered a solvent because it has a unique ability to dissolve many substances due to its polarity and hydrogen bonding properties.', 'Water is considered a solvent because it has the ability to dissolve many substances due to its polarity.', 'Water is considered a solvent because it has a high capacity to dissolve many substances due to its polarity.', 'Water is considered a solvent because it has polar molecules that allow other substances to dissolve in it easily.', 'Water is considered a solvent since it is a polar molecule with slightly positive and slightly negative charges, allowing ions and polar molecules to readily dissolve in it.']",Water is considered a solvent because it has the ability to dissolve many substances due to its polarity.,0.5735254097130096,0.11764705882352941,0.0,0,5
sciq_0095,What kind of weather can you expect if a center of low pressure is moving your way?,science,"['If a center of low pressure is moving your way, expect cloudy skies with occasional rain showers and possibly thunderstorms.', 'If a center of low pressure moves towards you, you can expect rain, possibly thunderstorms, and potentially cooler temperatures.', 'If a center of low pressure moves your way, expect cloudy skies, possibly with light rain or drizzle, cool temperatures, and generally poor air quality due to rising humidity from moisture condensing on surfaces.', 'If a center of low pressure moves your way, expect approaching stormy conditions including rain, wind gusts, and possibly thunderstorms.', 'A center of low pressure typically brings cloudy skies, occasional rain, and possibly thunderstorms as it approaches.']","If a center of low pressure is moving your way, expect cloudy skies with occasional rain showers and possibly thunderstorms.",0.5121736091307078,0.0,0.1,1,5
sciq_0096,What type of climate does the coast of california have?,science,"['The coast of California has a Mediterranean climate characterized by mild, wet winters and hot, dry summers.', 'The coast of California has a Mediterranean climate characterized by mild, wet winters and warm, dry summers.', 'The coast of California has a Mediterranean climate with mild, wet winters and warm, dry summers.', 'The coast of California has a Mediterranean climate characterized by mild temperatures, significant rainfall, and distinct wet and dry seasons.', 'The coast of California has a Mediterranean climate with mild temperatures year-round.']","The coast of California has a Mediterranean climate characterized by mild, wet winters and warm, dry summers.",0.7005663933767382,0.125,0.0,0,5
sciq_0097,What rock group offers the richest source of fossils?,science,"['The band Muse is often cited as offering the richest source of fossils due to its extensive use of unusual materials in their concerts.', 'The band Led Zeppelin is known for offering the richest sources of fossils due to its extensive use of wood in their instruments and stage decor.', 'The rock group offering the richest source of fossils is often associated with coal mining operations, as these can expose ancient plant life that has become fossilized over millions of years.', 'The Paleozoic Era Fossil Group offers the richest sources of fossils due to its extensive geological record spanning over 540 million years.', 'The band Rush is known for offering the richest source of fossils due to its extensive use of wood and resin in their album covers.']",The band Rush is known for offering the richest source of fossils due to its extensive use of wood and resin in their album covers.,0.4157355857192278,0.0,0.0,1,5
sciq_0098,What is another name for the vertebral column?,science,"['Another name for the vertebral column is spine.', 'Another name for the vertebral column is backbone.', 'Spine.', 'Another name for the vertebral column is backbone.', 'Another name for the vertebral column is spine.']",Another name for the vertebral column is spine.,0.5928571428571427,0.0,0.22222222222222224,1,5
sciq_0099,The sex of developing crocodilians is determined by what during incubation?,science,"['The sex of developing crocodilians is primarily determined by temperature during incubation.', 'The sex of developing crocodilians is primarily determined by temperature during incubation.', 'The sex of developing crocodilians is determined by temperature during incubation.', 'The sex of developing crocodilians is determined primarily by temperature during incubation, with higher temperatures favoring females and lower temperatures favoring males.', 'In developing crocodilians, the sex is primarily determined by temperature during incubation, with warmer temperatures resulting in more females and cooler temperatures producing males.']",The sex of developing crocodilians is primarily determined by temperature during incubation.,0.7374121056047053,0.28571428571428575,0.14285714285714288,0,5
sciq_0100,"Like the frame of a house, what gives the cell an internal structure?",science,"['The cytoskeleton provides structural support to cells.', 'The nucleus provides the cell with its internal structure.', 'The cytoskeleton gives cells their internal structural support.', 'The cytoskeleton provides the cell with an internal structure.', 'The cytoskeleton gives the cell an internal structure.']",The cytoskeleton provides the cell with an internal structure.,0.4231435231435231,0.2857142857142857,0.0,0,5
sciq_0101,About half of what type of radiation is absorbed in the first 15 meters of water?,science,"['The vast majority (about 90%) of gamma radiation is absorbed in the first 15 meters of water.', 'About half of gamma radiation is absorbed in the first 15 meters of water.', 'About half of gamma radiation is absorbed in the first 15 meters of water.', 'About half of gamma radiation is absorbed in the first 15 meters of water.', 'Half of gamma radiation is absorbed in the first 15 meters of water.']",About half of gamma radiation is absorbed in the first 15 meters of water.,0.9266243386243387,0.0,0.0,1,5
sciq_0102,What kind of muscle is the heart mainly composed of?,science,"['The heart is primarily composed of cardiac muscle.', 'The heart is mainly composed of cardiac muscle.', 'The heart is primarily composed of cardiac muscle.', 'The heart is mainly composed of cardiac muscle.', 'The heart is mainly composed of cardiac muscle.']",The heart is mainly composed of cardiac muscle.,0.9142857142857143,0.4444444444444445,0.22222222222222224,0,5
sciq_0103,What is the term for the force that a magnet exerts on certain materials?,science,"['The term for the force that a magnet exerts on certain materials is magnetic attraction.', 'The term for the force a magnet exerts on certain materials is magnetic attraction or magnetic force.', 'The term for the force exerted by a magnet on certain materials is magnetic attraction or magnetic force.', 'The term for the force exerted by a magnet on certain materials is magnetic attraction or magnetic flux.', 'The term for the force that a magnet exerts on certain materials is magnetic attraction or magnetic field.']",The term for the force a magnet exerts on certain materials is magnetic attraction or magnetic force.,0.8370547205029965,0.25,0.125,0,5
sciq_0104,Silk and cotton are examples of what kind of fiber?,science,"['Silk and cotton are examples of natural fibers.', 'Silk and cotton are examples of natural fibers.', 'Silk and cotton are examples of natural fibers.', 'Silk and cotton are examples of natural fibers.', 'Silk and cotton are examples of natural fibers.']",Silk and cotton are examples of natural fibers.,1.0,0.2222222222222222,0.0,0,5
sciq_0105,"The small, rocky bodies that orbit the sun are called what?",science,"['These are called planets.', 'These are asteroids.', 'The small, rocky bodies that orbit the Sun are called asteroids.', 'These are asteroids.', 'These are called planets.']",These are asteroids.,0.5567765567765568,0.5,0.0,0,5
sciq_0106,About what percentage of the earth's water is fresh water?,science,"[""Approximately 2.5% of Earth's total water volume is fresh water."", ""Approximately 2.5% of Earth's water is fresh water."", ""Approximately 2.5% of Earth's water is fresh water."", ""Approximately 2.5% of Earth's water is fresh water."", ""Approximately 2.5% of Earth's water is fresh water.""]",Approximately 2.5% of Earth's water is fresh water.,0.9636363636363636,0.0,0.0,1,5
sciq_0107,Hydrophilic molecules generally avoid what other kinds of molecules?,science,"['Hydrophilic molecules tend to avoid hydrophobic (nonpolar) molecules.', 'Hydrophilic molecules generally avoid hydrophobic (nonpolar) molecules.', 'Hydrophilic molecules tend to repel hydrophobic (nonpolar) molecules.', 'Hydrophilic molecules tend to avoid hydrophobic (lipophilic) molecules due to their tendency to form hydrogen bonds with water rather than nonpolar substances.', 'Hydrophilic molecules tend to avoid hydrophobic (nonpolar) molecules.']",Hydrophilic molecules tend to avoid hydrophobic (nonpolar) molecules.,0.6963793103448276,0.2222222222222222,0.0,0,5
sciq_0108,Why do fish have short esophaguses?,science,"['Fish have short esophaguses because they primarily swallow small prey items whole without chewing them first, adapting to their diet of smaller organisms.', 'Fish have short esophaguses because they primarily swallow solid food, which is easier to digest than liquid food, thus requiring less elongation of the digestive tract.', 'Fish have short esophaguses due to their streamlined bodies which allow them to efficiently filter feed without having a long digestive system that would hinder movement through water.', 'Fish have short esophaguses due to their diet consisting mainly of small prey items that can be swallowed whole without chewing, allowing for efficient feeding.', 'Fish have relatively short esophagi because their digestive systems are specialized for absorbing nutrients from water rather than breaking down solid food, unlike most land animals which require longer digestive tracts to process plant matter.']","Fish have short esophaguses because they primarily swallow small prey items whole without chewing them first, adapting to their diet of smaller organisms.",0.3173679016571119,0.0,0.0,1,5
sciq_0109,Malonate plays what negative role on the enzyme succinate dehydrogenase?,science,"['Malonate acts as an inhibitor of succinate dehydrogenase by binding to its active site, blocking substrate access and preventing electron transfer.', 'Malonate forms an irreversible inhibitor of succinate dehydrogenase by binding to its active site, preventing substrate access.', 'Malonate acts as an inhibitor of succinate dehydrogenase by blocking the electron transport chain.', 'Malonate inhibits the activity of succinate dehydrogenase by forming an irreversible complex with its coenzyme FAD.', 'Malonate acts as an inhibitor of succinate dehydrogenase by blocking its active site.']",Malonate acts as an inhibitor of succinate dehydrogenase by blocking its active site.,0.563996803849745,0.15384615384615385,0.0,0,5
sciq_0110,What term describes the process of vesicles fusing with the plasma membrane and releasing their contents to the outside of the cell?,science,"['The term that describes this process is exocytosis.', 'The term that describes this process is exocytosis.', 'The term that describes this process is exocytosis.', 'The term that describes this process is exocytosis.', 'The term that describes this process is exocytosis.']",The term that describes this process is exocytosis.,1.0,0.25,0.0,0,5
sciq_0111,"Asteroids, comets, and planets move around the sun in curved paths called what?",science,"['Asteroids, comets, and planets move around the sun in curved paths called orbits.', 'Asteroids, comets, and planets move around the sun in curved paths called ellipses.', 'Asteroids, comets, and planets move around the sun in curved paths called ellipses.', 'Asteroids, comets, and planets move around the sun in curved paths called orbits.', 'Asteroids, comets, and planets move around the sun in curved paths called orbits.']","Asteroids, comets, and planets move around the sun in curved paths called orbits.",0.95,0.15384615384615385,0.0,0,5
sciq_0112,What is the process of filtering waste from the kidneys?,science,"['The process of filtering waste from the kidneys involves filtration by specialized units called nephrons within each kidney. Waste products are removed through this filtration process which also helps regulate blood pressure and balance electrolytes.', 'The process involves filtration by the glomeruli, reabsorption of useful substances, secretion of wastes, and eventual excretion.', 'The filtration process in the kidneys involves blood flowing through tiny filters called glomeruli to remove waste products and excess water, which then pass into the tubules for further processing before being released back into the bloodstream or expelled as urine.', ""The process of filtering waste from the kidneys involves blood passing through filters called nephrons within the kidney's functional units, known as nephrons. Waste products, excess fluids, and other substances are removed and transported to the bladder for eventual elimination from the body."", 'The filtration process in the kidneys involves blood flowing through tiny filters called nephrons to remove waste products and excess water.']",The filtration process in the kidneys involves blood flowing through tiny filters called nephrons to remove waste products and excess water.,0.36245185048750755,0.0,0.0,1,5
sciq_0113,"Without particles, water vapor could not do what?",science,"['Without particles, water vapor would be unable to exist as a gas at room temperature.', 'Absorb heat from the sun.', 'Absorb heat.', 'Water vapor would lose its ability to condense into liquid form.', 'Water vapor cannot exist without particles.']","Without particles, water vapor would be unable to exist as a gas at room temperature.",0.17219607843137258,0.0,0.0,1,5
sciq_0114,"What is a therian mammal in which the embryo is born at an early, immature stage?",science,"['A therian mammal in which the embryo is born at an early, immature stage is an echidna (echidnas).', 'A therian mammal in which the embryo is born at an early, immature stage is a marsupial.', 'A therian mammal in which the embryo is born at an early, immature stage is called a marsupial.', 'A therian mammal that gives birth to its embryo at an early, immature stage is typically referred to as an ""early-stage mammal.""', 'A therian mammal in which the embryo is born at an early, immature stage is called an enchyamid.']","A therian mammal in which the embryo is born at an early, immature stage is a marsupial.",0.7280211074328722,0.14285714285714288,0.0,0,5
sciq_0115,"One important phenomenon related to the relative strength of cohesive and adhesive forces is capillary action—the tendency of a fluid to be raised or suppressed in a narrow tube, or called this?",science,"['Capillary action refers to the tendency of a fluid to rise or descend in a narrow tube due to the attraction between its molecules and those of the tube material.', 'Capillary action refers to the tendency of a fluid to be raised or suppressed in a narrow tube.', 'Capillary action is the tendency of a fluid to be raised or suppressed in a narrow tube.', 'Capillary action is the tendency of a fluid to be raised or suppressed in a narrow tube.', 'Capillary action.']",Capillary action is the tendency of a fluid to be raised or suppressed in a narrow tube.,0.5302186739712095,0.25,0.125,0,5
sciq_0116,"Digestive enzymes are released, or secreted, by the organs of which body system?",science,"['Digestive enzymes are released by the organs of the digestive system.', 'Digestive enzymes are released by the organs of the digestive system.', 'Digestive enzymes are released by the organs of the digestive system.', 'The digestive enzymes are released by the organs of the digestive system.', 'Digestive enzymes are released, or secreted, by the organs of the digestive system.']",Digestive enzymes are released by the organs of the digestive system.,0.96,0.3636363636363636,0.1818181818181818,0,5
sciq_0117,What functions in removing phosphorylated amino acids from proteins?,science,"['Proteasomes remove phosphorylated amino acids from proteins through a process called ubiquitination-mediated degradation.', 'Protein phosphatases remove phosphate groups from protein substrates.', 'Proteasomes remove phosphorylated amino acids from proteins through a process called proteolytic degradation.', 'Proteasomes remove phosphorylated amino acids from proteins through degradation processes.', 'The proteasome plays this role by degrading proteins that contain ubiquitin tags attached to them.']",Proteasomes remove phosphorylated amino acids from proteins through a process called proteolytic degradation.,0.33278194108628895,0.0,0.0,1,5
sciq_0118,What type of map reveals the shape of a landscape?,science,"['Topographic maps reveal the shape of a landscape.', 'A topographic map reveals the shape of a landscape.', 'A topographic map reveals the shape of a landscape.', 'Topographic maps reveal the shape of a landscape.', 'A topographic map reveals the shape of a landscape.']",A topographic map reveals the shape of a landscape.,0.8,0.2857142857142857,0.0,0,5
sciq_0119,What is another name for anther pollen sacs?,science,"['Stamen', 'The other name for anther pollen sacs is microsporangia.', 'Microsporangia', 'The other name for anther pollen sacs is microsporangia.', 'The other name for anther pollen sacs is microsporangia.']",The other name for anther pollen sacs is microsporangia.,0.3666666666666667,0.2222222222222222,0.0,0,5
sciq_0120,"Illustrating how form follows function, long, slender protein strands that make up what tissue are essential for contracting and relaxing?",science,"['My favorite example is the myofibrils found in muscle tissues. These elongated, filamentous proteins contract to facilitate movement and relaxation during muscle contractions.', 'Myocardium is the tissue composed of long, slender protein strands (myofilaments) that contract and relax to facilitate heart contraction and relaxation.', 'The long, slender protein strands that make up muscles are essential for contracting and relaxing.', 'Muscle tissue is made of long, slender protein strands that contract and relax to enable movement.', 'Muscle tissue.']","Muscle tissue is made of long, slender protein strands that contract and relax to enable movement.",0.2473131804555953,0.11764705882352941,0.0,0,5
sciq_0121,Biological features from a common evolutionary origin are known as what?,science,"['Homologous structures.', 'Homologous structures.', 'Common biological features shared among different species are known as homologous structures.', 'Homologous structures.', 'Homologous structures.']",Homologous structures.,0.7142857142857142,0.6666666666666666,0.0,0,5
sciq_0122,Corrosion is usually defined as the degradation of metals due to what?,science,"['Corrosion is usually defined as the degradation of metals due to chemical reactions with their environment.', 'Corrosion is usually defined as the degradation of metals due to chemical reactions with their environment.', 'Corrosion is usually defined as the degradation of metals due to chemical reactions with their environment.', 'Corrosion is usually defined as the degradation of metals due to chemical reactions with their environment.', 'Corrosion is usually defined as the degradation of metals due to chemical reactions with their environment.']",Corrosion is usually defined as the degradation of metals due to chemical reactions with their environment.,1.0,0.0,0.0,1,5
sciq_0123,Which membranous organelles in a cell sequence enzyme and electron molecules for efficient cellular respiration?,science,"['Mitochondria', 'Mitochondria sequence enzymes and electrons for efficient cellular respiration through their inner membrane cristae.', 'Mitochondria are the membranous organelles responsible for sequencing enzymes and transporting electrons during cellular respiration.', 'Mitochondria are the membranous organelles that sequence enzymes and electrons for efficient cellular respiration.', 'Mitochondria are the membranous organelles responsible for sequencing enzymes and transporting electrons for efficient cellular respiration.']",Mitochondria are the membranous organelles responsible for sequencing enzymes and transporting electrons for efficient cellular respiration.,0.4675921364714467,0.125,0.0,0,5
sciq_0124,How many families are known quarks divided into?,science,"['Quarks are classified into six families: up, down, strange, charm, bottom, and top.', 'Quarks are known to be composed of three families: up, down, strange, charm, top, and bottom.', 'There is no consensus on how exactly to divide up quarks; different models propose different numbers of families.', 'There is no consensus on how many families of quarks there are; some theories suggest three families while others propose four.', 'There are six families of quarks known to exist in physics.']","Quarks are known to be composed of three families: up, down, strange, charm, top, and bottom.",0.35719879418801426,0.11764705882352941,0.0,0,5
sciq_0125,Does lava flow quickly or slowly when thick?,science,"['Lava flows more slowly when it is thicker.', 'Lava flows more slowly when it is thicker due to increased viscosity.', 'Lava flows more slowly when it is thicker due to increased viscosity.', 'Lava flows more slowly when it is thicker due to its viscosity.', 'Lava flows more slowly when it is thicker due to increased viscosity.']",Lava flows more slowly when it is thicker due to increased viscosity.,0.8949999999999999,0.15384615384615385,0.0,0,5
sciq_0126,What phase does the cell make final preparations to divide?,science,"['The G2 phase is where cells make final preparations for division.', 'The G2 phase is when cells make final preparations for division.', 'The G2 (Gap 2) phase is when cells make final preparations for division.', 'The cell makes final preparations for division during the metaphase stage of mitosis.', 'The metaphase phase is where the cell makes final preparations for division.']",The G2 phase is where cells make final preparations for division.,0.6249124788255224,0.15384615384615383,0.15384615384615383,1,5
sciq_0127,"What is land with permafrost, no trees, and small hardy plants?",science,"['Tundra is characterized by land with permafrost, sparse vegetation (mainly mosses, lichens), and small, hardy plant species adapted to cold climates.', 'A tundra ecosystem typically consists of land with permafrost, little vegetation due to cold temperatures, and species adapted to harsh conditions.', 'A tundra ecosystem characterized by permanently frozen ground (permafrost), sparse vegetation, and low biodiversity.', 'The term for such an environment is tundra.', ""It's a tundra ecosystem characterized by permanently frozen ground, sparse vegetation, and plant species adapted to cold climates.""]","It's a tundra ecosystem characterized by permanently frozen ground, sparse vegetation, and plant species adapted to cold climates.",0.3297866140546875,0.10526315789473684,0.0,0,5
sciq_0128,Hydrogen-based fuel cells were and are used to provide what for manned space vehicles?,science,"['Hydrogen-based fuel cells provide electric power for manned space vehicles.', 'Hydrogen-based fuel cells are used to provide electric power for manned space vehicles.', 'Hydrogen-based fuel cells power manned space vehicles by providing electrical energy.', 'Hydrogen-based fuel cells power manned space vehicles by providing electricity and water as a byproduct of their reaction with oxygen from the atmosphere.', 'Hydrogen-based fuel cells are used to generate electricity for manned space vehicles.']",Hydrogen-based fuel cells are used to provide electric power for manned space vehicles.,0.6207189351332574,0.0,0.0,1,5
sciq_0129,What is the most important function of enzymes in animals?,science,"['The most important function of enzymes in animals is to catalyze biochemical reactions that sustain life processes such as digestion, metabolism, and reproduction.', 'The most important function of enzymes in animals is to catalyze biochemical reactions within cells, enabling vital metabolic processes such as digestion and energy production.', 'The most important function of enzymes in animals is catalyzing biochemical reactions that are essential for life processes such as metabolism.', 'The most important function of enzymes in animals is to catalyze biochemical reactions within cells, speeding up chemical processes essential for life processes such as digestion and metabolism.', 'Enzymes primarily function to catalyze biochemical reactions within cells, facilitating various metabolic processes essential for life.']","The most important function of enzymes in animals is to catalyze biochemical reactions within cells, speeding up chemical processes essential for life processes such as digestion and metabolism.",0.6259593397120042,0.0,0.0,1,5
sciq_0130,What process takes place when plants release water vapor through pores in their leaves called stomata?,science,"['Transpiration is the process by which plants release water vapor through tiny openings in their leaves known as stomata.', 'Transpiration is the process by which plants release water vapor through tiny openings in their leaves known as stomata.', 'The process by which plants release water vapor through pores in their leaves called stomata is transpiration.', 'Transpiration is the process by which plants release water vapor through stomata in their leaves.', 'Transpiration is the process where plants release water vapor through their stomata.']",Transpiration is the process by which plants release water vapor through stomata in their leaves.,0.8250443242431074,0.13333333333333333,0.0,0,5
sciq_0131,The concept that atoms tend to have eight electrons in their valence electron shell is called what?,science,"['The concept that atoms tend to have eight electrons in their valence electron shell is called the octet rule.', 'The concept that atoms tend to have eight electrons in their valence electron shell is called the octet rule.', 'The octet rule states that atoms tend to have eight electrons in their valence shell to achieve a stable electron configuration.', 'The concept that atoms tend to have eight electrons in their valence electron shell is called the octet rule.', 'The concept that atoms tend to have eight electrons in their valence electron shell is called the octet rule.']",The concept that atoms tend to have eight electrons in their valence electron shell is called the octet rule.,0.9111111111111111,0.21052631578947367,0.10526315789473684,0,5
sciq_0132,What is the force that opposes motion between two surfaces that are touching?,science,"['The force that opposes motion between two surfaces that are touching is friction.', 'The force that opposes motion between two surfaces that are touching is friction.', 'The force that opposes motion between two surfaces that are touching is friction.', 'The force that opposes motion between two surfaces that are touching is friction.', 'The force that opposes motion between two surfaces that are touching is friction.']",The force that opposes motion between two surfaces that are touching is friction.,1.0,0.15384615384615385,0.0,0,5
sciq_0133,"In the case of the moose, predation is an additional factor that regulates what?",science,"['Predation is an additional factor that regulates population size in the context of the moose.', 'Predation is an additional factor that regulates population size for moose.', 'The primary factors regulating population size for moose include competition with other predators, human activities, disease, and climate change. Predation by wolves and other large carnivores can further regulate their numbers within certain ecological contexts.', ""The moose's population size is regulated by predation as well as competition for resources such as food and territory."", 'Predation is an additional factor that regulates population size in the case of the moose.']",Predation is an additional factor that regulates population size for moose.,0.44889703034832384,0.18181818181818182,0.0,0,5
sciq_0134,"A sealed, vacuum-insulated reaction flask approximates what condition, in which neither matter nor heat can be exchanged between system and surroundings?",science,"['It approximates a closed system with no exchange of matter or energy between the flask and its environment, maintaining a constant temperature inside.', 'It approximates an idealized closed system where no exchange of matter or heat occurs between the contents and their environment.', 'It approximates a state of perfect isolation from both matter and heat exchange with its surroundings.', 'A sealed, vacuum-insulated reaction flask approximates a closed system where neither matter nor heat can be exchanged between the system (the reaction) and its surroundings.', 'It approximates an idealized closed system where no exchange of matter or energy occurs with its environment.']",It approximates an idealized closed system where no exchange of matter or energy occurs with its environment.,0.4872571415515588,0.1111111111111111,0.1111111111111111,1,5
sciq_0135,"Temperature, water, soil, and air are examples of nonliving factors of an ecosystem, also termed what?",science,"['Environmental variables.', 'They are examples of abiotic factors.', 'They are examples of abiotic factors.', 'Environmental variables.', 'Environmental variables.']",Environmental variables.,0.4,0.0,0.0,1,5
sciq_0136,What are the little sacs at the end of the bronchioles called?,science,"['The little sacs at the end of the bronchioles are called alveoli.', 'The little sacs at the end of the bronchioles are called alveoli.', 'The little sacs at the end of the bronchioles are called alveoli.', 'The little sacs at the end of the bronchioles are called alveoli.', 'The little sacs at the end of the bronchioles are called alveoli.']",The little sacs at the end of the bronchioles are called alveoli.,1.0,0.19999999999999998,0.1818181818181818,0,5
sciq_0137,What kind of organisms helps hold soil in place to slow erosion?,science,"['Grasses and other plants help hold soil in place by forming dense mats that reduce wind and water erosion.', 'Grasses, shrubs, and trees help hold soil in place to slow erosion.', 'Grasses, shrubs, and trees help hold soil in place to slow erosion.', 'Grass roots help hold soil in place to slow erosion.', 'Grasses and other plants help hold soil in place by forming a living mulch that reduces wind and water erosion.']","Grasses, shrubs, and trees help hold soil in place to slow erosion.",0.6188753053632159,0.0,0.0,1,5
sciq_0138,"By the year 2050, 25 percent of the population of the united states will be 60 years of age or older. the cdc estimates that 80 percent of those 60 years and older have one or more chronic disease associated with deficiencies of this?",science,"['Vitamins.', 'Calcium.', 'Vitamins.', 'The CDC estimates that 80% of Americans aged 60 and over have at least one chronic disease related to nutrient deficiencies.', 'Calcium.']",Vitamins.,0.2,0.0,0.0,1,5
sciq_0139,"Nephrons, renal tubules and the loop of henle are part of the process of blood filtration by what organs?",science,"['The kidneys.', 'The kidneys filter blood through nephrons, while renal tubules and the loop of Henle play roles within this process.', 'The kidneys filter blood through their nephrons, renal tubules, and loop of Henle to remove waste products and excess water.', 'The kidneys are responsible for filtering blood through nephrons, renal tubules, and the loop of Henle to remove waste products and regulate fluid balance.', 'These structures are part of the process of blood filtration by the kidneys.']","The kidneys filter blood through their nephrons, renal tubules, and loop of Henle to remove waste products and excess water.",0.30485117686602314,0.1,0.0,0,5
sciq_0140,The overall voltage of the battery is therefore the sum of ________ of the individual cells.,science,"['The overall voltage of the battery is therefore the sum of the voltages of the individual cells.', 'The overall voltage of the battery is therefore the sum of the voltages of the individual cells.', 'The overall voltage of the battery is therefore the sum of the voltages of the individual cells.', 'the voltages of the individual cells.', 'The overall voltage of the battery is therefore the sum of the voltages of the individual cells.']",The overall voltage of the battery is therefore the sum of the voltages of the individual cells.,0.8,0.15384615384615385,0.0,0,5
sciq_0141,"What system of the body is responsible for transmitting, processing, and responding to most of the sensory information that is created by various stimuli?",science,"['The nervous system is responsible for transmitting, processing, and responding to most of the sensory information received from external and internal stimuli in the human body.', 'The nervous system is responsible for transmitting, processing, and responding to most of the sensory information received from various stimuli within the body.', 'The nervous system is responsible for transmitting, processing, and responding to most of the sensory information from various stimuli throughout the body.', 'The central nervous system (CNS) is primarily responsible for this function.', 'The nervous system is responsible for transmitting, processing, and responding to most of the sensory information that is created by various stimuli.']","The nervous system is responsible for transmitting, processing, and responding to most of the sensory information from various stimuli throughout the body.",0.6202521829947651,0.1904761904761905,0.09523809523809525,0,5
sciq_0142,What lines the passages of the nose and senses chemicals in the air?,science,"['The lining of the nasal passages and olfactory epithelium contains sensory cells that detect and interpret chemical signals from the environment.', 'Mucus lining the nasal passages contains sensory cells that detect smells.', 'Mucus lining the nasal passages acts as both a filter to trap particles and an environment for scent receptors to detect chemicals in the air.', 'Mucus lines the passages of the nose and contains specialized cells that sense chemicals in the air.', 'Mucus lines the passages of the nose and helps sense chemicals in the air.']",Mucus lines the passages of the nose and contains specialized cells that sense chemicals in the air.,0.39085980760063077,0.0,0.0,1,5
sciq_0143,Proteins are polymers of what kind of acids?,science,"['Proteins are polymers of amino acids.', 'Proteins are polymers of amino acids.', 'Proteins are polymers of amino acids.', 'Proteins are polymers of amino acids.', 'Proteins are polymers of amino acids.']",Proteins are polymers of amino acids.,1.0,0.2857142857142857,0.0,0,5
sciq_0144,What makes marginal lands unsuitable for farming?,science,"['Marginal lands are unsuitable for farming due to poor soil quality, inadequate water supply, or harsh environmental conditions that make them challenging to cultivate.', 'Marginal lands are typically characterized by poor soil quality, low fertility, waterlogging, salinity, or other environmental issues that make them unsuitable for conventional farming practices.', 'Marginal lands are unsuitable for farming due to poor soil quality, low fertility, high salinity, or vulnerability to drought and erosion.', 'Marginal lands are unsuitable for farming due to poor soil quality, limited water supply, exposure to harsh weather conditions, and often being located far from markets.', 'Marginal lands are unsuitable for farming due to poor soil quality, limited water supply, high susceptibility to erosion, and often being located near bodies of water that can flood them.']","Marginal lands are unsuitable for farming due to poor soil quality, inadequate water supply, or harsh environmental conditions that make them challenging to cultivate.",0.5519955721624655,0.0,0.0,1,5
sciq_0145,"When a nerve impulse reaches the end of an axon, what are the chemicals released by the axon called?",science,"['When a nerve impulse reaches the end of an axon, the chemicals released by the axon are called neurotransmitters.', 'The chemicals released by the axon when a nerve impulse reaches its end are called neurotransmitters.', 'The chemicals released at the end of an axon when a nerve impulse reaches it are called neurotransmitters.', 'The chemicals released at the end of an axon when a nerve impulse reaches it are called neurotransmitters.', 'At the end of an axon, when a nerve impulse reaches it, chemical messengers called neurotransmitters are released.']",The chemicals released at the end of an axon when a nerve impulse reaches it are called neurotransmitters.,0.849881408502098,0.13333333333333333,0.0,0,5
sciq_0146,What is the most important source of electromagnetic waves on earth?,science,"['The sun is the most important source of electromagnetic waves on Earth.', 'The Sun is the most important source of electromagnetic waves on Earth.', 'The sun is the most important source of electromagnetic waves on Earth.', 'The sun is the most important source of electromagnetic waves on Earth.', 'The sun is the most important source of electromagnetic waves on Earth.']",The sun is the most important source of electromagnetic waves on Earth.,1.0,0.18181818181818182,0.0,0,5
sciq_0147,All of the elements in group 9 have nine of which electrons?,science,"['They all have nine valence electrons.', 'All of the elements in group 9 (also known as the noble gases) have eight electrons in their outermost shell.', 'All of the elements in group 9 (the transition metals) have nine valence electrons.', 'All of the elements in Group 9 (the nitrates) have nine valence electrons.', 'All of the elements in group 9 (the halogens) have nine valence electrons.']",All of the elements in Group 9 (the nitrates) have nine valence electrons.,0.626702909685977,0.16666666666666669,0.0,0,5
sciq_0148,What form of reproduction creates offspring that are genetically identical to the parent?,science,"['Asexual reproduction creates offspring genetically identical to the parent.', 'Asexual reproduction creates offspring that are genetically identical to the parent.', 'Mitosis is the form of reproduction that creates offspring genetically identical to the parent.', 'Cloning is the form of reproduction that creates offspring genetically identical to the parent.', 'Asexual reproduction creates offspring that are genetically identical to the parent.']",Asexual reproduction creates offspring that are genetically identical to the parent.,0.8003535353535354,0.18181818181818182,0.0,0,5
sciq_0149,Ecological succession refers to the change in the numbers and types of species that live in what groups?,science,"['Ecological succession refers to the change in the numbers and types of species that live in communities over time.', 'Ecological succession refers to the change in the numbers and types of species that live in communities over time.', 'Ecological succession refers to the change in the numbers and types of species that live in communities over time.', 'Ecological succession refers to the change in the numbers and types of species that live in communities over time.', 'Ecological succession refers to the change in the numbers and types of species that live in communities.']",Ecological succession refers to the change in the numbers and types of species that live in communities over time.,0.975,0.1111111111111111,0.0,0,5
sciq_0150,The chains in cellulose stack in parallel rows held together by hydrogen bonds between which groups?,science,"['The chains in cellulose stack in parallel rows held together by hydrogen bonds between glucose units.', 'In cellulose, the chains stack in parallel rows held together by hydrogen bonds between beta-D-glucose units.', 'Chains in cellulose stack in parallel rows held together by hydrogen bonds between glucose monomers.', 'The chains in cellulose stack in parallel rows held together by hydrogen bonds between -OH groups and -OH groups.', 'Chains in cellulose stack in parallel rows held together by hydrogen bonds between glucose units.']",The chains in cellulose stack in parallel rows held together by hydrogen bonds between glucose units.,0.8723160173160173,0.0,0.0,1,5
sciq_0151,Where does the energy produced by plants come from?,science,"['Plants produce their own energy through photosynthesis using sunlight absorbed by chlorophyll.', 'Energy for plant growth comes from sunlight through photosynthesis.', 'Energy for plant life comes primarily from sunlight through photosynthesis.', 'Plants produce energy through photosynthesis using sunlight as an energy source.', 'Plants produce energy through photosynthesis using sunlight as an energy source.']",Plants produce energy through photosynthesis using sunlight as an energy source.,0.5501526543631808,0.18181818181818182,0.0,0,5
sciq_0152,What is citrate an ionized form of?,science,"['Citrate is an ionized form of citric acid.', 'Citrate is the ionized form of citric acid.', 'Citrate is the ionized form of citric acid.', 'Citrate is the anion (negative ion) formed when carbonic acid dissociates into bicarbonate and carbonate ions.', 'Citrate is an ionized form of citric acid.']",Citrate is an ionized form of citric acid.,0.7090909090909091,0.4444444444444445,0.22222222222222224,0,5
sciq_0153,What is first stage of cellular respiration?,science,"['First stage of cellular respiration involves glycolysis.', 'Glycolysis is the first stage of cellular respiration.', 'The first stage of cellular respiration involves glycolysis, where glucose is broken down into pyruvate molecules.', 'The first stage of cellular respiration involves glycolysis, which breaks down glucose into pyruvate.', 'The first stage of cellular respiration involves glycolysis, where glucose is broken down into pyruvate.']","The first stage of cellular respiration involves glycolysis, where glucose is broken down into pyruvate.",0.7329249805111874,0.0,0.0,1,5
sciq_0154,What prevents new ovarian follicles from developing and suppresses uterine contractility?,science,"['The hormone responsible for preventing new ovarian follicles from developing and suppressing uterine contractility is progesterone.', 'The hormone responsible for preventing new ovarian follicle development and suppressing uterine contractility is progesterone.', 'The hormone that prevents new ovarian follicles from developing and suppresses uterine contractility is luteinizing hormone (LH).', 'The hypothalamus-pituitary-gonadal axis regulates this by inhibiting gonadotropin release, which in turn prevents new ovarian follicle development and suppresses uterine contractions.', 'Estrogen deficiency prevents new ovarian follicles from developing and suppresses uterine contractility.']",The hormone responsible for preventing new ovarian follicles from developing and suppressing uterine contractility is progesterone.,0.48491880550838384,0.125,0.0,0,5
sciq_0155,What are atoms of the same element that differ in their numbers of neutrons called?,science,"['Atoms of the same element with different numbers of neutrons are called isotopes.', 'Atoms of the same element with different numbers of neutrons are called isotopes.', 'Atoms of the same element with different numbers of neutrons are called isotopes.', 'Atoms of the same element with different numbers of neutrons are called isotopes.', 'Atoms of the same element with different numbers of neutrons are called isotopes.']",Atoms of the same element with different numbers of neutrons are called isotopes.,1.0,0.15384615384615385,0.0,0,5
sciq_0156,The amniotic egg is a shared ancestral character for which clade?,science,"['The amniotic egg is a shared ancestral character for the Amniota clade.', 'The amniotic egg is a shared ancestral characteristic of the Amniota clade.', 'The amniotic egg is a shared ancestral character for the Amniota clade.', 'The amniotic egg is a shared ancestral character for reptiles and birds.', 'The amniotic egg is a shared ancestral characteristic of reptiles and birds (class Reptilia).']",The amniotic egg is a shared ancestral character for the Amniota clade.,0.6901875901875901,0.19999999999999998,0.0,0,5
sciq_0157,The three-dimensional spaces with specific shapes that are components of electrons shells are known as what?,science,"['The three-dimensional spaces with specific shapes that are components of electron shells are known as atomic orbitals.', 'They are called atomic orbitals.', 'The three-dimensional spaces with specific shapes that are components of electron shell structures are known as atomic orbitals.', 'They are called atomic orbitals.', 'The three-dimensional spaces with specific shapes that are components of electron shells are known as atomic orbitals.']",The three-dimensional spaces with specific shapes that are components of electron shells are known as atomic orbitals.,0.5441219649915302,0.1111111111111111,0.0,0,5
sciq_0158,What type of bonds are formed by the side-to-side overlap of p orbitals?,science,"['Hybridization of p orbitals forms sp3 hybridized bonds, which are tetrahedral in geometry.', 'Hybridization of s and p orbitals forms sp hybrid orbitals which can form sigma (σ) bonds between atoms.', 'The type of bonds formed by the side-to-side overlap of p orbitals is sigma (σ) bonds.', 'The type of bond formed by the side-to-side overlap of p orbitals is called a pi (π) bond.', 'The type of bond formed by the side-to-side overlap of p orbitals is a sigma (σ) bond.']",The type of bonds formed by the side-to-side overlap of p orbitals is sigma (σ) bonds.,0.440361649463102,0.1111111111111111,0.2222222222222222,1,5
sciq_0159,How many types of basic sensory receptors are there?,science,"['There are five main types of basic sensory receptors: touch, temperature, pain, proprioception, and vision.', 'There are six types of basic sensory receptors: touch, pressure, temperature, pain, proprioception, and vibration.', 'There are five types of basic sensory receptors: touch, pressure, temperature, pain, and proprioception.', 'There are four main types of basic sensory receptors: mechanoreceptors for touch and pressure, thermoreceptors for temperature, nociceptors for pain, and chemoreceptors for chemical stimuli.', 'There are five main types of basic sensory receptors: touch, pressure, temperature, pain, and proprioception.']","There are five main types of basic sensory receptors: touch, pressure, temperature, pain, and proprioception.",0.7824005305039788,0.125,0.125,1,5
sciq_0160,"Breathing involves differences in what, measured in torr, between the inside of the lungs and the air outside?",science,"['Respiratory pressure difference is measured in torr between the inside of the lungs and the air outside.', 'The pressure difference between the inside of the lungs and the air outside is measured in torr.', 'Respiratory pressure difference, measured in torr, exists between the inside of the lungs and the external environment during breathing.', 'The difference in pressure between the inside of the lungs and the atmosphere is measured in torr (torricelli units).', 'Breathing involves differences in pressure between the inside of the lungs and the atmosphere, typically measured in torr (millimeters of mercury).']",The pressure difference between the inside of the lungs and the air outside is measured in torr.,0.6973494856476765,0.14285714285714288,0.0,0,5
sciq_0161,Oxygen is an element in what form of matter?,science,"['Oxygen exists as a diatomic molecule (O2) in its elemental form.', 'Oxygen exists as a gas at room temperature and pressure.', 'Oxygen exists as a diatomic molecule in its elemental form.', 'Oxygen exists as a gas in nature.', 'Oxygen exists as a gas in its elemental form.']",Oxygen exists as a gas in its elemental form.,0.5949339033859158,0.2222222222222222,0.0,0,5
sciq_0162,"Fungi often make specialized reproductive structures, such as what?",science,"['Fungi often make specialized reproductive structures called spores.', 'Fungi often make specialized reproductive structures called mushrooms.', 'Fungi often make specialized reproductive structures called spores.', 'Fungi often make specialized reproductive structures called spores.', 'Fungi often make specialized reproductive structures called mushrooms.']",Fungi often make specialized reproductive structures called spores.,0.925,0.0,0.0,1,5
sciq_0163,Which is a more reliable trait or measure to identify minerals?,science,"[""A mineral's physical properties such as color, luster, hardness, and cleavage planes tend to be more consistent and repeatable than chemical analysis for identifying them."", ""A mineral's chemical composition is more reliably identified than its physical properties alone."", 'A chemical analysis of mineral composition is generally considered more reliable for identifying minerals than visual appearance alone.', 'It depends on the type of mineral being identified; however, chemical analysis generally provides more reliable data for identifying minerals compared to physical properties alone.', 'Chemical analysis is generally considered more reliable for identifying minerals than physical properties alone.']",Chemical analysis is generally considered more reliable for identifying minerals than physical properties alone.,0.47326475812222046,0.0,0.0,1,5
sciq_0164,What are located along convergent and divergent plate boundaries?,science,"['Volcanoes, earthquakes, mountain ranges, trenches, mid-ocean ridges.', 'Volcanoes, earthquakes, mountain ranges, trenches.', 'Volcanoes, earthquakes, mountain ranges.', 'Volcanoes and earthquakes are typically found along both convergent (where plates collide) and divergent (where plates move apart) plate boundaries.', 'Volcanoes and earthquakes are typically found along both convergent (where plates move towards each other) and divergent (where plates move apart) plate boundaries.']","Volcanoes, earthquakes, mountain ranges, trenches.",0.40980686136125,0.33333333333333337,0.0,0,5
sciq_0165,What term is used to describe organic compounds such as sugars and starches?,science,"['These substances are referred to as carbohydrates.', 'Carbohydrates are organic compounds that include sugars and starches.', 'The term used to describe organic compounds like sugars and starches is carbohydrates.', 'These compounds are typically referred to as carbohydrates.', 'The term used to describe organic compounds such as sugars and starches is carbohydrates.']",The term used to describe organic compounds such as sugars and starches is carbohydrates.,0.459130299009556,0.14285714285714288,0.0,0,5
sciq_0166,Where are liverworts most often found?,science,"['Liverworts are most often found growing on moist ground or leaf litter in temperate climates.', 'Liverworts are most often found growing on damp soil or rocks in forests and other shaded areas.', 'Liverworts are most often found growing on damp soil or rocks in shady areas of forests.', 'Liverworts are most often found growing on moist soil and shady rock surfaces.', 'Liverworts are most often found on moist soil or decaying organic matter.']",Liverworts are most often found growing on damp soil or rocks in shady areas of forests.,0.6139493538328354,0.0,0.1111111111111111,1,5
sciq_0167,What are the structural and functional units of the kidneys?,science,"['The structural unit is the nephron, which consists of a glomerulus, renal tubule, and collecting duct; the functional unit is the nephron as well, involved in filtering blood and regulating urine production.', 'The structural units of the kidney are nephrons, while the functional units are glomeruli and tubules.', 'The structural and functional units of the kidneys are nephrons.', 'The structural units of the kidneys are nephrons, which include renal corpuscles and nephric tubules. The functional units are nephrons themselves, responsible for filtering blood and producing urine.', 'The structural units are nephrons, while the functional units are glomeruli and renal tubules.']","The structural units of the kidney are nephrons, while the functional units are glomeruli and tubules.",0.47166864998443947,0.14285714285714288,0.0,0,5
sciq_0168,What are plants that grow on other plants called?,science,"['These are known as epiphytes.', 'These are known as epiphytes.', 'Plants that grow on other plants are known as epiphytes.', 'These are called epiphytes.', 'Vines or epiphytes.']",These are known as epiphytes.,0.4625274725274725,0.33333333333333337,0.0,0,5
sciq_0169,Lyme disease is caused by what kind of organim?,science,"['Lyme disease is caused by bacteria from the genus Borrelia.', 'Lyme disease is caused by bacteria from the Borrelia species.', 'Lyme disease is caused by the bacterium Borrelia burgdorferi.', 'Lyme disease is caused by Borrelia burgdorferi bacteria.', 'Lyme disease is caused by the bacterium Borrelia burgdorferi.']",Lyme disease is caused by Borrelia burgdorferi bacteria.,0.8109477124183007,0.2222222222222222,0.0,0,5
sciq_0170,"In an ecosystem, what do you call organisms like lions that capture and kill other animals for food?",science,"['Predators are organisms like lions that capture and kill other animals for food in an ecosystem.', 'Predators', 'Predators', 'Predators.', 'Predators in an ecosystem prey on other organisms for sustenance.']",Predators,0.44750000000000006,1.0,0.0,0,5
sciq_0171,"What is the term for the ability of an atom to emit, or give off, charged particles and energy from its nucleus?",science,"['The term for this property is radioactive decay.', 'The term for this property is radioactive decay.', 'The term for this ability is radioactive decay.', 'The term for this ability is radioactive decay.', 'The term for this property is radioactive decay.']",The term for this property is radioactive decay.,0.9142857142857144,0.0,0.0,1,5
sciq_0172,What do you call the study of how organisms interact with their environment and each other?,science,"['The field that studies how organisms interact with their environment and each other is called ecology.', 'The field that studies these interactions is called ecology.', 'The field that studies organism-environment interactions and species relationships is called ecology.', 'The field that studies organism-environment interactions is known as ecology.', 'The field that studies organism-environment interactions and species relationships is known as ecology.']",The field that studies organism-environment interactions and species relationships is called ecology.,0.6509264905786645,0.15384615384615385,0.0,0,5
sciq_0173,Carnivores that eat herbivores are what kind of consumers?,science,"['Carnivores that prey on herbivores are called primary consumers in an ecological hierarchy.', 'They are primary consumers.', 'Carnivores that eat herbivores are primary consumers.', 'Carnivores that eat herbivores are primary consumers.', 'Carnivores that eat herbivores are secondary consumers.']",Carnivores that eat herbivores are primary consumers.,0.6333304853041695,0.0,0.25,1,5
sciq_0174,What term is used to describe the development of new technology?,science,"['The term used to describe the development of new technology is innovation.', 'The term used to describe the development of new technology is ""innovation.""', 'The term used to describe the development of new technology is ""innovation.""', 'The term used to describe the development of new technology is ""innovation.""', 'The term used to describe the development of new technology is ""innovation"".']",The term used to describe the development of new technology is innovation.,1.0,0.0,0.0,1,5
sciq_0175,"Most modern seed plants are angiosperms, which produce seeds in the ovaries of what basic structure?",science,"['Angiosperms produce seeds in the ovaries of flowers.', 'Angiosperms typically have seeds enclosed within an ovary of a flower.', 'Most modern seed plants are angiosperms, which produce seeds in the ovaries of flowers.', 'Angiosperms, most modern seed plants, produce seeds inside the ovaries of flowers.', 'Angiosperms, the most common type of flowering plants, produce their seeds in the ovaries of flowers.']","Most modern seed plants are angiosperms, which produce seeds in the ovaries of flowers.",0.5381930171277997,0.14285714285714288,0.0,0,5
sciq_0176,Hormones are often regulated through what?,science,"['Hormones are often regulated by the endocrine system.', 'Hormones are often regulated through feedback mechanisms involving the hypothalamus, pituitary gland, and target organs.', 'Hormones are often regulated by feedback mechanisms within the body.', 'Hormones are often regulated through feedback mechanisms involving glands, cells, and hormones themselves.', 'Hormones are often regulated through feedback mechanisms within the endocrine system.']",Hormones are often regulated through feedback mechanisms within the endocrine system.,0.5774566167219957,0.16666666666666669,0.0,0,5
sciq_0177,"What process, which is in many ways the opposite of photosynthesis, shows the interdependence of producers and consumers?",science,"['Decomposition is the process where microorganisms break down dead organic matter, which indirectly helps plants by recycling nutrients back into the soil for them to use, thus showing the interdependence between producers (plants) and consumers (microbes).', 'Decomposition is the process where organic matter from dead organisms breaks down into simpler substances, showing how producers (plants) recycle nutrients back to the environment for consumers (animals).', 'Respiration is the process that shows the interdependence between producers (plants) and consumers (animals), as it allows organisms to convert food into energy.', 'The process that shows this interdependence is predation.', 'Decomposition, which breaks down dead organic matter into simpler substances that can be used by other organisms, represents an important link between producers (which produce food through photosynthesis) and consumers.']","Decomposition is the process where organic matter from dead organisms breaks down into simpler substances, showing how producers (plants) recycle nutrients back to the environment for consumers (animals).",0.31569912246830223,0.0,0.07407407407407407,1,5
sciq_0178,A battery is a multiple connection of what kind of cells?,science,"['A battery is a collection of multiple cells connected together.', 'A battery is a collection of multiple identical or different chemical cells connected together.', 'A battery is a collection of multiple cells connected together.', 'A battery is a combination of multiple cell types.', 'A battery is a combination of multiple cells of the same type connected together.']",A battery is a collection of multiple cells connected together.,0.6725654716501398,0.2,0.2,1,5
sciq_0179,What are chromosomes made of?,science,"['Chromosomes are made up primarily of DNA (deoxyribonucleic acid) and proteins.', 'Chromosomes are made up primarily of DNA and proteins.', 'Chromosomes are primarily composed of DNA and proteins.', 'Chromosomes are made primarily of DNA (deoxyribonucleic acid) and proteins.', 'Chromosomes are composed primarily of DNA (deoxyribonucleic acid) wrapped around proteins called histones.']",Chromosomes are made primarily of DNA (deoxyribonucleic acid) and proteins.,0.7607075563045411,0.4615384615384615,0.30769230769230765,0,5
sciq_0180,"Radiation, chemicals, and infectious agents are examples of what?",science,"['These are all types of environmental hazards.', 'Examples of radiation, chemicals, and infectious agents are all classified as biological hazards in medical contexts.', 'They are all types of biological hazards.', 'Examples of radiation, chemicals, and infectious agents include harmful substances that can cause illness, damage to living organisms, or pose risks to health.', 'Examples of radiation, chemicals, and infectious agents are all types of biological and environmental hazards.']","Examples of radiation, chemicals, and infectious agents are all types of biological and environmental hazards.",0.41582096651410894,0.0,0.0,1,5
sciq_0181,What is the blood in the body pumped with?,science,"['The heart pumps blood throughout the body.', 'The heart pumps blood throughout the body.', 'The heart pumps blood throughout the body.', 'The heart pumps blood throughout the body.', 'The heart pumps blood throughout the body.']",The heart pumps blood throughout the body.,1.0,0.33333333333333337,0.0,0,5
sciq_0182,What do you call the basic units of the structure and function of living things?,science,"['Cells are the basic units of structure and function in living things.', 'The basic units of the structure and function of living things are called cells.', 'Cells are the basic units of the structure and function of living things.', 'Cells are the basic units of the structure and function of living things.', 'Cells are the basic units of the structure and function of living things.']",Cells are the basic units of the structure and function of living things.,0.9466403162055336,0.16666666666666669,0.0,0,5
sciq_0183,What is the measurement of something along it's greatest dimension called?,science,"['The measurement of something along its greatest dimension is called the length.', 'The measurement of something along its greatest dimension is called its length.', 'The measurement of something along its greatest dimension is called the length.', 'The measurement of something along its greatest dimension is called its length.', 'The measurement of something along its greatest dimension is called its length.']",The measurement of something along its greatest dimension is called its length.,0.9714285714285713,0.16666666666666669,0.0,0,5
sciq_0184,"The male gametophyte releases what, which swim - propelled by their flagella - to reach and fertilize the female gamete or egg?",science,"['Spermatozoa release from the male gametophyte swim towards the egg using cilia on their tails for locomotion.', 'Spermatozoa, released from mature male reproductive cells (sperm), swim towards and fertilize an egg using their flagella.', 'The male gametophyte releases sperm cells, which swim using flagella to find and fertilize the female gamete (egg).', 'The male gametophyte releases sperm, which swim towards and fertilize the female gamete or egg.', 'Sperm.']","The male gametophyte releases sperm cells, which swim using flagella to find and fertilize the female gamete (egg).",0.3377883105411241,0.11764705882352941,0.0,0,5
sciq_0185,What are the hormones that cause a plant to grow?,science,"['The hormones that cause a plant to grow include auxins, cytokinins, gibberellins, and ethylene.', 'The hormones auxins and gibberellins primarily cause plants to grow.', 'The hormones auxins and gibberellins are responsible for stimulating plant growth.', 'The primary hormones involved in plant growth include auxins (which regulate cell elongation), gibberellins (stimulate stem elongation), cytokinins (promote cell division), abscisic acid (controls dormancy and senescence), ethylene (a ripening hormone for fruits), and cyt', 'The hormones auxins, gibberellins, cytokinins, and ethylene stimulate growth in plants.']","The hormones that cause a plant to grow include auxins, cytokinins, gibberellins, and ethylene.",0.44042528802626724,0.15384615384615385,0.0,0,5
sciq_0186,Traits controlled by genes on the sex chromosomes are called what?,science,"['Traits controlled by genes on the sex chromosomes are called sex-linked traits.', 'Sex-linked traits are those controlled by genes located on the sex chromosomes.', 'Sex-linked traits.', 'Traits controlled by genes on the sex chromosomes are called sex-linked traits.', 'Traits controlled by genes on the sex chromosomes are called sex-linked traits.']",Traits controlled by genes on the sex chromosomes are called sex-linked traits.,0.7100000000000001,0.4,0.26666666666666666,0,5
sciq_0187,"In the u. s. , the majority of electricity is produced by burning coal or what else?",science,"['The majority of electricity in the U.S. is also produced by burning natural gas.', 'In the U.S., the majority of electricity is produced by burning coal or natural gas.', 'The majority of electricity in the U.S. is also produced by burning natural gas.', 'The majority of electricity in the U.S. is also produced by burning natural gas.', 'The majority of electricity in the U.S. is produced by burning coal, with natural gas being another significant source.']",The majority of electricity in the U.S. is also produced by burning natural gas.,0.8801747311827957,0.0,0.0,1,5
sciq_0188,What type of bombs put a much larger fraction of their output into thermal energy than do conventional bombs?,science,"['Hydrogen bombs put a much larger fraction of their output into thermal energy than do conventional bombs.', 'Hypervelocity bombs put a much larger fraction of their output into thermal energy than do conventional bombs.', 'Hypersonic missiles put a much larger fraction of their output into thermal energy than do conventional bombs.', 'Nuclear bombs put a much larger fraction of their output into thermal energy than do conventional bombs.', 'Tactical nuclear weapons typically produce more heat when detonated compared to conventional explosives.']",Nuclear bombs put a much larger fraction of their output into thermal energy than do conventional bombs.,0.5782327586206896,0.11764705882352941,0.1111111111111111,0,5
sciq_0189,The softer connective tissue that fills the interior of most bone is referred to as what?,science,"['Bone marrow is the softer connective tissue that fills the interior of most bones.', 'The softer connective tissue that fills the interior of most bones is called cartilage.', 'Cancellous tissue (also known as spongy bone) is the softer connective tissue filling the interior of most bones.', 'The softer connective tissue that fills the interior of most bones is called cartilage.', 'The softer connective tissue inside bones is called cartilage.']",The softer connective tissue that fills the interior of most bones is called cartilage.,0.6769047619047621,0.0,0.0,1,5
sciq_0190,"What leaves behind crescent-shaped scars on a hillside and  may be caused by a layer of slippery, wet clay underneath the rock and soil on a hillside?",science,"['The term you\'re looking for is ""scree."" Scree forms when rocks fall off slopes, leaving crescent-shaped depressions where they landed, often over layers of slippery, wet clay beneath the rock and soil.', 'Cinder cones typically leave crescent-shaped scars on hillsides when they form, often due to a layer of slippery, wet clay beneath the rock and soil that contributes to their unique appearance.', 'The term you\'re looking for is ""cinder cones"". Cinder cones form when lava cools rapidly after flowing from a volcano, leaving sharp, cone-shaped structures that can appear to have crescent-shaped scars on a hillside due to the way they grow upwards over time. They often develop on steep slopes where there\'s', ""Cobbles leave behind crescent-shaped scars on a hillside when they roll down from higher elevations, which can happen if there's a layer of slippery, wet clay beneath the rock and soil."", 'Canyons are formed when water erodes rocks and breaks them down into smaller pieces over time.']","Cinder cones typically leave crescent-shaped scars on hillsides when they form, often due to a layer of slippery, wet clay beneath the rock and soil that contributes to their unique appearance.",0.2792124889806836,0.0,0.0,1,5
sciq_0191,Do most waves strike the shore head on or at an angle?,science,"['Most waves typically strike the shore head-on.', 'Most waves strike the shore at an angle rather than head-on.', 'Most waves typically strike the shore head-on.', 'Most waves typically strike the shore at an angle rather than head-on due to their direction of travel.', 'Most waves typically strike the shore head-on.']",Most waves typically strike the shore head-on.,0.7608387799564269,0.0,0.4444444444444445,1,5
sciq_0192,"Two significant parts of the heat include the atrium and its counterpart, which is what?",science,"['The atrium and its counterpart both refer to the central open space or courtyard typically found at the heart of buildings.', 'The other significant part of the heat mentioned would be the courtyard.', 'The other significant part of the heat includes the courtyard and its counterpart, which is the garden.', 'The other significant part of the heat includes the basement.', 'The other significant part of the heat includes the courtyard.']",The other significant part of the heat includes the courtyard.,0.47883261959068407,0.0,0.0,1,5
sciq_0193,"In the microbiology lab, what technique refers to the procedures that are carried out under sterile conditions?",science,"['The technique is known as sterilization.', 'The technique referred to is sterilization.', 'The technique that refers to procedures carried out under sterile conditions is known as sterilization.', 'The technique that involves carrying out procedures under sterile conditions is called sterilization.', 'Aseptic techniques refer to the procedures performed in a microbiology laboratory to maintain sterility.']",The technique that refers to procedures carried out under sterile conditions is known as sterilization.,0.3300385012304517,0.0,0.0,1,5
sciq_0194,What structures located on chromosomes control characteristics of life and are passed from parents to offspring?,science,"['Genes, which are segments of DNA that carry instructions for making proteins.', 'Genes located on chromosomes contain the information that controls traits and are inherited by offspring from parents.', 'Genes.', 'Genes are the structures located on chromosomes that control traits and are inherited by offspring from their parents.', 'Genes are structures located on chromosomes that control characteristics of life and are passed from parents to offspring through DNA inheritance.']",Genes are the structures located on chromosomes that control traits and are inherited by offspring from their parents.,0.32103558384651587,0.1111111111111111,0.0,0,5
sciq_0195,What is essential for population of all species to expand greatly?,science,"['Food supply is essential for populations of all species to expand greatly.', 'Food supply is essential for population expansion among all species.', 'Food availability is essential for population expansion across all species.', 'Essential for population expansion is adequate resources such as food, water, space, and shelter.', 'Food availability is essential for populations of all species to expand greatly.']",Food availability is essential for population expansion across all species.,0.5695687645687646,0.0,0.0,1,5
sciq_0196,The left atrium receives oxygen-rich blood from which organs?,science,"['The left atrium receives oxygen-rich blood from the lungs.', 'The left atrium receives oxygen-rich blood from the lungs.', 'The left atrium receives oxygen-rich blood from the lungs.', 'The left atrium primarily receives oxygen-rich blood from the lungs.', 'The left atrium primarily receives oxygen-rich blood from the lungs via the pulmonary veins.']",The left atrium receives oxygen-rich blood from the lungs.,0.9080672268907565,0.2222222222222222,0.0,0,5
sciq_0197,What does the term decay in chemistry refer to with regards to atoms?,science,"['The term ""decay"" in chemistry refers to the process by which an atomic nucleus emits radiation over time, resulting in changes that can be observed at various levels of chemical composition.', 'Decay in chemistry refers to the process by which an atomic nucleus emits particles or energy, leading to changes in its mass number and resulting in a different element or stable isotope.', 'Decay in chemistry refers to the process by which atomic nuclei spontaneously emit particles or energy, leading to changes in atomic mass and/or configuration.', 'Decay in chemistry refers to the process by which an unstable atomic nucleus loses energy and transforms into a different element through radioactive emissions or nuclear fusion.', 'Decay in chemistry refers to the process by which an atom loses neutrons or protons over time, leading to changes in its atomic number and mass number.']","Decay in chemistry refers to the process by which an atomic nucleus emits particles or energy, leading to changes in its mass number and resulting in a different element or stable isotope.",0.5382029093051932,0.125,0.0625,0,5
sciq_0198,Where fossils of the genus eomaia found?,science,"['Fossils of the genus Eomaia were discovered in China.', ""Fossils of the genus Eomaia were discovered in northeastern China's Yunnan Province."", 'Eomaia scapularis fossils were discovered in northeastern China.', 'Fossils of the genus Eomaia were found in northeastern China.', 'Fossils of the genus Eomaia were found in China, specifically in the Zhucheng Basin, Shandong Province.']",Fossils of the genus Eomaia were discovered in China.,0.6943262406817393,0.2222222222222222,0.0,0,5
sciq_0199,A food web can be broken up into what further subdivision that usually has a few links in it?,science,"['Food webs often break down into trophic levels, which typically have only a few links connecting organisms at different stages of the food chain.', 'Food chains.', 'Food webs can be subdivided into trophic levels, which typically have a few links in them.', 'Food webs often break down into trophic levels with relatively short chains of organisms feeding on each other.', 'Food chains.']",Food chains.,0.3145531627884569,0.5,0.5,1,5
